firm_id,year,country,company,industry_code,ESG_Score,ESGC_Score,board_size,board_ind,female_board,sus_comp,pe_comp,marketcap,roa,debt,asset,mtb,gri,co,greenwashing,female_critical_mass,log_co2,leverage,firm_size,roa_raw,leverage_raw,mtb_raw
1,2023,MY,Focus Point Holdings Bhd,health_care,38.0124896345643,100.0,6.0,50.0,66.6666666666667,0.0,0.0,71463903.9455338,0.11099,22819172.1132898,61703050.1089325,2.77984829625675,1.0,1907.0,-61.9875103654357,1.0,7.553286605600419,0.3698224329754221,17.93784392215835,0.11099,0.3698224329754221,2.77984829625675
1,2024,MY,Focus Point Holdings Bhd,health_care,38.8637970360464,100.0,7.0,42.8571428571429,57.1428571428571,0.0,0.0,83238412.7137422,0.1174,28176589.0778872,66083482.5425246,2.75451590162052,1.0,2079.0,-61.1362029639536,1.0,7.639642287858013,0.4263786954592718,18.00642938770302,0.1174,0.4263786954592718,2.75451590162052
2,2022,TH,Gunkul Engineering PCL,utilities,73.6227588602467,100.0,16.0,62.5,25.0,0.0,0.0,1347393458.92806,0.0805,437505809.332563,934165318.376192,3.31272893385191,1.0,2055.0,-26.37724113975329,0.0,7.628031126930335,0.4683387412551936,20.65516398093317,0.0805,0.4683387412551936,3.31272893385191
2,2023,TH,Gunkul Engineering PCL,utilities,71.0862453739715,100.0,15.0,62.5,26.6666666666667,0.0,0.0,725951159.579685,0.0718,456674601.688501,956341653.0131,1.77135025480223,1.0,2531.0,-28.91375462602851,0.0,7.836369760545124,0.4775224421624616,20.67862578480027,0.0718,0.4775224421624616,1.77135025480223
2,2024,TH,Gunkul Engineering PCL,utilities,65.7601718136078,100.0,16.0,62.5,31.25,0.0,0.0,592862137.608899,0.0507,473264692.615295,954589088.528897,1.41808041844268,1.0,4581.0,-34.2398281863922,1.0,8.429672593886743,0.4957784436281752,20.67679153205894,0.0507,0.4957784436281752,1.41808041844268
5,2016,MY,Malaysia Marine and Heavy Engineering Holdings Bhd,energy,47.7260689546584,100.0,10.0,36.3636363636364,10.0,0.0,0.0,326457799.08574,0.0153,4459805.99843907,803327238.265136,0.57737426433093,1.0,50441.0,-52.2739310453416,0.0,10.82855961541762,0.005551667845933444,20.50427270853026,0.0153,0.005551667845933444,0.57737426433093
5,2018,MY,Malaysia Marine and Heavy Engineering Holdings Bhd,energy,53.0721968893288,100.0,10.0,36.3636363636364,30.0,0.0,0.0,211138014.527845,-0.03732,11707990.31477,770264648.910412,0.362266007109886,1.0,50850.0,-46.9278031106712,1.0,10.83663540147671,0.01519995800317682,20.46224471364438,-0.03732,0.01519995800317682,0.362266007109886
5,2019,MY,Malaysia Marine and Heavy Engineering Holdings Bhd,energy,50.5282790267049,100.0,10.0,40.0,30.0,0.0,0.0,340425531.914894,-0.0107,46337979.9461971,786983859.134263,0.58678024573952,1.0,32989.0,-49.4717209732951,1.0,10.40392945154738,0.05888047055650176,20.4837182968121,-0.0107,0.05888047055650176,0.58678024573952
5,2020,MY,Malaysia Marine and Heavy Engineering Holdings Bhd,energy,47.5225490096723,100.0,11.0,41.6666666666667,18.1818181818182,0.0,0.0,179104477.61194,-0.0304,63962189.0547264,782674378.109453,0.367156804002009,1.0,47510.0,-52.4774509903277,0.0,10.76869549418097,0.08172260501132901,20.47822730297601,-0.0304,0.08172260501132901,0.367156804002009
5,2021,MY,Malaysia Marine and Heavy Engineering Holdings Bhd,energy,55.7581869642647,100.0,9.0,53.8461538461538,11.1111111111111,0.0,0.0,151777137.367915,-0.08,88991354.4668588,814137127.761768,0.370358867194116,1.0,45703.0,-44.2418130357353,0.0,10.72991922024195,0.1093075741570889,20.51763937140254,-0.08,0.1093075741570889,0.370358867194116
5,2022,MY,Malaysia Marine and Heavy Engineering Holdings Bhd,energy,66.542507523247,100.0,10.0,45.4545454545455,10.0,0.0,0.0,216363636.363636,0.02009,77486818.1818182,763210000.0,0.538251169933018,1.0,30745.0,-33.457492476753,0.0,10.33348265838757,0.1015275195317386,20.45304378073788,0.02009,0.1015275195317386,0.538251169933018
5,2023,MY,Malaysia Marine and Heavy Engineering Holdings Bhd,energy,70.7697391192403,100.0,9.0,50.0,11.1111111111111,1.0,0.0,167320261.437909,-0.09124080000000001,81685185.1851852,795058823.529412,0.606380736041992,1.0,36570.0,-29.2302608807597,0.0,10.50698351114343,0.102741058608179,20.49392666174224,-0.13819,0.102741058608179,0.606380736041992
5,2024,MY,Malaysia Marine and Heavy Engineering Holdings Bhd,energy,73.6558090801274,100.0,8.0,50.0,12.5,1.0,0.0,137869292.748433,0.0337,60090420.7699194,790177260.519248,0.446533098178565,1.0,37810.0,-26.3441909198726,0.0,10.54032889688498,0.07604676035657149,20.48776785865994,0.0337,0.07604676035657149,0.446533098178565
6,2023,MY,Avaland Bhd,real_estate,47.0602764738058,100.0,9.0,40.0,33.3333333333333,0.0,0.0,77769910.7614379,0.04144,61784111.9825708,390186840.305011,0.381621415556272,0.0,1280.1,-52.9397235261942,1.0,7.154693478862064,0.158344940424628,19.78213626007204,0.04144,0.158344940424628,0.381621415556272
7,2019,ID,Tower Bersama Infrastructure Tbk PT,communication_services,17.6649106503563,100.0,4.0,50.0,0.0,0.0,0.0,2002019347.51078,0.0273,1654179106.62824,2224186599.42363,5.32808906176781,0.0,1956.0,-82.3350893496437,0.0,7.578656850594762,0.6637159521299296,21.52265711243366,0.0273,0.743723169205722,5.32808906176781
7,2020,ID,Tower Bersama Infrastructure Tbk PT,communication_services,25.2704941176018,100.0,4.0,50.0,0.0,0.0,0.0,2630406630.72293,0.03,1731755056.98006,2601232407.40741,4.04820955924108,1.0,2398.0,-74.7295058823982,0.0,7.78239033558746,0.6637159521299296,21.67925117251899,0.03,0.6657440727128497,4.04820955924108
7,2021,ID,Tower Bersama Infrastructure Tbk PT,communication_services,27.9442316355876,100.0,4.0,60.0,0.0,0.0,0.0,4685464308.64003,0.0395,2064913964.91228,2938276140.35088,6.88160424987391,1.0,2478.0,-72.0557683644124,0.0,7.815207062189088,0.6637159521299296,21.80108889950905,0.0395,0.7027637520364898,6.88160424987391
7,2022,ID,Tower Bersama Infrastructure Tbk PT,communication_services,26.4378493855167,100.0,4.0,50.0,0.0,0.0,0.0,3347966509.70125,0.0385,1888348345.64729,2757008994.53903,4.9748349908296,1.0,2542.0,-73.5621506144833,0.0,7.8407064517494,0.6637159521299296,21.73741223141983,0.0385,0.6849264363618881,4.9748349908296
7,2023,ID,Tower Bersama Infrastructure Tbk PT,communication_services,42.2490515519612,100.0,4.0,50.0,25.0,0.0,0.0,3075877157.52192,0.03463,1922792789.86684,3023512698.92822,4.03875587621629,1.0,4467.0,-57.7509484480388,0.0,8.404472321352118,0.6359466558709791,21.8296851377442,0.03463,0.6359466558709791,4.03875587621629
7,2024,ID,Tower Bersama Infrastructure Tbk PT,communication_services,47.1386758239191,100.0,4.0,50.0,25.0,0.0,0.0,2949764341.87849,0.0289,1987164574.26973,2940730018.64512,4.74574437175358,1.0,12506.0,-52.8613241760809,0.0,9.433963808127244,0.6637159521299296,21.80192369313586,0.0289,0.6757385280765333,4.74574437175358
8,2019,SG,Mapletree Industrial Trust,real_estate,51.5686052090034,100.0,14.0,71.4285714285714,7.14285714285714,1.0,0.0,4256135487.90716,0.0645,1026779458.31868,3649583538.51565,1.50231375865118,1.0,16960.0,-48.4313947909966,0.0,9.738612909345894,0.2813415414341466,22.01787889899421,0.0645,0.2813415414341466,1.50231375865118
8,2020,SG,Mapletree Industrial Trust,real_estate,51.7198254382135,100.0,11.0,58.8235294117647,18.1818181818182,1.0,0.0,5143097731.06577,0.02839,1689052506.32158,4753546779.71144,1.65395469281637,1.0,23902.4,-48.2801745617865,0.0,10.08173415128805,0.355324683777302,22.2821568668239,0.02839,0.355324683777302,1.65395469281637
8,2021,SG,Mapletree Industrial Trust,real_estate,50.8332873357857,100.0,11.0,54.5454545454545,18.1818181818182,1.0,0.0,5344305804.75167,0.05589,2169859019.78152,6259205048.71568,1.4466286455286,1.0,20790.9,-49.1667126642143,0.0,9.942270669958361,0.3466668694975492,22.55731902497158,0.05589,0.3466668694975492,1.4466286455286
8,2022,SG,Mapletree Industrial Trust,real_estate,61.0236258079705,100.0,11.0,58.3333333333333,18.1818181818182,1.0,0.0,4513011206.89655,0.04559999999999999,2165216443.7096,6423269201.86382,1.2797243212604,1.0,74044.1,-38.9763741920295,0.0,11.21241614062699,0.3370894751042547,22.58319304651314,0.04559999999999999,0.3370894751042547,1.2797243212604
8,2023,SG,Mapletree Industrial Trust,real_estate,56.7505831961795,100.0,11.0,50.0,18.1818181818182,1.0,1.0,5392569483.85263,0.03700000000000001,2281824785.05781,6421854432.25615,1.33072914803287,1.0,82777.2,-43.2494168038205,0.0,11.32390794013535,0.3553217858063704,22.58297276531481,0.03700000000000001,0.3553217858063704,1.33072914803287
8,2024,SG,Mapletree Industrial Trust,real_estate,61.8544440690216,100.0,11.0,58.3333333333333,27.2727272727273,1.0,1.0,4609836686.71989,0.04069,2434989196.03606,6557034498.1745,1.22489488965957,1.0,83355.2,-38.1455559309784,0.0,11.33086627375542,0.3713552516330315,22.60380427948819,0.04069,0.3713552516330315,1.22489488965957
9,2015,MY,PETRONAS Chemicals Group Bhd,materials,25.2574913011736,100.0,9.0,40.0,22.2222222222222,0.0,0.0,13395901165.5012,0.09383,59906759.9067599,7187179487.17949,2.3188645216479,0.0,5980000.0,-74.7425086988264,0.0,15.60393112592681,0.008335225245678328,22.69556464898751,0.09383,0.008335225245678328,2.3188645216479
9,2016,MY,PETRONAS Chemicals Group Bhd,materials,26.3964197946304,100.0,8.0,36.3636363636364,25.0,0.0,0.0,12303714572.4161,0.0934,45936001.7839224,7124094101.90657,2.04038187116338,0.0,5920000.0,-73.6035802053696,0.0,15.59384700686019,0.006447977964191809,22.68674841142563,0.0934,0.006447977964191809,2.04038187116338
9,2017,MY,PETRONAS Chemicals Group Bhd,materials,33.2460126582851,88.0952380952381,8.0,50.0,25.0,0.0,0.0,15051313550.9397,0.12811,33877349.1592483,8225024727.99209,2.18437159160237,0.0,6000000.0,-54.849225436953,0.0,15.60727002719233,0.004118814262521799,22.83044714003614,0.12811,0.004118814262521799,2.18437159160237
9,2018,MY,PETRONAS Chemicals Group Bhd,materials,38.0548293834516,100.0,8.0,50.0,25.0,0.0,0.0,17781177723.9709,0.14099,523002421.307506,9047215496.36804,2.48397581112163,0.0,7090000.0,-61.9451706165484,0.0,15.77419589850831,0.05780810919309513,22.92572286735572,0.14099,0.05780810919309513,2.48397581112163
9,2019,MY,PETRONAS Chemicals Group Bhd,materials,45.3248638687888,100.0,9.0,60.0,22.2222222222222,0.0,0.0,14209050623.6244,0.07379,630961115.187087,9504279775.00612,1.941028603882,1.0,7080000.0,-54.6751361312112,0.0,15.7727844656699,0.0663870519517278,22.97500803673929,0.07379,0.0663870519517278,1.941028603882
9,2020,MY,PETRONAS Chemicals Group Bhd,materials,47.3971253610301,100.0,8.0,54.5454545454545,25.0,1.0,0.0,14610248756.2189,0.04099999999999999,791044776.119403,9907711442.78607,1.92909409971753,1.0,7020000.0,-52.6028746389699,0.0,15.76427377600199,0.07984132165005398,23.01657922449036,0.04099999999999999,0.07984132165005398,1.92909409971753
9,2021,MY,PETRONAS Chemicals Group Bhd,materials,49.7707620654137,100.0,8.0,50.0,25.0,1.0,0.0,17137367915.4659,0.17,924591738.712776,11156099903.9385,2.04757395770566,1.0,7100000.0,-50.2292379345863,0.0,15.77560534201154,0.0828776854522755,23.13525226184711,0.17,0.0828776854522755,2.04757395770566
9,2022,MY,PETRONAS Chemicals Group Bhd,materials,64.0863685866199,100.0,8.0,50.0,25.0,1.0,0.0,15636363636.3636,0.1239,1029772727.27273,12597727272.7273,1.76058140129996,1.0,7000000.0,-35.9136314133801,0.0,15.76142070701959,0.08174273858921165,23.25678225945391,0.1239,0.08174273858921165,1.76058140129996
9,2023,MY,PETRONAS Chemicals Group Bhd,materials,67.3018635979473,100.0,9.0,41.6666666666667,33.3333333333333,0.0,0.0,12479302832.244,0.0293,1118082788.67102,13116775599.1285,1.41729555857974,1.0,7640000.0,-32.6981364020527,1.0,15.8489081611427,0.0852406736870079,23.29715782799631,0.0293,0.0852406736870079,1.41729555857974
9,2024,MY,PETRONAS Chemicals Group Bhd,materials,65.0452268907865,100.0,8.0,55.5555555555556,37.5,0.0,0.0,9256938227.39481,0.0195,1188898836.16831,13433303491.4951,1.07269756464455,1.0,7540000.0,-34.95477310921351,1.0,15.83573273998414,0.08850383205598132,23.32100279575168,0.0195,0.08850383205598132,1.07269756464455
10,2024,MY,HB Global Ltd,consumer_staples,29.9373087251519,100.0,6.0,57.1428571428571,16.6666666666667,0.0,0.0,14876783.3258729,0.35263,5233515.54258628,29486526.105243,0.686046224728714,0.0,3620.35,-70.0626912748481,0.0,8.19432598522899,0.1774883729574271,17.19944397477641,0.35263,0.1774883729574271,0.686046224728714
12,2023,MY,Berjaya Food Bhd,consumer_discretionary,69.0553883558593,100.0,6.0,50.0,33.3333333333333,0.0,0.0,257138446.143791,0.0746,149215005.359057,309998499.464094,2.17002594766529,1.0,24700.0,-30.94461164414071,1.0,10.11455852261607,0.4813410568664383,19.55207801499335,0.0746,0.4813410568664383,2.17002594766529
12,2024,MY,Berjaya Food Bhd,consumer_discretionary,75.9656601487689,100.0,8.0,44.4444444444444,37.5,0.0,0.0,151891818.259848,-0.0644,157439872.746554,300181336.161188,2.42890074219246,1.0,30810.0,-24.0343398512311,1.0,10.33559459159071,0.5244825503142331,19.51989730388244,-0.0644,0.5244825503142331,2.42890074219246
13,2019,SG,Hutchison Port Holdings Trust,industrials,26.6132753959443,100.0,9.0,55.5555555555556,33.3333333333333,0.0,0.0,1498309375.784,0.00563,3943959563.543,11894820539.1528,0.451505437344908,1.0,284806.0,-73.3867246040557,1.0,12.55956352571377,0.3315694886325629,23.19936889350495,0.00563,0.3315694886325629,0.451505437344908
13,2020,SG,Hutchison Port Holdings Trust,industrials,47.3453867394337,100.0,9.0,55.5555555555556,33.3333333333333,0.0,0.0,1724798002.356,0.00964,3802996917.04397,11695628265.16,0.514234672556272,1.0,270528.0,-52.6546132605663,1.0,12.50813088392646,0.3251639698888757,23.18248095637419,0.00964,0.3251639698888757,0.514234672556272
13,2021,SG,Hutchison Port Holdings Trust,industrials,49.8757365690008,100.0,9.0,60.0,33.3333333333333,0.0,0.0,1959997729.95,0.01899,3726129839.14415,11924847481.9775,0.563686774767824,1.0,289065.0,-50.1242634309992,1.0,12.57440685530013,0.3124677145578255,23.20189008386775,0.01899,0.3124677145578255,0.563686774767824
13,2024,SG,Hutchison Port Holdings Trust,industrials,60.0925020878552,100.0,9.0,66.6666666666667,33.3333333333333,0.0,0.0,1428620567.608,0.007800000000000001,3250841948.067,10524323802.4126,0.443269999025696,1.0,212178.0,-39.9074979121448,1.0,12.26518082400975,0.3088884387348265,23.07695496764929,0.007800000000000001,0.3088884387348265,0.443269999025696
15,2019,SG,Mapletree Pan Asia Commercial Trust,real_estate,24.490831101875,100.0,12.0,58.3333333333333,33.3333333333333,1.0,1.0,5878088890.15918,0.0327,2116088638.76187,6336315863.52445,1.04593013450268,1.0,28508.0,-75.509168898125,1.0,10.25794002862176,0.3339619874292121,22.56956334241363,0.0327,0.3339619874292121,1.04593013450268
15,2020,SG,Mapletree Pan Asia Commercial Trust,real_estate,27.7312268817036,100.0,12.0,57.1428571428571,33.3333333333333,1.0,1.0,5345735641.10834,0.0281,2253179384.20348,6656688978.13476,1.23145767851563,1.0,30580.0,-72.2687731182964,1.0,10.32810147948305,0.3384835000710568,22.61888804744824,0.0281,0.3384835000710568,1.23145767851563
15,2023,SG,Mapletree Pan Asia Commercial Trust,real_estate,34.2270816615305,100.0,13.0,63.1578947368421,30.7692307692308,1.0,1.0,6248292815.11637,0.0259,4929156537.20723,12349756151.7937,0.73012290041994,1.0,44241.0,-65.77291833846951,1.0,10.69740723991905,0.3991298675554262,23.23690215503143,0.0259,0.3991298675554262,0.73012290041994
15,2024,SG,Mapletree Pan Asia Commercial Trust,real_estate,50.9780635048644,100.0,13.0,76.9230769230769,30.7692307692308,1.0,1.0,4665472514.21037,0.02544,4468909917.29379,12027126890.6937,0.703169276965808,1.0,47615.0,-49.0219364951356,1.0,10.77090311662815,0.3715692000183123,23.21043050970512,0.02544,0.3715692000183123,0.703169276965808
16,2022,MY,Hibiscus Petroleum Bhd,energy,47.6900822695879,100.0,5.0,40.0,20.0,1.0,1.0,78301384.0909091,0.14779,126640490.240581,1251116205.17476,0.913897914048802,0.0,6490236.0,-52.3099177304121,0.0,15.6858094516555,0.1012220045722223,20.94730195394514,0.14779,0.1012220045722223,0.913897914048802
16,2023,MY,Hibiscus Petroleum Bhd,energy,50.098451143778,100.0,7.0,57.1428571428571,42.8571428571429,1.0,1.0,445450384.993464,0.06817000000000001,184933118.971061,1328730546.62379,0.647174045219293,0.0,7250027.0,-49.901548856222,1.0,15.79651575096185,0.1391803021620621,21.00748984715487,0.06817000000000001,0.1391803021620621,0.647174045219293
16,2024,MY,Hibiscus Petroleum Bhd,energy,48.6186163926875,100.0,7.0,57.1428571428571,28.5714285714286,1.0,1.0,337078250.42077,0.0728,158867444.326617,1400708165.42948,0.600149204209793,0.0,6767692.0,-51.3813836073125,0.0,15.72767067095843,0.1134193747474197,21.06024377812714,0.0728,0.1134193747474197,0.600149204209793
18,2022,MY,MSM Malaysia Holdings Bhd,consumer_staples,47.950775297516,100.0,9.0,60.0,22.2222222222222,0.0,0.0,135802954.545455,-0.0629,204840454.545455,639043863.636364,0.394477097495489,1.0,254234.1,-52.049224702484,0.0,12.44601077508214,0.320542088268945,20.27548365417427,-0.0629,0.320542088268945,0.394477097495489
19,2014,MY,Bumi Armada Bhd,energy,43.945810247513,100.0,9.0,40.0,11.1111111111111,0.0,0.0,1829537506.42632,0.0188,1771945350.50072,4135018597.99714,0.956476121354054,1.0,529800.0,-56.054189752487,0.0,13.18025485582011,0.4285217366033103,22.1427576631138,0.0188,0.4285217366033103,0.956476121354054
19,2015,MY,Bumi Armada Bhd,energy,31.6945037332534,100.0,7.0,36.3636363636364,28.5714285714286,0.0,0.0,1394777326.54545,0.01159,1871690909.09091,4212736363.63636,0.824475233614855,0.0,541000.0,-68.3054962667466,0.0,13.20117455782862,0.4442933873686079,22.16137824111282,0.01159,0.4442933873686079,0.824475233614855
19,2016,MY,Bumi Armada Bhd,energy,38.371830947834,100.0,8.0,50.0,25.0,0.0,0.0,791413302.06712,-0.007169999999999999,2909240272.04817,4925884491.02464,0.63524566307157,0.0,540900.0,-61.628169052166,0.0,13.20098969785952,0.5906026171236944,22.31776968753196,-0.007169999999999999,0.5906026171236944,0.63524566307157
19,2017,MY,Bumi Armada Bhd,energy,39.9142653203084,100.0,9.0,44.4444444444444,22.2222222222222,0.0,0.0,1109717123.67953,0.07078000000000001,2849453758.6548,4657518793.27399,0.816341180991714,0.0,497700.0,-60.0857346796916,0.0,13.11775276484665,0.61179651336453,22.26174869548802,0.07078000000000001,0.61179651336453,0.816341180991714
19,2018,MY,Bumi Armada Bhd,energy,56.1528458064545,100.0,7.0,50.0,28.5714285714286,1.0,0.0,220337849.714286,-0.00348,2514789104.11622,3762885230.02421,0.270571273841243,0.0,484700.0,-43.8471541935455,0.0,13.09128542183347,0.6637159521299296,22.04845184849764,-0.00348,0.6683140596610863,0.270571273841243
19,2019,MY,Bumi Armada Bhd,energy,60.9195237961858,100.0,7.0,37.5,28.5714285714286,0.0,0.0,761691884.157496,0.0277,2330777207.14111,3418724137.93103,0.96515355710305,0.0,596400.0,-39.0804762038142,0.0,13.29866686187272,0.6637159521299296,21.95253325933258,0.0277,0.6817681430569206,0.96515355710305
19,2020,MY,Bumi Armada Bhd,energy,70.9205402211762,100.0,6.0,42.8571428571429,33.3333333333333,1.0,0.0,512453600.845771,0.0377,2079309950.24876,3146161194.02985,0.654167418322093,0.0,66560.0,-29.0794597788238,1.0,11.10585907549509,0.6609038196118034,21.86944887804161,0.0377,0.6609038196118034,0.654167418322093
19,2021,MY,Bumi Armada Bhd,energy,72.2203625483331,100.0,6.0,50.0,33.3333333333333,1.0,0.0,666741361.594621,0.04639,1677152977.90586,2898762247.83862,0.700609716963682,0.0,49640.0,-27.7796374516669,1.0,10.81255223931854,0.5785755555345671,21.78754967173893,0.04639,0.5785755555345671,0.700609716963682
19,2022,MY,Bumi Armada Bhd,energy,72.1184643604974,100.0,8.0,62.5,25.0,1.0,0.0,645605142.981818,0.0616,1266268636.36364,2665004090.90909,0.551957092066729,1.0,18480.0,-27.8815356395026,0.0,9.824444345195674,0.4751469765780692,21.70347142961336,0.0616,0.4751469765780692,0.551957092066729
19,2023,MY,Bumi Armada Bhd,energy,72.0485191417719,100.0,8.0,55.5555555555556,25.0,1.0,0.0,638718908.666667,0.02902,969126361.655774,2421810893.24619,0.516892156995082,1.0,12630.0,-27.95148085822809,0.0,9.443830215344537,0.40016599328974,21.60778140027021,0.02902,0.40016599328974,0.516892156995082
19,2024,MY,Bumi Armada Bhd,energy,75.2274844115733,100.0,6.0,55.5555555555556,16.6666666666667,1.0,0.0,869014864.776186,0.05879,835165846.016115,2340446284.69114,0.634999084291683,1.0,2250.0,-24.7725155884267,0.0,7.718685495198466,0.3568404246142862,21.57360746808476,0.05879,0.3568404246142862,0.634999084291683
20,2021,MY,Inari Amertron Bhd,information_technology,49.7358887403181,100.0,12.0,33.3333333333333,8.33333333333333,0.0,1.0,3556521612.87224,0.18777,773975.903614458,438604337.349398,7.72649715056622,1.0,74905.0,-50.2641112596819,0.0,11.22397592295148,0.001764633492436028,19.89910828297668,0.18777,0.001764633492436028,7.72649715056622
20,2022,MY,Inari Amertron Bhd,information_technology,61.930209068465,100.0,10.0,33.3333333333333,10.0,1.0,1.0,2214233420.54318,0.16579,3418066.27326373,656953472.537449,3.9074083702727,1.0,79328.0,-38.069790931535,0.0,11.28134643483492,0.005202904644162432,20.30312375588553,0.16579,0.005202904644162432,3.9074083702727
20,2023,MY,Inari Amertron Bhd,information_technology,61.7734628834633,100.0,12.0,46.1538461538462,8.33333333333333,1.0,1.0,2457292716.77342,0.1104,3323472.66881029,635959699.892819,3.92996367107887,1.0,80600.0,-38.2265371165367,0.0,11.29725392849472,0.005225917097216079,20.27064575434835,0.1104,0.005225917097216079,3.92996367107887
20,2024,MY,Inari Amertron Bhd,information_technology,55.0200491940099,100.0,12.0,38.4615384615385,8.33333333333333,1.0,1.0,2594783569.59266,0.09210000000000002,3541675.50371156,753788759.278897,4.99850615709619,1.0,87369.0,-44.9799508059901,0.0,11.37789580765035,0.004698498697565696,20.44062272661249,0.09210000000000002,0.004698498697565696,4.99850615709619
22,2020,SG,Sheng Siong Group Ltd,consumer_staples,37.4836201131798,100.0,10.0,40.0,20.0,0.0,1.0,1764313990.46105,0.2264,57160269.5132107,523930653.342418,6.25817650849916,1.0,57797.0,-62.5163798868202,0.0,10.96469215019927,0.1090989220587811,20.0768698925779,0.2264,0.1090989220587811,6.25817650849916
22,2021,SG,Sheng Siong Group Ltd,consumer_staples,39.1276546241765,100.0,10.0,40.0,20.0,0.0,1.0,1627252794.66271,0.18559,60558932.5426242,547825796.886583,5.30994717057808,1.0,71155.0,-60.8723453758235,0.0,11.17261587511776,0.1105441417450478,20.12146790548181,0.18559,0.1105441417450478,5.30994717057808
22,2022,SG,Sheng Siong Group Ltd,consumer_staples,31.4644615152397,100.0,13.0,57.1428571428571,23.0769230769231,0.0,1.0,1851646551.72414,0.17492,71391252.4257352,585994178.235558,5.48558981173963,1.0,61100.0,-68.5355384847603,0.0,11.02026714515969,0.1218292861555313,20.18882041274033,0.17492,0.1218292861555313,5.48558981173963
22,2023,SG,Sheng Siong Group Ltd,consumer_staples,31.5844503760326,100.0,10.0,50.0,30.0,0.0,1.0,1823712531.27132,0.1655,76816010.916534,629363202.183307,4.87197448230469,1.0,68946.0,-68.4155496239674,1.0,11.14107886848569,0.1220535465849507,20.26021907597173,0.1655,0.1220535465849507,4.87197448230469
22,2024,SG,Sheng Siong Group Ltd,consumer_staples,32.2791189317709,100.0,9.0,50.0,33.3333333333333,0.0,1.0,1806182742.45532,0.1558,92013624.3773806,684984617.638441,4.60963667668057,1.0,74443.0,-67.72088106822909,1.0,11.21778901085762,0.1343294754480875,20.34490693997208,0.1558,0.1343294754480875,4.60963667668057
23,2021,MY,Sunway Bhd,industrials,66.3184004291843,100.0,10.0,60.0,30.0,1.0,1.0,2038090209.14505,0.0127,2122260566.76273,6024537704.13064,0.761244047933428,1.0,103825.0,-33.68159957081571,1.0,11.55046206849895,0.3522694472154488,22.51910658377439,0.0127,0.3522694472154488,0.761244047933428
23,2022,MY,Sunway Bhd,industrials,75.2142783545145,100.0,10.0,63.6363636363636,40.0,1.0,1.0,1816638359.89091,0.02649,2086312954.54545,5923073181.81818,0.685866553475856,1.0,127292.0,-24.78572164548549,1.0,11.7542389388944,0.3522348771495381,22.50212126969727,0.02649,0.3522348771495381,0.685866553475856
23,2023,MY,Sunway Bhd,industrials,74.8641427148226,100.0,10.0,72.7272727272727,40.0,1.0,1.0,2468709079.08933,0.027,2127605446.62309,6227410893.24619,0.873068025058786,1.0,293253.0,-25.13585728517739,1.0,12.58879099664242,0.3416516884939358,22.5522264964067,0.027,0.3416516884939358,0.873068025058786
23,2024,MY,Sunway Bhd,industrials,76.3901359528015,100.0,9.0,70.0,44.4444444444444,1.0,1.0,6671444695.56849,0.03839,2461972023.27663,7054126230.97583,2.04053049651408,1.0,340116.0,-23.6098640471985,1.0,12.73704201487547,0.3490116199602022,22.67687856354995,0.03839,0.3490116199602022,2.04053049651408
24,2019,PH,Puregold Price Club Inc,consumer_staples,31.9774965537488,100.0,9.0,33.3333333333333,33.3333333333333,0.0,0.0,2245417834.86644,0.07243000000000001,618308302.665351,2144813381.20434,1.83384943090548,0.0,206510.8,-68.02250344625119,1.0,12.23810799025775,0.2882806998892198,21.48631838377198,0.07243000000000001,0.2882806998892198,1.83384943090548
24,2022,PH,Puregold Price Club Inc,consumer_staples,33.5528187376963,100.0,9.0,33.3333333333333,33.3333333333333,0.0,0.0,1801376393.61111,0.0733,914056486.994791,2942294132.02802,1.21010887580639,0.0,82596.67,-66.4471812623037,1.0,11.32172464392643,0.3106611528211709,21.8024554310243,0.0733,0.3106611528211709,1.21010887580639
24,2023,PH,Puregold Price Club Inc,consumer_staples,52.1377430316607,100.0,9.0,45.4545454545455,22.2222222222222,0.0,0.0,1398781357.758,0.06014,962066257.167617,3100319968.71163,0.872291252186339,1.0,113709.8,-47.8622569683393,0.0,11.64140486775696,0.310311924858328,21.85477115882457,0.06014,0.310311924858328,0.872291252186339
24,2024,PH,Puregold Price Club Inc,consumer_staples,47.5570482285837,100.0,9.0,33.3333333333333,22.2222222222222,0.0,0.0,1534369092.74625,0.05799000000000001,1035673081.84104,3230265750.34438,0.916329316908178,1.0,114968.0,-52.4429517714163,0.0,11.65240910775408,0.3206154421600224,21.89583024644493,0.05799000000000001,0.3206154421600224,0.916329316908178
25,2014,TH,PTT Global Chemical PCL,materials,60.2810463563545,100.0,19.0,56.5217391304348,10.5263157894737,0.0,0.0,7034353645.24353,0.03592,3445116314.71125,11594022676.079,1.0212118412967,1.0,7390000.0,-39.7189536436455,0.0,15.81563829292439,0.2971459010356498,23.17375551570808,0.03592,0.2971459010356498,1.0212118412967
25,2015,TH,PTT Global Chemical PCL,materials,71.6709964186933,100.0,16.0,60.0,18.75,1.0,0.0,6248405095.62084,0.05242,2943357098.50083,10481534016.0189,0.964666401930898,1.0,7280000.0,-28.32900358130669,0.0,15.80064142017287,0.2808135807222975,23.07288088070177,0.05242,0.2808135807222975,0.964666401930898
25,2016,TH,PTT Global Chemical PCL,materials,72.1878583873517,100.0,15.0,55.5555555555556,20.0,0.0,0.0,7925711338.47656,0.06644,2714519130.77567,11537759434.9609,1.06308995403565,1.0,7020000.0,-27.8121416126483,0.0,15.76427377600199,0.2352726407650975,23.1688909227597,0.06644,0.2352726407650975,1.06308995403565
25,2017,TH,PTT Global Chemical PCL,materials,69.9959812835138,100.0,15.0,62.5,13.3333333333333,0.0,0.0,11774260366.9739,0.11894,3009259409.0937,13362947082.3349,1.39428964395309,1.0,5980000.0,-30.0040187164862,0.0,15.60393112592681,0.2251942921387289,23.31575157072364,0.11894,0.2251942921387289,1.39428964395309
25,2018,TH,PTT Global Chemical PCL,materials,75.3764022160851,100.0,15.0,60.0,13.3333333333333,0.0,0.0,9872633668.9075,0.08863,3001705603.55707,14514548324.9304,1.08514304414381,1.0,6380000.0,-24.6235977839149,0.0,15.66867865532097,0.2068066836362587,23.39841731612488,0.08863,0.2068066836362587,1.08514304414381
25,2019,TH,PTT Global Chemical PCL,materials,75.8255910774037,100.0,15.0,57.1428571428571,6.66666666666667,0.0,0.0,8583981284.86974,0.02529,3604651659.57661,15205456646.707,0.894703662658691,1.0,5876300.0,-24.1744089225963,0.0,15.58643787011219,0.2370630322606759,23.44492019029211,0.02529,0.2370630322606759,0.894703662658691
25,2020,TH,PTT Global Chemical PCL,materials,83.2992673878954,100.0,14.0,57.8947368421053,14.2857142857143,0.0,0.0,8809875529.20842,0.0004,5162564930.7257,16291033717.2104,0.933982254072573,1.0,5827500.0,-16.7007326121046,0.0,15.57809864989205,0.316896092681448,23.51388071471159,0.0004,0.316896092681448,0.933982254072573
25,2021,TH,PTT Global Chemical PCL,materials,78.6183611520286,100.0,15.0,55.5555555555556,13.3333333333333,0.0,0.0,7945257517.20906,0.0723,8286936505.20614,22494153995.9374,0.832369771731862,1.0,7760194.0,-21.3816388479714,0.0,15.86451789184691,0.368404008735017,23.83652128999432,0.0723,0.368404008735017,0.832369771731862
25,2022,TH,PTT Global Chemical PCL,materials,76.1303642947361,100.0,15.0,50.0,13.3333333333333,0.0,0.0,6155536572.6163,-0.0119,8721588488.06703,20802238853.395,0.73135293989473,1.0,8586182.0,-23.8696357052639,0.0,15.96566472483991,0.419262010667839,23.75832645504367,-0.0119,0.419262010667839,0.73135293989473
25,2023,TH,PTT Global Chemical PCL,materials,83.4052038094033,100.0,15.0,52.6315789473684,13.3333333333333,1.0,0.0,5066861967.44016,0.005600000000000001,8445500485.67686,20931732046.8705,0.600879151197568,1.0,8181397.0,-16.5947961905967,0.0,15.91737347639337,0.4034783393350168,23.76453212425034,0.005600000000000001,0.4034783393350168,0.600879151197568
25,2024,TH,PTT Global Chemical PCL,materials,76.7778742480509,35.8695652173913,15.0,66.6666666666667,0.0,1.0,0.0,3220606512.14286,-0.0437,7528637583.80035,18851257140.7764,0.449588908228403,1.0,7938494.0,40.90830903065961,0.0,15.88723414268913,0.3993705845492636,23.65984544043501,-0.0437,0.3993705845492636,0.449588908228403
26,2022,PH,Emperador Inc,consumer_staples,53.2586254458344,100.0,7.0,28.5714285714286,14.2857142857143,0.0,0.0,5809521639.83513,0.07200000000000001,438217450.386204,2536574890.62332,3.70939597387357,1.0,1003251.01,-46.7413745541656,0.0,13.81875629485679,0.1727595159938367,21.65408053971683,0.07200000000000001,0.1727595159938367,3.70939597387357
26,2023,PH,Emperador Inc,consumer_staples,51.2209047586845,100.0,7.0,28.5714285714286,14.2857142857143,0.0,0.0,5923763727.0221,0.06009,479860369.719073,2684863482.54134,3.49327568938243,1.0,201214.65,-48.7790952413155,0.0,12.21212752767825,0.1787280332275458,21.71089571912349,0.06009,0.1787280332275458,3.49327568938243
26,2024,PH,Emperador Inc,consumer_staples,56.1841351264401,100.0,7.0,37.5,0.0,0.0,0.0,4907796341.75381,0.04102,594220063.124182,2746871353.29568,2.85927951641202,1.0,185423.86,-43.8158648735599,0.0,12.13039961854757,0.2163261349721531,21.73372841125402,0.04102,0.2163261349721531,2.85927951641202
27,2020,SG,Bumitama Agri Ltd,consumer_staples,51.867646143065,100.0,6.0,57.1428571428571,16.6666666666667,0.0,0.0,639032936.9196,0.06314,427904131.054131,1298632478.63248,0.98180651023176,1.0,1627150.2,-48.132353856935,0.0,14.30234069908833,0.3295036417884249,20.98457760822373,0.06314,0.3295036417884249,0.98180651023176
27,2021,SG,Bumitama Agri Ltd,consumer_staples,45.2744826001871,100.0,6.0,50.0,16.6666666666667,0.0,0.0,662528271.684169,0.09585,290741473.684211,1241090245.61404,0.904368736060582,0.0,1428577.38,-54.7255173998129,0.0,14.17218966789433,0.2342629592905746,20.93925606060068,0.09585,0.2342629592905746,0.904368736060582
27,2022,SG,Bumitama Agri Ltd,consumer_staples,54.0874208841235,100.0,6.0,50.0,16.6666666666667,0.0,0.0,728844441.639445,0.15039,215578605.84645,1278391647.92804,0.895933908107262,1.0,1085588.0,-45.9125791158765,0.0,13.89763233364657,0.1686326770014887,20.9688685997322,0.15039,0.1686326770014887,0.895933908107262
27,2023,SG,Bumitama Agri Ltd,consumer_staples,52.9055335077897,100.0,7.0,57.1428571428571,14.2857142857143,0.0,0.0,785449255.113432,0.12518,169328223.449172,1249285677.16791,0.896680832416495,1.0,1070224.0,-47.0944664922103,0.0,13.88337853032271,0.135540034232229,20.94583776665044,0.12518,0.135540034232229,0.896680832416495
27,2024,SG,Bumitama Agri Ltd,consumer_staples,54.5228318061789,100.0,7.0,57.1428571428571,14.2857142857143,0.0,0.0,1126457928.1424,0.1138,198682846.488502,1303509944.06464,1.25792098525104,1.0,1244129.0,-45.4771681938211,0.0,14.03394624465422,0.1524214275412152,20.9883264200503,0.1138,0.1524214275412152,1.25792098525104
29,2021,PH,GT Capital Holdings Inc,industrials,30.2656339488679,100.0,12.0,33.3333333333333,8.33333333333333,1.0,0.0,2264209914.26942,0.0281,2814551872.91626,7801412041.57678,0.598681128823778,1.0,11124.0,-69.7343660511321,0.0,9.316860215353856,0.3607746723178331,22.77757058522921,0.0281,0.3607746723178331,0.598681128823778
29,2022,PH,GT Capital Holdings Inc,industrials,35.9367245764289,100.0,11.0,38.4615384615385,9.09090909090909,1.0,0.0,1666721347.02249,0.0436,2734632656.72714,7493371654.39195,0.463758470738727,1.0,39422.0,-64.0632754235711,0.0,10.58207931508687,0.3649402142124288,22.73728468731099,0.0436,0.3649402142124288,0.463758470738727
29,2023,PH,GT Capital Holdings Inc,industrials,41.1773969393369,100.0,11.0,41.6666666666667,9.09090909090909,1.0,0.0,2277425966.39746,0.0666,2499205604.10197,8073698273.99437,0.542597878063386,1.0,15071.0,-58.8226030606631,0.0,9.620527646419676,0.3095490467053975,22.81187748860139,0.0666,0.3095490467053975,0.542597878063386
29,2024,PH,GT Capital Holdings Inc,industrials,46.9985852910441,100.0,11.0,41.6666666666667,9.09090909090909,1.0,0.0,2436442217.91376,0.0625,2161202562.15993,8163234382.53323,0.53891885804466,1.0,34863.0,-53.0014147089559,0.0,10.45918137389098,0.2647483167681953,22.82290629779691,0.0625,0.2647483167681953,0.53891885804466
30,2020,TH,Asia Aviation PCL,industrials,15.6679543397409,100.0,9.0,33.3333333333333,0.0,0.0,0.0,422800427.835975,-0.0728,1286900927.79627,2262905204.02796,0.802318532419525,1.0,1949107.53,-84.3320456602591,0.0,14.4828821488508,0.5686941395095088,21.5399153132056,-0.0728,0.5686941395095088,0.802318532419525
30,2021,TH,Asia Aviation PCL,industrials,25.3967898505517,100.0,9.0,33.3333333333333,0.0,0.0,0.0,752596623.565087,-0.09124080000000001,1358395972.76557,2142892853.29522,1.39389114195889,1.0,697114.84,-74.6032101494483,0.0,13.45470543944185,0.6339075566362103,21.48542255372555,-0.0955,0.6339075566362103,1.39389114195889
30,2022,TH,Asia Aviation PCL,industrials,26.4976805601888,100.0,13.0,31.25,7.69230769230769,0.0,0.0,1075490155.49783,-0.09124080000000001,1264236867.95724,1868983646.34499,5.51087901464318,1.0,203818.2,-73.5023194398112,0.0,12.22498369902193,0.6637159521299296,21.34866061543238,-0.1182,0.6764301391451975,5.51087901464318
30,2023,TH,Asia Aviation PCL,industrials,39.9325616457127,100.0,12.0,30.7692307692308,8.33333333333333,0.0,1.0,746395212.902218,0.006999999999999999,1253622212.5182,1973620989.81077,3.0397617213861,1.0,663451.92,-60.0674383542873,0.0,13.40521166592377,0.6351889339393358,21.40313575841409,0.006999999999999999,0.6351889339393358,3.0397617213861
30,2024,TH,Asia Aviation PCL,industrials,38.1635498536082,100.0,12.0,33.3333333333333,8.33333333333333,1.0,1.0,1038231849.87471,0.0486,1313522008.1728,2200038645.6509,3.11666289818717,1.0,1433286.53,-61.8364501463918,0.0,14.17548063797417,0.5970449704460458,21.51174076336135,0.0486,0.5970449704460458,3.11666289818717
32,2023,MY,IHH Healthcare Bhd,health_care,74.1912180816392,55.1724137931034,11.0,41.6666666666667,18.1818181818182,0.0,1.0,11569969176.8824,0.02589,2189490849.6732,10935111111.1111,1.82460659882952,1.0,276883.0,19.0188042885358,0.0,12.53135031326931,0.2002257523884208,23.1152446520762,0.02589,0.2002257523884208,1.82460659882952
32,2024,MY,IHH Healthcare Bhd,health_care,81.105854675629,100.0,10.0,35.7142857142857,20.0,1.0,1.0,14399142922.9857,0.03149,3307967770.81468,12703446732.3187,2.13457049037492,1.0,290639.0,-18.894145324371,0.0,12.57983722620653,0.2603992318398844,23.26513918983522,0.03149,0.2603992318398844,2.13457049037492
34,2023,MY,IGB Real Estate Investment Trust,real_estate,38.1773069367913,100.0,11.0,54.5454545454545,27.2727272727273,0.0,0.0,1349633812.72331,0.09566000000000001,264624618.736383,1199334640.52288,1.53467249206877,0.0,48577.0,-61.8226930632087,0.0,10.79090544684117,0.2206428546256391,20.90503277373619,0.09566000000000001,0.2206428546256391,1.53467249206877
34,2024,MY,IGB Real Estate Investment Trust,real_estate,54.615442506725,100.0,7.0,50.0,42.8571428571429,1.0,0.0,1731631298.62131,0.1031,271884735.899731,1284976499.55237,1.81812520576589,0.0,52520.0,-45.384557493275,1.0,10.86894932841673,0.2115873216315192,20.97400626684027,0.1031,0.2115873216315192,1.81812520576589
35,2020,SG,Far East Hospitality Trust,real_estate,42.8567277527936,100.0,6.0,83.3333333333333,33.3333333333333,0.0,1.0,920636628.011204,0.018,748884094.178212,1954241047.77046,0.780690191335341,1.0,15189.0,-57.1432722472064,1.0,9.62832676063802,0.3832096838988176,21.3932677441513,0.018,0.3832096838988176,0.780690191335341
35,2021,SG,Far East Hospitality Trust,real_estate,40.7186062164402,100.0,7.0,85.7142857142857,42.8571428571429,0.0,1.0,863714077.094144,0.01574,702475166.790215,1975395107.48703,0.706840539143602,1.0,13699.0,-59.2813937835598,1.0,9.52507811645139,0.3556124869033712,21.40403426971509,0.01574,0.3556124869033712,0.706840539143602
35,2022,SG,Far East Hospitality Trust,real_estate,47.8629408626912,100.0,6.0,75.0,50.0,1.0,1.0,920135005.448574,0.0191,550691147.932527,1907070458.27735,0.684965143252426,1.0,14982.0,-52.1370591373088,1.0,9.614604759507829,0.2887628747759872,21.36883411006483,0.0191,0.2887628747759872,0.684965143252426
35,2023,SG,Far East Hospitality Trust,real_estate,51.3979884591978,100.0,6.0,57.1428571428571,50.0,1.0,1.0,1009590616.51126,0.02821,558526267.909939,1988063831.4002,0.713421444680748,1.0,14600.0,-48.6020115408022,1.0,9.588776807696428,0.2809398064027789,21.41042705301553,0.02821,0.2809398064027789,0.713421444680748
35,2024,SG,Far East Hospitality Trust,real_estate,54.663815797791,100.0,6.0,66.6666666666667,50.0,1.0,1.0,900196934.47114,0.025,524822004.101963,1894609581.01377,0.663649805081858,1.0,15302.0,-45.336184202209,1.0,9.635738817791797,0.2770079964554705,21.36227862840431,0.025,0.2770079964554705,0.663649805081858
36,2020,TH,VGI PCL,communication_services,61.9736378966878,100.0,9.0,33.3333333333333,22.2222222222222,0.0,1.0,2162156212.8941,0.0515,52727158.162612,671684456.882202,3.76277999895555,1.0,2556.6,-38.0263621033122,0.0,7.846433529733921,0.078499893249516,20.32529922999943,0.0515,0.078499893249516,3.76277999895555
36,2021,TH,VGI PCL,communication_services,72.3463035254256,100.0,9.0,33.3333333333333,22.2222222222222,1.0,1.0,1927061261.1872,-0.00389,259737740.384615,1225722385.81731,1.50744374816126,1.0,2777.38,-27.6536964745744,0.0,7.92926331626002,0.2119058470254031,20.9267962098448,-0.00389,0.2119058470254031,1.50744374816126
36,2022,TH,VGI PCL,communication_services,76.8404896158857,100.0,9.0,40.0,11.1111111111111,1.0,1.0,1423169024.282,-0.00174,12794145.1990632,984662324.355972,1.56009200214618,1.0,2468.25,-23.1595103841143,0.0,7.811264676491559,0.01299343427954485,20.70780932244815,-0.00174,0.01299343427954485,1.56009200214618
36,2023,TH,VGI PCL,communication_services,69.1911165682073,100.0,9.0,33.3333333333333,11.1111111111111,0.0,1.0,630631142.889084,-0.02232,12046605.0866098,780903393.48364,0.802771123021792,1.0,2091.71,-30.80888343179269,0.0,7.645737192248752,0.01542649857477176,20.47596200422935,-0.02232,0.01542649857477176,0.802771123021792
36,2024,TH,VGI PCL,communication_services,67.1740662697322,100.0,9.0,33.3333333333333,11.1111111111111,0.0,1.0,2084309133.48946,0.01473,11143947.6877761,1168373692.98969,1.71244680435206,1.0,2822.06,-32.82593373026781,0.0,7.945222393703391,0.009537999489923843,20.87887861280988,0.01473,0.009537999489923843,1.71244680435206
37,2024,TH,Fortune Parts Industry PCL,consumer_discretionary,57.2958388507489,100.0,12.0,41.6666666666667,25.0,0.0,0.0,86813192.9344262,0.11732,34410828.9550496,122488120.256859,1.22276841824361,1.0,8638.0,-42.7041611492511,0.0,9.063926353520646,0.2809319702424177,18.62352460575141,0.11732,0.2809319702424177,1.22276841824361
38,2014,MY,Astro Malaysia Holdings Bhd,communication_services,58.9835948237515,100.0,8.0,50.0,25.0,1.0,1.0,4509652947.63948,0.07509,965383852.300909,1854871038.85368,21.8934905343269,1.0,23731.0,-41.0164051762485,0.0,10.07453748929202,0.5204587446130602,21.34108100975553,0.07509,0.5204587446130602,21.8934905343269
38,2015,MY,Astro Malaysia Holdings Bhd,communication_services,56.9590531519517,100.0,8.0,50.0,25.0,0.0,1.0,3348681365.03496,0.09026999999999999,916887951.807229,1662884819.27711,24.1747962803891,1.0,27555.0,-43.0409468480483,0.0,10.22393928631734,0.5513839209896804,21.23181977395105,0.09026999999999999,0.5513839209896804,24.1747962803891
38,2016,MY,Astro Malaysia Holdings Bhd,communication_services,59.7070785546894,100.0,8.0,44.4444444444444,37.5,0.0,1.0,3020349586.35299,0.09474,769116305.32972,1415053748.87082,22.7294825822285,1.0,29801.0,-40.2929214453106,1.0,10.30229722897745,0.5435244462929107,21.07043335238792,0.09474,0.5435244462929107,22.7294825822285
38,2017,MY,Astro Malaysia Holdings Bhd,communication_services,55.6145721995303,100.0,10.0,45.4545454545455,30.0,0.0,1.0,3416615118.69436,0.1175,1016843697.90999,1756108988.33184,20.7409169022877,1.0,31267.0,-44.3854278004697,1.0,10.35031850725019,0.5790322267389043,21.28636639648151,0.1175,0.5790322267389043,20.7409169022877
38,2018,MY,Astro Malaysia Holdings Bhd,communication_services,59.5716314574414,100.0,8.0,38.4615384615385,25.0,0.0,1.0,1641309648.91041,0.07063,872171470.444553,1528958964.33806,14.9675846962417,1.0,25849.0,-40.4283685425586,0.0,10.16002719446877,0.5704348453996257,21.14785292529778,0.07063,0.5704348453996257,14.9675846962417
38,2019,MY,Astro Malaysia Holdings Bhd,communication_services,59.3699597587911,100.0,8.0,50.0,25.0,0.0,1.0,1619570435.0697,0.10519,859965567.765568,1513655189.25519,7.31173884644013,1.0,33407.0,-40.6300402412089,0.0,10.41652073784412,0.5681383540122656,21.13779321784292,0.10519,0.5681383540122656,7.31173884644013
38,2020,MY,Astro Malaysia Holdings Bhd,communication_services,53.6289277949062,100.0,8.0,40.0,25.0,0.0,1.0,1173912577.98508,0.09009,837862128.712871,1431985643.56436,4.11227252442407,1.0,27785.0,-46.3710722050938,0.0,10.23225158571402,0.5851051178329874,21.08232787999073,0.09009,0.5851051178329874,4.11227252442407
38,2021,MY,Astro Malaysia Holdings Bhd,communication_services,58.5376860173436,100.0,7.0,37.5,28.5714285714286,0.0,1.0,1189668915.70605,0.083,730555927.342256,1272655592.73423,4.41010377198917,1.0,27760.0,-41.4623139826564,0.0,10.23135141462074,0.57404055858718,20.96437157218273,0.083,0.57404055858718,4.41010377198917
38,2022,MY,Astro Malaysia Holdings Bhd,communication_services,62.3744635864794,100.0,8.0,33.3333333333333,37.5,0.0,1.0,770324853.409091,0.15269,846193291.109547,1337257565.095,2.99348623634836,1.0,24421.0,-37.6255364135206,1.0,10.10319869686722,0.6327825792104849,21.01388676056285,0.15269,0.6327825792104849,2.99348623634836
38,2023,MY,Astro Malaysia Holdings Bhd,communication_services,62.6374503916039,76.5957446808511,10.0,54.5454545454545,50.0,1.0,1.0,449131614.095861,0.02589,764355193.56886,1198219166.49037,1.69696885508125,1.0,23796.0,-13.9582942892472,1.0,10.0772727783078,0.6379093365762841,20.90410226355558,0.02589,0.6379093365762841,1.69696885508125
38,2024,MY,Astro Malaysia Holdings Bhd,communication_services,65.8708992803324,100.0,7.0,50.0,28.5714285714286,1.0,1.0,262820095.904208,0.0231,748877528.089888,1232167191.01124,0.932310452536158,1.0,22453.0,-34.1291007196676,0.0,10.0191795145322,0.6077726574388691,20.93204039984002,0.0231,0.6077726574388691,0.932310452536158
39,2020,TH,WHA Corporation PCL,real_estate,80.8246080086887,100.0,11.0,33.3333333333333,18.1818181818182,0.0,0.0,1517647876.55845,0.0347,1385681096.13848,2750369785.61918,1.57743738163102,1.0,20112.0,-19.1753919913113,0.0,9.909071930830029,0.503816288043801,21.73500120708283,0.0347,0.503816288043801,1.57743738163102
39,2021,TH,WHA Corporation PCL,real_estate,79.722410725402,100.0,12.0,46.1538461538462,25.0,0.0,0.0,1578070128.07678,0.03129,1167119029.67198,2490806303.37045,1.71970560988194,1.0,19316.0,-20.277589274598,0.0,9.868689046993433,0.4685707708755537,21.63587231162038,0.03129,0.4685707708755537,1.71970560988194
39,2022,TH,WHA Corporation PCL,real_estate,77.0492516453904,100.0,12.0,50.0,25.0,0.0,0.0,1762007670.91361,0.0479,1172259977.60763,2493560680.87258,1.9027712317419,1.0,19250.0,-22.9507483546096,0.0,9.86526633971593,0.4701148789358586,21.63697751827599,0.0479,0.4701148789358586,1.9027712317419
39,2023,TH,WHA Corporation PCL,real_estate,71.3994753458352,100.0,11.0,50.0,36.3636363636364,0.0,0.0,2312265726.75715,0.05014,1202008694.43959,2626636183.02766,2.36561423926381,1.0,17044.0,-28.6005246541648,1.0,9.743553514619803,0.4576228341810413,21.68896984663442,0.05014,0.4576228341810413,2.36561423926381
39,2024,TH,WHA Corporation PCL,real_estate,67.3141208886425,100.0,12.0,58.3333333333333,33.3333333333333,0.0,1.0,2406545396.20902,0.04549,1426643170.9282,2963839376.50321,2.36014956134658,1.0,18610.0,-32.68587911135749,1.0,9.831454349636296,0.4813496919699403,21.80975135144869,0.04549,0.4813496919699403,2.36014956134658
40,2021,ID,Adi Sarana Armada Tbk PT,industrials,36.3102716691981,100.0,3.0,50.0,66.6666666666667,0.0,0.0,827780711.147564,0.02546,251605375.496772,423294507.625965,7.7784940464321,1.0,11019.74,-63.6897283308019,1.0,9.30744348896215,0.5943979214563719,19.86357873027342,0.02546,0.5943979214563719,7.7784940464321
40,2022,ID,Adi Sarana Armada Tbk PT,industrials,32.9955232278808,100.0,3.0,33.3333333333333,66.6666666666667,0.0,0.0,177574958.817861,0.01549,260887265.250819,466973139.140572,1.70867125364244,1.0,18573.406,-67.0044767721192,1.0,9.829486051637218,0.5586772415453314,19.96178229607868,0.01549,0.5586772415453314,1.70867125364244
40,2023,ID,Adi Sarana Armada Tbk PT,industrials,33.0064380447226,100.0,4.0,50.0,75.0,0.0,0.0,189412058.358558,0.01421,256117392.75518,476505205.331082,1.56960638534901,1.0,19861.12,-66.9935619552774,1.0,9.896519330772382,0.5374912800317183,19.98198920509347,0.01421,0.5374912800317183,1.56960638534901
40,2024,ID,Adi Sarana Armada Tbk PT,industrials,25.2382313734203,100.0,4.0,50.0,75.0,0.0,0.0,157897389.133912,0.04383,254039687.730267,480059830.637974,1.30351942933436,1.0,18996.754,-74.7617686265797,1.0,9.85202340144814,0.5291833882302999,19.98942130126084,0.04383,0.5291833882302999,1.30351942933436
42,2019,TH,Energy Absolute PCL,utilities,36.6289832810906,100.0,11.0,54.5454545454545,0.0,0.0,0.0,11432403873.3075,0.094,1409534460.04704,2359532733.29973,6.98437829115281,1.0,30709.0,-63.3710167189094,0.0,10.33231105022153,0.5973786420313194,21.58172944201594,0.094,0.5973786420313194,6.98437829115281
42,2020,TH,Energy Absolute PCL,utilities,45.3710085192899,100.0,11.0,54.5454545454545,0.0,0.0,0.0,12869620360.2376,0.07,1493995141.47803,2612642079.29427,6.60522884691801,1.0,55083.0,-54.6289914807101,0.0,10.9165964175903,0.5718330701775995,21.68362783717742,0.07,0.5718330701775995,6.60522884691801
42,2021,TH,Energy Absolute PCL,utilities,42.1633468424379,100.0,11.0,58.3333333333333,0.0,0.0,0.0,22527704179.4947,0.07440000000000001,1353471679.92778,2572261514.65543,11.0174360988309,1.0,58270.0,-57.8366531575621,0.0,10.97284266013712,0.5261796563904528,21.66805131570174,0.07440000000000001,0.5261796563904528,11.0174360988309
42,2022,TH,Energy Absolute PCL,utilities,52.670796032276,100.0,11.0,54.5454545454545,0.0,0.0,0.0,21927111854.2335,0.0805,1521063118.17394,2986545603.32274,9.29405348266303,1.0,52885.0,-47.329203967724,0.0,10.87587502376215,0.5093051706565777,21.81738323984183,0.0805,0.5093051706565777,9.29405348266303
42,2023,TH,Energy Absolute PCL,utilities,45.7732078555051,100.0,11.0,54.5454545454545,0.0,0.0,0.0,10105020838.6504,0.0699,1874101389.75255,3325453725.00728,3.95813056836325,1.0,66831.0,-54.2267921444949,0.0,11.10992232373298,0.5635626127224029,21.9248719603934,0.0699,0.5635626127224029,3.95813056836325
42,2024,TH,Energy Absolute PCL,utilities,41.0984555238627,45.3703703703704,10.0,58.3333333333333,0.0,0.0,0.0,860938638.407494,0.0089,1737591916.90018,2808080606.04203,0.468634493670218,1.0,80607.0,-4.271914846507705,0.0,11.29734077335883,0.6187827775176667,21.75576702855339,0.0089,0.6187827775176667,0.468634493670218
43,2022,MY,Matri Concepts Holdings Bhd,real_estate,64.6193369812567,100.0,9.0,63.6363636363636,33.3333333333333,0.0,0.0,940643766.395455,0.08009000000000001,55239002.2675737,596337188.208617,1.35846948663441,1.0,4550.54,-35.38066301874331,1.0,8.423001186221606,0.09263048382662563,20.20631681708016,0.08009000000000001,0.09263048382662563,1.35846948663441
43,2023,MY,Matri Concepts Holdings Bhd,real_estate,67.8213691264818,100.0,9.0,55.5555555555556,33.3333333333333,0.0,0.0,1012120396.64456,0.0917,31848808.8935945,573049444.150344,1.05431393751016,1.0,4534.39,-32.1786308735182,1.0,8.419445844130486,0.05557776771045731,20.16648256092195,0.0917,0.05557776771045731,1.05431393751016
43,2024,MY,Matri Concepts Holdings Bhd,real_estate,64.9997510190383,100.0,9.0,50.0,22.2222222222222,0.0,0.0,1506070984.9401,0.0725,123156031.56708,731690868.094701,1.1471620663343,1.0,5674.78,-35.0002489809617,0.0,8.643787075078338,0.1683170269539843,20.410868671381,0.0725,0.1683170269539843,1.1471620663343
44,2022,TH,Chularat Hospital PCL,health_care,55.6197121111494,100.0,12.0,33.3333333333333,16.6666666666667,0.0,1.0,1169604160.64721,0.26678,25148502.0514302,297023509.419243,5.38071976272987,0.0,3998.13798,-44.3802878888506,0.0,8.29358402672094,0.08466838904638209,19.50932184992803,0.26678,0.08466838904638209,5.38071976272987
44,2023,TH,Chularat Hospital PCL,health_care,64.7886085971999,100.0,12.0,38.4615384615385,16.6666666666667,0.0,1.0,1008172796.26386,0.10179,21834666.4046579,298812856.273654,4.59029304720797,0.0,4469.65588,-35.2113914028001,0.0,8.405066700304124,0.07307137543192462,19.51532803664825,0.10179,0.07307137543192462,4.59029304720797
44,2024,TH,Chularat Hospital PCL,health_care,57.5223052670314,100.0,12.0,30.7692307692308,16.6666666666667,0.0,1.0,785714285.714286,0.09349,20605564.6818447,303168914.068885,3.47677654482955,1.0,5966.27,-42.4776947329686,0.0,8.693877220503886,0.06796727410239288,19.5298006803183,0.09349,0.06796727410239288,3.47677654482955
45,2015,MY,IOI Properties Group Bhd,real_estate,46.8295028246101,100.0,7.0,57.1428571428571,0.0,0.0,0.0,1981914406.27849,0.03462,742049310.710498,4888520148.46235,0.519004012671511,0.0,40556.0,-53.1704971753899,0.0,10.61043901407247,0.1517942625119187,22.31015546650575,0.03462,0.1517942625119187,0.519004012671511
45,2017,MY,IOI Properties Group Bhd,real_estate,59.0584255163468,100.0,7.0,57.1428571428571,0.0,0.0,0.0,2518884506.36746,0.03263,2911793521.3237,7836807737.12421,0.664556995705664,1.0,81547.0,-40.9415744836532,0.0,11.3089348201254,0.3715535226837414,22.7820974120027,0.03263,0.3715535226837414,0.664556995705664
45,2018,MY,IOI Properties Group Bhd,real_estate,69.5337130659379,100.0,8.0,50.0,12.5,0.0,0.0,2053138953.38983,0.0236,2960145121.3472,8102783060.92125,0.4811593047252,1.0,99816.3,-30.4662869340621,0.0,11.51108677561652,0.3653244939536422,22.8154734273801,0.0236,0.3653244939536422,0.4811593047252
45,2019,MY,IOI Properties Group Bhd,real_estate,62.1161869561867,100.0,7.0,50.0,14.2857142857143,0.0,1.0,1669753060.65053,0.0202,2742894673.12349,7858649152.54237,0.40911221850747,1.0,100119.4,-37.8838130438133,0.0,11.51411875271912,0.3490287732512056,22.78488056507307,0.0202,0.3490287732512056,0.40911221850747
45,2020,MY,IOI Properties Group Bhd,real_estate,66.2694395626496,100.0,7.0,57.1428571428571,14.2857142857143,0.0,1.0,2123016251.55473,0.01389,2545227930.87342,7632843764.59598,0.287294189642565,1.0,75963.3,-33.73056043735041,0.0,11.23800560790041,0.3334573599788785,22.75572632113927,0.01389,0.3334573599788785,0.287294189642565
45,2021,MY,IOI Properties Group Bhd,real_estate,74.8970185075749,100.0,8.0,62.5,12.5,0.0,1.0,1454553293.10759,0.0199,2653609638.55422,8056121927.71084,0.315306577966701,1.0,72497.0,-25.1029814924251,0.0,11.19130046067627,0.329390451431294,22.80969812726686,0.0199,0.329390451431294,0.315306577966701
45,2022,MY,IOI Properties Group Bhd,real_estate,77.1153718595927,100.0,7.0,62.5,14.2857142857143,1.0,1.0,1326480476.70455,0.01879,3817475487.97095,8965358374.94326,0.269214758486593,1.0,72259.0,-22.8846281404073,0.0,11.18801216569084,0.4258028879961098,22.9166339181006,0.01879,0.4258028879961098,0.269214758486593
45,2023,MY,IOI Properties Group Bhd,real_estate,83.8510727862642,100.0,8.0,44.4444444444444,25.0,1.0,1.0,2099292898.96514,0.0339,3830159699.89282,9136985852.09003,0.264287783228197,1.0,61401.0,-16.1489272137358,0.0,11.02518140064756,0.419192911305285,22.93559639254209,0.0339,0.419192911305285,0.264287783228197
45,2024,MY,IOI Properties Group Bhd,real_estate,82.6505673790056,100.0,10.0,63.6363636363636,30.0,0.0,1.0,2760466794.98657,0.04650000000000001,4066050689.2895,9763322799.57582,0.504073882985708,1.0,112171.0,-17.34943262099441,1.0,11.6277797716392,0.4164617694977938,23.00189863020741,0.04650000000000001,0.4164617694977938,0.504073882985708
46,2021,TH,PTG Energy PCL,consumer_discretionary,60.0516263223267,100.0,10.0,40.0,20.0,0.0,0.0,756358728.254349,0.0233,890515659.765273,1335666562.53386,3.11508360009783,1.0,2096.0,-39.9483736776733,0.0,7.647786045440933,0.6637159521299296,21.01269630196914,0.0233,0.6667200368300736,3.11508360009783
46,2022,TH,PTG Energy PCL,consumer_discretionary,58.4063851777686,100.0,11.0,45.4545454545455,18.1818181818182,0.0,0.0,699653279.399018,0.02089,838154591.649812,1304099171.94452,2.97069079255291,1.0,2646.0,-41.5936148222314,0.0,7.880804344674901,0.6427077094145026,20.98877834966375,0.02089,0.6427077094145026,2.97069079255291
46,2023,TH,PTG Energy PCL,consumer_discretionary,60.9741566810528,100.0,11.0,50.0,18.1818181818182,0.0,0.0,426517805.020432,0.02051,774982708.064047,1366284193.36245,1.66423154446861,1.0,87577.0,-39.0258433189472,0.0,11.38027368537271,0.5672192592353723,21.03536062430558,0.02051,0.5672192592353723,1.66423154446861
46,2024,TH,PTG Energy PCL,consumer_discretionary,62.4232706521755,100.0,10.0,54.5454545454545,20.0,0.0,0.0,400878220.140515,0.02069,848134648.803269,1510578287.06947,1.51339833466414,1.0,89025.0,-37.5767293478245,0.0,11.39667250814598,0.5614635507893172,21.13575838602754,0.02069,0.5614635507893172,1.51339833466414
47,2022,MY,Velesto Energy Bhd,energy,75.0276946360158,100.0,9.0,58.3333333333333,33.3333333333333,1.0,0.0,280077272.727273,-0.0329,129138409.090909,702127727.272727,0.540105580792974,1.0,53189.0,-24.9723053639842,1.0,10.88160688703322,0.1839243830926903,20.36962589312156,-0.0329,0.1839243830926903,0.540105580792974
47,2023,MY,Velesto Energy Bhd,energy,72.8974152927244,100.0,9.0,54.5454545454545,44.4444444444444,0.0,1.0,411674945.533769,0.03209,79759694.9891068,677046840.958606,0.763344062877716,1.0,55388.0,-27.1025847072756,1.0,10.92211824277461,0.1178052834220125,20.33325101749138,0.03209,0.1178052834220125,0.763344062877716
47,2024,MY,Velesto Energy Bhd,energy,75.7994147626515,100.0,8.0,50.0,50.0,0.0,1.0,285009265.423008,0.0673,40768352.7305282,687401298.119964,0.495262882782884,1.0,63946.0,-24.20058523734851,1.0,11.06579425618443,0.0593079367787481,20.3484288108274,0.0673,0.0593079367787481,0.495262882782884
48,2023,MY,AirAsia  Bhd,industrials,31.2746862648598,65.8536585365854,6.0,75.0,16.6666666666667,0.0,0.0,182140771.592593,0.13041,329417211.328976,683567102.396514,7.19626864643856,1.0,960485.9,-34.5789722717256,0.0,13.77519458122875,0.4819091061785654,20.34283538399346,0.13041,0.4819091061785654,7.19626864643856
48,2024,MY,AirAsia  Bhd,industrials,39.9771221805974,100.0,6.0,66.6666666666667,16.6666666666667,0.0,1.0,200122114.145031,0.07178,316463518.35273,751724261.414503,2.7190500083626,1.0,1280836.6,-60.0228778194026,0.0,14.06302401614643,0.4209835103063556,20.43788014102197,0.07178,0.4209835103063556,2.7190500083626
49,2022,ID,Acset Indonusa Tbk PT,industrials,38.5132236857527,100.0,5.0,42.8571428571429,0.0,0.0,0.0,127850955.348538,0.00257,1424413.74879537,135626341.150016,3.09602840255835,0.0,3624.7,-61.4867763142473,0.0,8.195526805243402,0.01050248599731692,18.72541417087382,0.00257,0.01050248599731692,3.09602840255835
50,2023,TH,MC Group PCL,consumer_discretionary,44.0124342050242,100.0,9.0,54.5454545454545,33.3333333333333,0.0,0.0,305148861.646235,0.12338,27885656.4218883,152293487.439751,2.66200329364935,0.0,1651.0,-55.9875657949758,1.0,7.409136443920128,0.1831047203047351,18.84132005555747,0.12338,0.1831047203047351,2.66200329364935
50,2024,TH,MC Group PCL,consumer_discretionary,50.7586004147258,100.0,9.0,50.0,33.3333333333333,0.0,0.0,248079625.29274,0.13037,33684466.2404788,151496350.244831,2.24463420230035,0.0,4316.0,-49.2413995852742,1.0,8.370084326378025,0.222345067627318,18.83607209183031,0.13037,0.222345067627318,2.24463420230035
51,2020,TH,CK Power PCL,utilities,31.5196541254744,100.0,12.0,38.4615384615385,8.33333333333333,0.0,0.0,1210990212.80361,0.0072,1028614843.50866,2231639506.75766,1.52504478646204,0.0,731151.0,-68.4803458745256,0.0,13.50237528374749,0.4609233885642804,21.52600235711183,0.0072,0.4609233885642804,1.52504478646204
51,2021,TH,CK Power PCL,utilities,36.7738202585887,100.0,12.0,30.7692307692308,8.33333333333333,0.0,0.0,1219163576.63467,0.032,944149441.468552,2075755251.00813,1.63676062923168,0.0,717296.83,-63.2261797414113,0.0,13.48324502275442,0.4548462257339866,21.4535909007952,0.032,0.4548462257339866,1.63676062923168
51,2022,TH,CK Power PCL,utilities,46.0311029588945,100.0,12.0,33.3333333333333,8.33333333333333,0.0,0.0,1071077296.85756,0.03509,882260669.546374,2024151773.85149,1.39624192276353,1.0,721309.65,-53.9688970411055,0.0,13.4888237970242,0.4358668559065791,21.42841657264102,0.03509,0.4358668559065791,1.39624192276353
51,2023,TH,CK Power PCL,utilities,65.4648454765131,100.0,11.0,38.4615384615385,9.09090909090909,0.0,0.0,773548969.542907,0.02109,824923117.292576,2001900366.66667,0.972026927825022,1.0,717775.96,-34.5351545234869,0.0,13.48391276591162,0.4120700165843624,21.41736274970126,0.02109,0.4120700165843624,0.972026927825022
51,2024,TH,CK Power PCL,utilities,68.6588431682978,100.0,11.0,33.3333333333333,0.0,0.0,1.0,761534681.873536,0.01907,892890290.48453,2109304445.50496,0.927200102253443,1.0,721781.47,-31.34115683170219,0.0,13.48947769893001,0.4233102966180755,21.46962408340886,0.01907,0.4233102966180755,0.927200102253443
52,2022,MY,Lianson Fleet Group Berhad,energy,55.6103084100935,100.0,7.0,71.4285714285714,28.5714285714286,0.0,0.0,2335997.10227273,0.19879,65320137.5,171231356.590909,0.70420723826338,1.0,113483.0,-44.3896915899065,0.0,11.63940832494981,0.3814729895299327,18.95852616255778,0.19879,0.3814729895299327,0.70420723826338
52,2023,MY,Lianson Fleet Group Berhad,energy,56.9923116525493,100.0,8.0,62.5,25.0,0.0,0.0,69032228.8627451,0.0066,54324748.583878,158328217.211329,0.917525399129992,1.0,96450.0,-43.0076883474507,0.0,11.47678001833387,0.3431147621107102,18.88018076045925,0.0066,0.3431147621107102,0.917525399129992
52,2024,MY,Lianson Fleet Group Berhad,energy,60.0191530013986,77.4193548387097,8.0,55.5555555555556,25.0,0.0,0.0,140969066.139212,0.0633,36019114.1450313,156821937.33214,1.43167346966256,1.0,81975.0,-17.40020183731109,0.0,11.31416960171285,0.2296816042308217,18.87062156254956,0.0633,0.2296816042308217,1.43167346966256
53,2022,MY,Kare Bhd,consumer_staples,53.9303028650297,100.0,7.0,55.5555555555556,42.8571428571429,0.0,0.0,174778717.165909,-0.0091,28045392.6463913,156743758.511121,0.851454556972533,1.0,28253.0,-46.0696971349703,1.0,10.2489549256266,0.1789250998750389,18.87012291857367,-0.0091,0.1789250998750389,0.851454556972533
53,2024,MY,Kare Bhd,consumer_staples,47.0160569873438,100.0,8.0,50.0,25.0,0.0,0.0,218095614.128245,0.03284,29660021.2089077,150337221.633086,1.75607737386497,1.0,27389.0,-52.9839430126562,0.0,10.21789675191557,0.1972899384910554,18.828391472986,0.03284,0.1972899384910554,1.75607737386497
54,2022,PH,Robinsons Retail Holdings Inc,consumer_staples,37.8222686127473,100.0,9.0,40.0,11.1111111111111,0.0,0.0,1427617678.11828,0.0416,618513638.620442,2542233482.80941,1.09974880584649,0.0,369239.0,-62.1777313872527,0.0,12.81919940983479,0.2432953710990092,21.65630885553876,0.0416,0.2432953710990092,1.09974880584649
54,2023,PH,Robinsons Retail Holdings Inc,consumer_staples,50.5819086193725,100.0,9.0,54.5454545454545,11.1111111111111,0.0,0.0,1043434262.11454,0.0278,819920454.611107,2798853830.08955,0.767717134513134,1.0,391510.9,-49.4180913806275,0.0,12.87776863566016,0.2929486512644618,21.75247582392587,0.0278,0.2929486512644618,0.767717134513134
54,2024,PH,Robinsons Retail Holdings Inc,consumer_staples,53.5747678495503,100.0,9.0,40.0,11.1111111111111,0.0,0.0,885460471.092077,0.0632,797679528.273297,2926357521.85068,0.579103801464938,1.0,423180.0,-46.4252321504497,0.0,12.95555289943028,0.2725844406628861,21.7970243199989,0.0632,0.2725844406628861,0.579103801464938
55,2021,MY,7-Eleven Malaysia Holdings Bhd,consumer_staples,56.331658132224,100.0,9.0,36.3636363636364,22.2222222222222,0.0,0.0,452686029.178674,0.02069,311390730.067243,543405139.289145,18.7757551510302,1.0,164661.0,-43.668341867776,0.0,12.01164409395435,0.573036041717582,20.11336571256573,0.02069,0.573036041717582,18.7757551510302
55,2022,MY,7-Eleven Malaysia Holdings Bhd,consumer_staples,69.4679955631125,100.0,10.0,45.4545454545455,30.0,0.0,0.0,551215201.093182,0.02794,321250227.272727,608460681.818182,15.968796781479,1.0,181942.0,-30.5320044368875,1.0,12.11144323395057,0.5279720397261788,20.2264428533793,0.02794,0.5279720397261788,15.968796781479
55,2023,MY,7-Eleven Malaysia Holdings Bhd,consumer_staples,58.8316832377623,100.0,9.0,36.3636363636364,22.2222222222222,0.0,0.0,510551633.986928,0.1071,305374074.074074,551476034.858388,6.15658948724069,1.0,193994.0,-41.1683167622377,0.0,12.17558250973214,0.553739518622038,20.12810894124111,0.1071,0.553739518622038,6.15658948724069
55,2024,MY,7-Eleven Malaysia Holdings Bhd,consumer_staples,58.552537599483,84.0425531914894,8.0,33.3333333333333,25.0,0.0,0.0,524492390.331244,0.017,303769919.427037,549692479.856759,6.43935668355276,1.0,197002.0,-25.4900155920064,0.0,12.19096915995286,0.5526179283118346,20.12486955228754,0.017,0.5526179283118346,6.43935668355276
56,2014,MY,Westports Holdings Bhd,industrials,26.6898142252672,100.0,11.0,54.5454545454545,9.09090909090909,0.0,1.0,3278283261.80257,0.13806,329041487.839771,1100464091.55937,6.49437291517286,0.0,162032.0,-73.3101857747328,0.0,11.99554912557207,0.2990024757404992,20.81899782919297,0.13806,0.2990024757404992,6.49437291517286
56,2015,MY,Westports Holdings Bhd,industrials,48.63332711475,100.0,11.0,50.0,18.1818181818182,1.0,1.0,3274871794.87179,0.12821,268065268.065268,939290209.79021,7.40163561753966,0.0,173971.0,-51.36667288525,0.0,12.06664389763957,0.2853913149218709,20.66063505203191,0.12821,0.2853913149218709,7.40163561753966
56,2016,MY,Westports Holdings Bhd,industrials,44.4423815620999,100.0,12.0,50.0,16.6666666666667,0.0,1.0,3269706767.7556,0.15205,256438844.910246,969801984.613669,7.08725545875273,1.0,190671.0,-55.5576184379001,0.0,12.15830470870829,0.2644239225932304,20.69260246904885,0.15205,0.2644239225932304,7.08725545875273
56,2017,MY,Westports Holdings Bhd,industrials,54.1741764155744,100.0,12.0,53.8461538461538,25.0,0.0,1.0,3119930761.62216,0.13813,370919881.305638,1272538328.38773,5.39915535762504,1.0,169487.0,-45.8258235844256,0.0,12.04053150669615,0.2914803216776842,20.96427942647579,0.13813,0.2914803216776842,5.39915535762504
56,2018,MY,Westports Holdings Bhd,industrials,56.7986649582341,100.0,11.0,58.3333333333333,27.2727272727273,0.0,1.0,2988910411.62228,0.1049,363196125.90799,1231820823.24455,5.11128796241625,1.0,179966.0,-43.2013350417659,0.0,12.10052322314171,0.2948449312225059,20.93175925580282,0.1049,0.2948449312225059,5.11128796241625
56,2019,MY,Westports Holdings Bhd,industrials,60.9716291355022,100.0,11.0,54.5454545454545,27.2727272727273,0.0,1.0,3510907312.3013,0.11564,357365370.506236,1255125213.98875,5.60720541968797,1.0,192370.0,-39.0283708644978,0.0,12.16717587990023,0.2847248756723958,20.95050117665584,0.11564,0.2847248756723958,5.60720541968797
56,2020,MY,Westports Holdings Bhd,industrials,66.1960101838456,100.0,11.0,54.5454545454545,27.2727272727273,0.0,1.0,3647512437.81095,0.1261,339750995.024876,1308867661.69154,5.18290204339881,1.0,203747.0,-33.8039898161544,0.0,12.22463430706833,0.2595762772424161,20.99242821997919,0.1261,0.2595762772424161,5.18290204339881
56,2021,MY,Westports Holdings Bhd,industrials,72.9549027899272,100.0,11.0,54.5454545454545,27.2727272727273,0.0,1.0,3316642651.29683,0.1514,293073967.339097,1300504322.76657,4.41673822419012,1.0,233090.0,-27.0450972100728,0.0,12.35917992406072,0.2253540893394642,20.98601796677408,0.1514,0.2253540893394642,4.41673822419012
56,2022,MY,Westports Holdings Bhd,industrials,73.1654157729165,75.0,11.0,66.6666666666667,45.4545454545455,0.0,1.0,2945000000.0,0.1308,236437272.727273,1200383863.63636,3.95742183038242,1.0,177641.0,-1.834584227083496,1.0,12.08751993875295,0.196968053211767,20.90590722895126,0.1308,0.196968053211767,3.95742183038242
56,2023,MY,Westports Holdings Bhd,industrials,70.6341322931468,100.0,10.0,50.0,50.0,0.0,1.0,2711655773.42048,0.1468,199978431.372549,1163232679.73856,3.5358159563265,0.0,176193.0,-29.36586770685319,1.0,12.07933526411276,0.1719161048823824,20.87446875903471,0.1468,0.1719161048823824,3.5358159563265
56,2024,MY,Westports Holdings Bhd,industrials,72.4440963989336,100.0,10.0,60.0,50.0,0.0,1.0,3556535362.57833,0.13692,260470008.952551,1740823410.92211,4.1624559081853,1.0,180281.0,-27.5559036010664,1.0,12.1022720237162,0.1496246013916947,21.27762406290525,0.13692,0.1496246013916947,4.1624559081853
57,2019,MY,Bermaz Auto Bhd,consumer_discretionary,51.3657742058934,100.0,8.0,75.0,25.0,1.0,0.0,527412439.187909,0.09029,49349638.9471232,300113440.48451,3.08232821242166,1.0,3097.0,-48.6342257941066,0.0,8.038189179973203,0.164436617258634,19.51967109609384,0.09029,0.164436617258634,3.08232821242166
57,2020,MY,Bermaz Auto Bhd,consumer_discretionary,49.0311737550413,100.0,8.0,75.0,25.0,1.0,0.0,370589205.044925,0.1018,67139750.7940386,342477644.759345,2.78676529318992,1.0,3067.0,-50.9688262449587,0.0,8.028455164114252,0.196041265237084,19.65171694276069,0.1018,0.196041265237084,2.78676529318992
57,2021,MY,Bermaz Auto Bhd,consumer_discretionary,58.0478747818104,100.0,7.0,66.6666666666667,28.5714285714286,1.0,0.0,394360278.060785,0.1056,66139246.3235294,358461626.838235,3.01008718854555,1.0,2876.0,-41.9521252181896,0.0,7.964155718840937,0.1845085815932438,19.69733217416683,0.1056,0.1845085815932438,3.01008718854555
57,2022,MY,Bermaz Auto Bhd,consumer_discretionary,53.6910996740328,100.0,7.0,50.0,28.5714285714286,1.0,0.0,511010995.362818,0.1828,40776132.7949753,401095109.91476,3.31499368178438,1.0,3448.0,-46.3089003259672,0.0,8.145549631783584,0.1016620043152383,19.80970913898,0.1828,0.1016620043152383,3.31499368178438
57,2023,MY,Bermaz Auto Bhd,consumer_discretionary,53.9238306217737,100.0,7.0,57.1428571428571,28.5714285714286,1.0,0.0,564493576.251908,0.1924,32765408.8050314,395638784.067086,3.21917613293286,1.0,4351.0,-46.0761693782263,0.0,8.37816098272068,0.08281647331995534,19.79601219149959,0.1924,0.08281647331995534,3.21917613293286
57,2024,MY,Bermaz Auto Bhd,consumer_discretionary,59.254750015103,100.0,7.0,57.1428571428571,14.2857142857143,1.0,0.0,419758953.625783,0.08778999999999999,73490723.5621521,392163497.217069,1.89204762473018,1.0,4785.0,-40.745249984897,0.0,8.473241303887054,0.1873981746992474,19.7871893955365,0.08778999999999999,0.1873981746992474,1.89204762473018
58,2024,TH,Ichitan Group PCL,consumer_staples,51.9022266387271,100.0,12.0,33.3333333333333,25.0,0.0,0.0,559426229.508197,0.18289,1619145.97197898,206695683.041448,3.346084957857,1.0,40228.0,-48.0977733612729,0.0,10.60231854956437,0.007833477449329688,19.14675813929335,0.18289,0.007833477449329688,3.346084957857
59,2020,TH,Star Petroleum Refining PCL,energy,58.8695348269252,100.0,8.0,44.4444444444444,25.0,1.0,0.0,1165798667.54342,-0.09124080000000001,340778638.648469,1549303481.99068,1.32076657579126,1.0,1131049.0,-41.1304651730748,0.0,13.93865607865138,0.2199560270855436,21.16107130042458,-0.12199,0.2199560270855436,1.32076657579126
59,2021,TH,Star Petroleum Refining PCL,energy,58.0300061976158,100.0,8.0,40.0,25.0,1.0,0.0,1274500324.68506,0.09839,242365087.421005,1767255109.99097,1.23627996884316,1.0,1332403.0,-41.9699938023842,0.0,14.10249463687523,0.1371421058854618,21.29269339450414,0.09839,0.1371421058854618,1.23627996884316
59,2022,TH,Star Petroleum Refining PCL,energy,55.1703007026442,100.0,8.0,36.3636363636364,12.5,1.0,0.0,1340484043.26784,0.1258,281148518.087258,1828607782.75065,1.19859710730605,1.0,1265401.0,-44.8296992973558,0.0,14.05089962595856,0.1537500390949586,21.3268207398108,0.1258,0.1537500390949586,1.19859710730605
59,2023,TH,Star Petroleum Refining PCL,energy,56.5613605106875,30.5084745762712,7.0,50.0,14.2857142857143,1.0,0.0,1044109530.97636,-0.01908,413488224.570597,2199921596.12809,0.836452425634693,1.0,1320361.0,26.0528859344163,0.0,14.09341574202087,0.1879558913819226,21.51168755855203,-0.01908,0.1879558913819226,0.836452425634693
59,2024,TH,Star Petroleum Refining PCL,energy,59.5675144484444,35.9756097560976,9.0,40.0,22.2222222222222,1.0,0.0,831386385.209309,0.0333,275924086.018681,1997514670.02335,0.726326248692768,1.0,1195721.0,23.5919046923468,0.0,13.99425990868729,0.1381336969182086,21.41516957976965,0.0333,0.1381336969182086,0.726326248692768
60,2022,TH,Taokaenoi Food & Marketing PCL,consumer_staples,50.0094817941279,100.0,8.0,37.5,37.5,0.0,0.0,462525281.710488,0.13045,11731250.7367813,92784753.7994799,7.69086698519434,0.0,7533.59,-49.9905182058721,1.0,8.92712696680833,0.1264351119811567,18.34579289330531,0.13045,0.1264351119811567,7.69086698519434
60,2023,TH,Taokaenoi Food & Marketing PCL,consumer_staples,49.4348292853235,100.0,9.0,40.0,44.4444444444444,0.0,0.0,382661996.497373,0.23059,6479719.18486172,94148332.3435226,5.87775454437752,0.0,7774.47,-50.5651707146765,1.0,8.958600567521373,0.0688245773830483,18.36038210014925,0.23059,0.0688245773830483,5.87775454437752
60,2024,TH,Taokaenoi Food & Marketing PCL,consumer_staples,56.2008127537375,100.0,10.0,40.0,40.0,0.0,0.0,327224824.355972,0.2485,10417643.7536486,102025315.528313,4.74171029733708,0.0,8122.8,-43.7991872462625,1.0,9.002430201302563,0.1021084198534785,18.44073153190819,0.2485,0.1021084198534785,4.74171029733708
61,2020,TH,Mega Lifesciences PCL,health_care,37.4845945027237,100.0,10.0,40.0,10.0,1.0,0.0,1041059950.2672,0.12589,21553495.3395473,384714513.981358,4.47987621372026,0.0,6668.0,-62.5154054972763,0.0,8.805075243870684,0.05602464829437579,19.7680120950622,0.12589,0.05602464829437579,4.47987621372026
61,2022,TH,Mega Lifesciences PCL,health_care,57.1028581183804,100.0,10.0,45.4545454545455,10.0,0.0,0.0,1177691404.18954,0.16059,12160387.1713378,423185062.120774,4.64412583276298,1.0,7415.0,-42.8971418816196,0.0,8.911260254572033,0.02873538850921754,19.86332014043921,0.16059,0.02873538850921754,4.64412583276298
61,2023,TH,Mega Lifesciences PCL,health_care,60.3434523740573,100.0,10.0,40.0,10.0,1.0,0.0,1024306704.52423,0.13859,7331470.16011645,410912896.652111,3.77253671748568,1.0,6995.89,-39.6565476259427,0.0,8.853078112744441,0.01784190815097111,19.83389181971328,0.13859,0.01784190815097111,3.77253671748568
61,2024,TH,Mega Lifesciences PCL,health_care,52.0136170569043,100.0,11.0,45.4545454545455,18.1818181818182,1.0,0.0,848643476.02459,0.1421,14338674.8394629,414773321.65791,2.93513906140668,1.0,8561.46,-47.9863829430957,0.0,9.055026015339621,0.03456990623733732,19.84324271609387,0.1421,0.03456990623733732,2.93513906140668
62,2022,ID,Wijaya Karya Beton Tbk PT,materials,32.2245983087209,100.0,4.0,28.5714285714286,0.0,0.0,0.0,106948546.135561,0.0177,92519547.892708,606972611.902409,0.471774256537966,1.0,8606.81,-67.7754016912791,0.0,9.060309029350629,0.1524278790812782,20.22399422758145,0.0177,0.1524278790812782,0.471774256537966
63,2022,MY,Malakoff Corp Bhd,utilities,29.9668739950554,100.0,8.0,44.4444444444444,0.0,0.0,0.0,738636363.636364,0.01341,1991917727.27273,4996324772.72727,0.571207148332705,1.0,17863716.18,-70.03312600494459,0.0,16.69828218455684,0.3986765908704993,22.3319684336476,0.01341,0.3986765908704993,0.571207148332705
63,2023,MY,Malakoff Corp Bhd,utilities,35.3622747393856,100.0,9.0,55.5555555555556,11.1111111111111,1.0,0.0,691721132.897604,-0.0396,1921810457.51634,4422799564.27015,0.691179618218852,1.0,16906804.89,-64.6377252606144,0.0,16.64322675506206,0.4345235251088022,22.21003871811351,-0.0396,0.4345235251088022,0.691179618218852
63,2024,MY,Malakoff Corp Bhd,utilities,33.8413949112993,100.0,9.0,63.6363636363636,11.1111111111111,1.0,0.0,945613249.776186,0.0137,1743964861.23545,4255301477.17099,0.91653269369231,1.0,16556773.24,-66.15860508870071,0.0,16.62230583527814,0.4098334443732229,22.17143144891095,0.0137,0.4098334443732229,0.91653269369231
64,2021,TH,Namyong Terminal PCL,industrials,53.3407264355074,100.0,12.0,58.3333333333333,41.6666666666667,0.0,0.0,171829634.073185,0.0393,79848727.7159194,200273446.855251,1.76360828729065,1.0,320.0,-46.6592735644926,1.0,5.768320995793772,0.3986985242912937,19.11519422497485,0.0393,0.3986985242912937,1.76360828729065
64,2022,TH,Namyong Terminal PCL,industrials,58.4979603214431,100.0,11.0,58.3333333333333,45.4545454545455,0.0,0.0,124680728.113262,0.0374,79778916.5559087,196032460.502745,1.30874139388005,0.0,339.0,-41.5020396785569,1.0,5.82600010738045,0.4069678886410323,19.0937908182921,0.0374,0.4069678886410323,1.30874139388005
64,2023,TH,Namyong Terminal PCL,industrials,55.4063749817003,100.0,12.0,58.3333333333333,41.6666666666667,1.0,0.0,161424401.634559,0.0729,80476370.1310044,202417160.640466,1.56876040514116,0.0,374.0,-44.5936250182997,1.0,5.924255797414532,0.3975768155050192,19.12584127755653,0.0729,0.3975768155050192,1.56876040514116
65,2022,TH,SAPPE PCL,consumer_staples,32.7571784839953,100.0,9.0,50.0,22.2222222222222,1.0,0.0,394157520.658769,0.15533,2365460.41606472,131792166.599249,4.18740698923284,0.0,15849.0,-67.24282151600471,0.0,9.670861685832426,0.01794841436409165,18.69673674426982,0.15533,0.01794841436409165,4.18740698923284
65,2023,TH,SAPPE PCL,consumer_staples,30.899353342518,100.0,9.0,50.0,22.2222222222222,1.0,0.0,778371436.660829,0.2098,2043342.00873362,165363649.606987,6.98544981733924,0.0,17986.0,-69.100646657482,0.0,9.79734895647446,0.01235665766684484,18.92365754377025,0.2098,0.01235665766684484,6.98544981733924
65,2024,TH,SAPPE PCL,consumer_staples,40.3834734649229,100.0,9.0,44.4444444444444,22.2222222222222,1.0,1.0,611433992.096019,0.21589,1507659.51546994,172820783.304145,4.75525222319224,1.0,18540.0,-59.6165265350771,0.0,9.827685839119846,0.008723832207244599,18.96776568085276,0.21589,0.008723832207244599,4.75525222319224
66,2019,SG,Frasers Property Ltd,real_estate,50.5947922011268,100.0,11.0,54.5454545454545,9.09090909090909,0.0,1.0,3677749859.3127,0.01,12589303082.9353,27234717759.4442,0.690013264928104,1.0,175000.0,-49.4052077988732,0.0,12.07254125290565,0.4622520120873917,24.02775838457227,0.01,0.4622520120873917,0.690013264928104
66,2020,SG,Frasers Property Ltd,real_estate,58.8114086201695,100.0,11.0,54.5454545454545,9.09090909090909,0.0,1.0,2753570930.97131,0.004,14673491796.0738,28382742455.3179,0.448901964661817,1.0,58000.0,-41.1885913798305,0.0,10.96819828952856,0.5169863983078392,24.06904713738938,0.004,0.5169863983078392,0.448901964661817
66,2021,SG,Frasers Property Ltd,real_estate,62.6323177180658,100.0,11.0,54.5454545454545,9.09090909090909,1.0,1.0,3317781610.98591,0.0086,13417858090.1857,29661752873.5632,0.463653317410141,1.0,71000.0,-37.3676822819342,0.0,11.17043515602345,0.4523622776907669,24.1131242708163,0.0086,0.4523622776907669,0.463653317410141
66,2022,SG,Frasers Property Ltd,real_estate,61.1374940076504,69.4444444444444,12.0,58.3333333333333,8.33333333333333,1.0,1.0,2725196792.72279,0.00851,11660158210.2035,27993529411.7647,0.371889135544861,1.0,70004.0,-8.306950436793997,0.0,11.15630766225605,0.4165304788364108,24.05523922797867,0.00851,0.4165304788364108,0.371889135544861
66,2023,SG,Frasers Property Ltd,real_estate,61.0452997085397,100.0,10.0,37.5,10.0,1.0,1.0,2634028346.67955,0.00751,12638821418.1072,29139580281.2775,0.33130623482856,1.0,192000.0,-38.9547002914603,0.0,12.16525065100992,0.4337338182673751,24.0953632340846,0.00751,0.4337338182673751,0.33130623482856
66,2024,SG,Frasers Property Ltd,real_estate,56.2300274805389,100.0,10.0,60.0,10.0,1.0,1.0,2674493600.12452,0.00441,14108293897.8829,30850803237.858,0.356563974738796,1.0,203000.0,-43.7699725194611,0.0,12.22096125802392,0.4573071822185221,24.15242862384242,0.00441,0.4573071822185221,0.356563974738796
67,2020,SG,OUE Real Estate Investment Trust,real_estate,32.7351869522698,100.0,7.0,55.5555555555556,28.5714285714286,0.0,1.0,1580195281.29306,0.02692,2060654099.47763,5122566431.9782,0.657564714226557,1.0,25272.7,-67.2648130477302,0.0,10.13748004073713,0.40226986352266,22.35692140665662,0.02692,0.40226986352266,0.657564714226557
67,2022,SG,OUE Real Estate Investment Trust,real_estate,39.0366451693359,100.0,7.0,57.1428571428571,16.6666666666667,0.0,1.0,1366454455.17615,0.02298,1548543812.50933,4470148529.63129,0.565656468233895,1.0,24627.8,-60.9633548306641,0.0,10.11163116516006,0.3464188722688948,22.22068747312528,0.02298,0.3464188722688948,0.565656468233895
67,2023,SG,OUE Real Estate Investment Trust,real_estate,45.2576005641941,100.0,7.0,57.1428571428571,14.2857142857143,1.0,1.0,1185267112.39481,0.01868,1575267227.65522,4600645136.83572,0.472787669817999,1.0,27736.2,-54.7423994358059,0.0,10.23049369818397,0.3424013765031819,22.24946237774595,0.01868,0.3424013765031819,0.472787669817999
67,2024,SG,OUE Real Estate Investment Trust,real_estate,36.9790758833289,100.0,7.0,62.5,14.2857142857143,1.0,1.0,1146711591.34193,0.0142,1554608116.02696,4350938324.05508,0.491801132054989,1.0,31267.0,-63.0209241166711,0.0,10.35031850725019,0.3573041032165363,22.19365736546499,0.0142,0.3573041032165363,0.491801132054989
68,2020,TH,PCS Machine Group Holding PCL,consumer_discretionary,23.6587721370214,100.0,9.0,50.0,11.1111111111111,0.0,0.0,241432865.731463,0.11948,12310789.6804261,191011075.63249,1.52704442318182,1.0,28796.38,-76.3412278629786,0.0,10.26800496377938,0.06445065889326942,19.06784197193435,0.11948,0.06445065889326942,1.52704442318182
68,2021,TH,PCS Machine Group Holding PCL,consumer_discretionary,23.0785055698285,100.0,9.0,44.4444444444444,11.1111111111111,0.0,0.0,233278344.331134,0.06123,8655200.33102618,169617771.471562,1.68146080307482,0.0,27302.14,-76.92149443017149,0.0,10.21472036637924,0.05102767390430728,18.94905806045261,0.06123,0.05102767390430728,1.68146080307482
68,2022,TH,PCS Machine Group Holding PCL,consumer_discretionary,11.8779544801421,100.0,9.0,44.4444444444444,11.1111111111111,0.0,0.0,226921409.997111,0.0525,6852801.41577579,168354854.464028,1.61555490238351,0.0,25970.12,-88.1220455198579,0.0,10.16470192536233,0.04070450737872849,18.94158453870078,0.0525,0.04070450737872849,1.61555490238351
69,2020,SG,First Sponsor Group Ltd,real_estate,41.0436164968577,100.0,6.0,42.8571428571429,16.6666666666667,0.0,0.0,905728388.68953,0.03339,617953667.953668,2592611855.55303,0.715660301098587,1.0,7095.0,-58.9563835031423,0.0,8.867145589594143,0.2383517866857291,21.67593164296287,0.03339,0.2383517866857291,0.715660301098587
69,2022,SG,First Sponsor Group Ltd,real_estate,43.0628781056589,100.0,6.0,50.0,16.6666666666667,0.0,0.0,882908381.071802,0.0304,820213464.696223,3237881773.39901,0.653234093350974,1.0,6690.0,-56.9371218943411,0.0,8.808369153122275,0.2533179164955096,21.89818517930519,0.0304,0.2533179164955096,0.653234093350974
71,2022,MY,Econpile Holdings Bhd,industrials,36.0964945065964,100.0,6.0,50.0,33.3333333333333,0.0,0.0,54767046.4204545,-0.0193,25709940.9895597,151155242.850658,0.705617060252479,1.0,10421.0,-63.9035054934036,1.0,9.251578279992428,0.1700896409856006,18.83381796499677,-0.0193,0.1700896409856006,0.705617060252479
71,2023,MY,Econpile Holdings Bhd,industrials,35.8413244428561,100.0,7.0,50.0,42.8571428571429,0.0,0.0,94191178.1318083,-0.0237,24012433.0117899,141002572.347267,0.678942585515892,1.0,11816.0,-64.15867555714391,1.0,9.377209824211215,0.1702978365008199,18.76428869177367,-0.0237,0.1702978365008199,0.678942585515892
71,2024,MY,Econpile Holdings Bhd,industrials,40.1852929945907,100.0,7.0,50.0,42.8571428571429,0.0,0.0,147524062.58393,-0.0383,30804241.7815483,140304559.915164,1.78570937309652,1.0,10193.0,-59.8147070054093,1.0,9.229456489168413,0.2195526774053122,18.75932604572176,-0.0383,0.2195526774053122,1.78570937309652
73,2024,TH,Bangkok Airways PCL,industrials,46.3568158897089,100.0,10.0,36.3636363636364,20.0,0.0,0.0,1377049180.32787,0.0666,389783751.517805,1632124242.17747,2.95272418095663,0.0,293222.0,-53.6431841102911,0.0,12.58868528028613,0.2388199019688488,21.21314821937589,0.0666,0.2388199019688488,2.95272418095663
74,2020,TH,Eastern Polymer Group PCL,materials,27.694076047568,100.0,9.0,50.0,0.0,0.0,0.0,663994655.978624,0.08889,83555737.8361076,493110562.548015,2.59182024945104,1.0,34913.0,-72.305923952432,0.0,10.46061453166896,0.1694462544147422,20.01624397166665,0.08889,0.1694462544147422,2.59182024945104
74,2021,TH,Eastern Polymer Group PCL,materials,44.9758767723799,100.0,9.0,44.4444444444444,0.0,0.0,0.0,940611877.624475,0.1008,84247219.8016827,488825506.340144,2.25701636500982,1.0,33642.0,-55.0241232276201,0.0,10.42353056535173,0.1723462027021564,20.00751614600719,0.1008,0.1723462027021564,2.25701636500982
74,2022,TH,Eastern Polymer Group PCL,materials,47.3020890634682,100.0,9.0,44.4444444444444,0.0,0.0,0.0,800924588.269286,0.06179,135464530.005855,542835073.214286,1.90979001408967,1.0,52045.0,-52.6979109365318,0.0,10.85986400794957,0.2495500690545467,20.11231609919176,0.06179,0.2495500690545467,1.90979001408967
74,2023,TH,Eastern Polymer Group PCL,materials,58.9077271925865,100.0,8.0,44.4444444444444,0.0,0.0,1.0,678342089.900759,0.06192,131792968.600495,544423164.531207,1.553540255854,1.0,43525.0,-41.0922728074135,0.0,10.68109076463639,0.2420781795976289,20.11523737840799,0.06192,0.2420781795976289,1.553540255854
74,2024,TH,Eastern Polymer Group PCL,materials,56.6835185786864,100.0,10.0,50.0,10.0,0.0,1.0,326229508.196721,0.04011,147495261.443299,585767320.589102,0.643197300959589,1.0,41627.0,-43.3164814213136,0.0,10.63650427417652,0.2517983783987199,20.18843320484944,0.04011,0.2517983783987199,0.643197300959589
75,2021,TH,Carabao Group PCL,consumer_staples,32.4290779461378,100.0,13.0,50.0,30.7692307692308,0.0,0.0,3584283143.37133,0.1589,209258356.123984,577359243.605176,11.7050307500958,1.0,59584.39,-67.5709220538622,1.0,10.99514890599663,0.3624404708883196,20.17397523663525,0.1589,0.3624404708883196,11.7050307500958
75,2022,TH,Carabao Group PCL,consumer_staples,30.1951642118077,100.0,13.0,46.1538461538462,30.7692307692308,0.0,0.0,2795434845.4204,0.1166,210334449.927767,578992405.54753,9.0568178041125,1.0,127107.97,-69.80483578819229,1.0,11.75279216174186,0.3632766991630263,20.17679991895303,0.1166,0.3632766991630263,9.0568178041125
75,2023,TH,Carabao Group PCL,consumer_staples,26.8620160399595,100.0,12.0,46.1538461538462,33.3333333333333,0.0,0.0,2408056042.03152,0.09720000000000001,170075818.951965,568952014.148472,7.17966440042651,1.0,119880.0,-73.1379839600405,1.0,11.6942465214306,0.2989282307164529,20.1593066548761,0.09720000000000001,0.2989282307164529,7.17966440042651
75,2024,TH,Carabao Group PCL,consumer_staples,33.49337135835,100.0,13.0,50.0,30.7692307692308,1.0,0.0,2298009367.6815,0.1499,90244712.4635143,536431830.618797,5.94279853177032,1.0,107578.0,-66.50662864165,1.0,11.58597144483829,0.1682314644889979,20.10045004880953,0.1499,0.1682314644889979,5.94279853177032
76,2020,SG,Keppel DC REIT,real_estate,46.2748563778016,100.0,7.0,77.7777777777778,14.2857142857143,1.0,0.0,3556550886.60877,0.05339000000000001,899326216.973276,2536019380.72526,2.35985023310441,1.0,74449.0,-53.7251436221984,0.0,11.2178696061885,0.3546211924910777,21.65386151573401,0.05339000000000001,0.3546211924910777,2.35985023310441
76,2021,SG,Keppel DC REIT,real_estate,51.1002218873355,100.0,7.0,71.4285714285714,14.2857142857143,1.0,1.0,3215533268.01673,0.0491,963135656.041512,2802186805.04077,1.84774314798776,1.0,69735.0,-48.8997781126645,0.0,11.1524576227928,0.3437085829927384,21.75366595110464,0.0491,0.3437085829927384,1.84774314798776
76,2022,SG,Keppel DC REIT,real_estate,56.3186465997632,100.0,7.0,71.4285714285714,14.2857142857143,1.0,1.0,2324316102.9371,0.04325999999999999,1101009852.21675,3065877742.94671,1.26009699526731,1.0,70881.0,-43.6813534002368,0.0,11.16875769353159,0.3591173375225769,21.84359974150208,0.04325999999999999,0.3591173375225769,1.26009699526731
76,2023,SG,Keppel DC REIT,real_estate,60.8111467869885,100.0,8.0,75.0,25.0,1.0,1.0,2605076558.02813,0.02922,1122535061.78455,3037336820.55947,1.45254468531649,1.0,69245.0,-39.1888532130115,0.0,11.14540621927682,0.3695787224473122,21.83424692254351,0.02922,0.3695787224473122,1.45254468531649
76,2024,SG,Keppel DC REIT,real_estate,47.8759231825425,100.0,7.0,80.0,28.5714285714286,1.0,1.0,3527530244.0375,0.0362,1256569000.87899,4060381629.06534,1.42816175521113,1.0,64328.0,-52.1240768174575,0.0,11.07175027422799,0.3094706645021049,22.12454280344932,0.0362,0.3094706645021049,1.42816175521113
77,2023,TH,Plan B Media PCL,communication_services,64.3202054420937,100.0,8.0,37.5,25.0,1.0,0.0,1108075076.65499,0.0576,139778815.924309,472918098.515284,4.37775601966702,1.0,22816.0,-35.67979455790631,0.0,10.03521732321402,0.2955666453940788,19.97443277821881,0.0576,0.2955666453940788,4.37775601966702
77,2024,TH,Plan B Media PCL,communication_services,54.1320113289621,100.0,9.0,33.3333333333333,22.2222222222222,1.0,0.0,891566539.964871,0.06379,123536336.077058,486811899.124343,3.13250574670343,1.0,37000.0,-45.8679886710379,0.0,10.51867319162636,0.2537660568676937,20.00338836233754,0.06379,0.2537660568676937,3.13250574670343
78,2020,TH,Banpu Power PCL,utilities,52.2078187968404,100.0,9.0,44.4444444444444,11.1111111111111,1.0,0.0,1538758439.21176,0.0753,196575432.756325,1649892743.00932,1.11948848309078,1.0,3820298.0,-47.7921812031596,0.0,15.1558389880113,0.1191443708018144,21.22397611850926,0.0753,0.1191443708018144,1.11948848309078
78,2021,TH,Banpu Power PCL,utilities,59.4805853966131,100.0,9.0,30.0,11.1111111111111,1.0,0.0,1572315094.18116,0.0503,661647065.904304,2252987210.35209,1.14869695117192,1.0,4017800.0,-40.5194146033869,0.0,15.20624504711019,0.2936754646738114,21.53552282166141,0.0503,0.2936754646738114,1.14869695117192
78,2022,TH,Banpu Power PCL,utilities,57.4053802446117,100.0,10.0,40.0,20.0,1.0,0.0,1444172201.09795,0.07519,613354521.814505,2244002947.12511,1.0309724667184,1.0,3642241.0,-42.5946197553883,0.0,15.10810970951312,0.2733305330994775,21.53152713794161,0.07519,0.2733305330994775,1.0309724667184
78,2023,TH,Banpu Power PCL,utilities,68.3222424862395,100.0,10.0,45.4545454545455,20.0,1.0,0.0,1289903959.4279,0.06025,1114826695.77875,2879268093.15866,0.880589296140059,1.0,3570856.0,-31.6777575137605,0.0,15.08831590092454,0.3871910012227258,21.78080196447676,0.06025,0.3871910012227258,0.880589296140059
78,2024,TH,Banpu Power PCL,utilities,68.2345345330077,100.0,10.0,50.0,20.0,1.0,0.0,963568570.257611,0.0353,1145600496.20549,2851216345.59253,0.663231984610271,1.0,5413943.0,-31.7654654669923,0.0,15.50448822084089,0.4017936057277391,21.77101152810611,0.0353,0.4017936057277391,0.663231984610271
80,2019,TH,Global Power Synergy PCL,utilities,66.7954358136694,100.0,14.0,33.3333333333333,21.4285714285714,0.0,0.0,8075878197.06914,0.02566,3565105365.6586,8468300262.26478,2.39651632712259,1.0,2393243.01,-33.2045641863306,0.0,14.68815991208982,0.4209942084298675,22.8595956480534,0.02566,0.4209942084298675,2.39651632712259
80,2020,TH,Global Power Synergy PCL,utilities,68.4348490992037,100.0,17.0,33.3333333333333,13.3333333333333,1.0,0.0,6945726146.16733,0.0295,3567516987.11718,8543818854.19441,2.02091577935395,1.0,11211434.18,-31.5651509007963,0.0,16.23244472442078,0.4175553166562961,22.8684739174173,0.0295,0.4175553166562961,2.02091577935395
80,2021,TH,Global Power Synergy PCL,utilities,63.1969712240756,100.0,16.0,38.8888888888889,12.5,1.0,0.0,7506028233.9907,0.0278,3378614986.51821,8149139728.79928,2.30998887349664,1.0,11198404.84,-36.8030287759244,0.0,16.23128190112192,0.4145977488369837,22.82117820387933,0.0278,0.4145977488369837,2.30998887349664
80,2022,TH,Global Power Synergy PCL,utilities,65.3841062985146,100.0,15.0,38.0952380952381,13.3333333333333,1.0,0.0,5947421086.13118,0.0032,3792974375.00722,8344700762.84311,1.96543808670485,1.0,11867651.38,-34.6158937014854,0.0,16.28932688517205,0.4545368950671541,22.84489253516002,0.0032,0.4545368950671541,1.96543808670485
80,2023,TH,Global Power Synergy PCL,utilities,57.3089920973854,100.0,15.0,42.8571428571429,13.3333333333333,1.0,0.0,3991735969.04553,0.013,3808140310.21834,8322838346.11354,1.28778970220107,1.0,12708653.11,-42.6910079026146,0.0,16.35779366666126,0.4575530788720175,22.84226918097141,0.013,0.4575530788720175,1.28778970220107
80,2024,TH,Global Power Synergy PCL,utilities,54.6408967371245,100.0,14.0,41.1764705882353,14.2857142857143,1.0,0.0,3157337479.14959,0.01429,3896478239.25861,8410275797.4606,1.00276175841831,1.0,8572645.72,-45.3591032628755,0.0,15.96408696171659,0.4632996982613951,22.85272010438412,0.01429,0.4632996982613951,1.00276175841831
81,2020,ID,Merdeka Copper Gold Tbk PT,materials,25.0921800776011,100.0,6.0,33.3333333333333,0.0,0.0,0.0,3981906360.85015,0.03849,269169467.0,929606638.0,7.08419763667111,1.0,140365.0,-74.9078199223989,0.0,11.8520014517472,0.2895520061895255,20.65027208474211,0.03849,0.2895520061895255,7.08419763667111
81,2021,ID,Merdeka Copper Gold Tbk PT,materials,28.6563217595126,100.0,7.0,42.8571428571429,0.0,0.0,0.0,6562371570.9566,0.0327,377804106.0,1278592659.0,8.27488252236994,1.0,97587.0,-71.3436782404874,0.0,11.4884995668084,0.2954843384565373,20.96902582484447,0.0327,0.2954843384565373,8.27488252236994
81,2022,ID,Merdeka Copper Gold Tbk PT,materials,28.4726026103715,100.0,6.0,42.8571428571429,0.0,0.0,0.0,6382056227.20977,0.0227,1411836122.0,3876665735.0,6.34374301094385,1.0,139682.0,-71.5273973896285,0.0,11.84712368941307,0.364188253130367,22.0782412744821,0.0227,0.364188253130367,6.34374301094385
81,2023,ID,Merdeka Copper Gold Tbk PT,materials,48.4920671444462,100.0,6.0,25.0,0.0,0.0,0.0,4228600005.30692,-0.004670000000000001,1582518296.0,4964258915.0,4.54969161163665,1.0,259141.0,-51.5079328555538,0.0,12.46512759409332,0.3187823848627767,22.32552986147006,-0.004670000000000001,0.3187823848627767,4.54969161163665
81,2024,ID,Merdeka Copper Gold Tbk PT,materials,44.5489213731674,100.0,5.0,33.3333333333333,0.0,0.0,1.0,2450332845.01953,-0.01093,1723996644.0,5237063884.0,2.65718701022964,1.0,4138907.0,-55.4510786268326,0.0,15.23594230128298,0.329191448144649,22.37902685075634,-0.01093,0.329191448144649,2.65718701022964
82,2021,TH,SCGJWD Logistics PCL,industrials,49.8725530076173,100.0,9.0,33.3333333333333,22.2222222222222,0.0,0.0,673065349.310138,0.05179,221978901.534758,379322274.270238,6.00362377446829,1.0,18249.0,-50.1274469923827,0.0,9.811865562988816,0.5851986993429631,19.75389672961256,0.05179,0.5851986993429631,6.00362377446829
82,2022,TH,SCGJWD Logistics PCL,industrials,40.5340817551188,100.0,11.0,33.3333333333333,27.2727272727273,0.0,0.0,613001988.280844,0.03933,216096488.789367,376808686.68015,6.80588877126422,1.0,18789.0,-59.4659182448812,0.0,9.841026871193522,0.5734912607595966,19.7472481542228,0.03933,0.5734912607595966,6.80588877126422
82,2023,TH,SCGJWD Logistics PCL,industrials,42.0755536786745,100.0,12.0,42.1052631578947,25.0,0.0,0.0,814060499.486281,0.0291,346570451.237263,1142371644.83261,1.24898852662574,1.0,44235.0,-57.9244463213255,0.0,10.69727160991749,0.3033780230846377,20.85637232854181,0.0291,0.3033780230846377,1.24898852662574
82,2024,TH,SCGJWD Logistics PCL,industrials,44.8169625573106,100.0,11.0,41.6666666666667,27.2727272727273,0.0,0.0,567269241.048009,0.02688,466542653.940455,1285352679.45126,0.847112583081342,1.0,42673.0,-55.1830374426894,0.0,10.66132168071789,0.3629685932888321,20.97429897635362,0.02688,0.3629685932888321,0.847112583081342
83,2022,TH,Thai Wah PCL,consumer_staples,53.0364913698929,100.0,15.0,37.5,20.0,0.0,0.0,132279365.385727,0.03859,51441704.7096215,252009575.267264,0.868721781596507,1.0,89127.0,-46.9635086301071,0.0,11.39781759785752,0.2041259926535171,19.34497764184614,0.03859,0.2041259926535171,0.868721781596507
84,2020,TH,Origin Property PCL,real_estate,58.2606273016103,100.0,12.0,28.5714285714286,16.6666666666667,1.0,0.0,618540798.936206,0.08089,553185148.801598,1121623400.69907,1.6282861809385,1.0,1111.0,-41.7393726983897,0.0,7.01301578963963,0.4932004347063518,20.83804293770302,0.08089,0.4932004347063518,1.6282861809385
84,2021,TH,Origin Property PCL,real_estate,53.9259934710516,100.0,14.0,28.5714285714286,15.3846153846154,0.0,0.0,831354100.746851,0.0925,468616039.000903,1065255579.8074,1.85560496949505,1.0,1842.0,-46.0740065289484,0.0,7.518607216815252,0.4399094901578733,20.78648058835677,0.0925,0.4399094901578733,1.85560496949505
84,2022,TH,Origin Property PCL,real_estate,50.4634160929892,100.0,13.0,30.7692307692308,15.3846153846154,0.0,0.0,857985601.886738,0.09042,660057279.659058,1389515901.04016,1.63768979094538,1.0,3877.0,-49.5365839070108,0.0,8.262816937670928,0.4750267911039767,21.05222125079504,0.09042,0.4750267911039767,1.63768979094538
84,2023,TH,Origin Property PCL,real_estate,47.554818102034,100.0,13.0,30.7692307692308,15.3846153846154,0.0,0.0,605292899.236719,0.048,1037594649.81077,1898993725.15284,1.08851613657266,1.0,5241.0,-52.445181897966,0.0,8.564267598802166,0.5463918264012482,21.36458996448086,0.048,0.5463918264012482,1.08851613657266
84,2024,TH,Origin Property PCL,real_estate,44.6053698507596,100.0,12.0,30.7692307692308,16.6666666666667,0.0,0.0,260068011.705504,0.01618,1053833027.40806,1891695414.91535,0.459548997365622,1.0,1668.0,-55.3946301492404,0.0,7.419380582918692,0.5570838831129784,21.36073930884237,0.01618,0.5570838831129784,0.459548997365622
85,2024,TH,Thaifoods Group PCL,consumer_staples,42.0547113559301,100.0,9.0,70.0,11.1111111111111,0.0,0.0,574958050.04918,0.0674,671641360.186807,1347029100.99241,1.19410347731954,1.0,107753.0,-57.9452886440699,0.0,11.58759684980578,0.4986093913576047,21.0211673384415,0.0674,0.4986093913576047,1.19410347731954
86,2020,PH,D.M. Wenceslao & Associates Inc,real_estate,45.4246700585099,100.0,7.0,37.5,0.0,0.0,0.0,537454543.107039,0.0665,32546280.2332847,684378702.395334,1.18909629982895,1.0,3561.4,-54.5753299414901,0.0,8.177909004967214,0.04755595128745578,20.34402198084723,0.0665,0.04755595128745578,1.18909629982895
86,2021,PH,D.M. Wenceslao & Associates Inc,real_estate,40.8971005092715,100.0,7.0,28.5714285714286,0.0,0.0,0.0,451538705.589331,0.05929,74845771.9552854,725308558.599726,0.974641267183409,0.0,3081.6,-59.1028994907285,0.0,8.033204221603807,0.1031916293663789,20.40210772034637,0.05929,0.1031916293663789,0.974641267183409
87,2019,TH,Bangkok Epressway and Metro PCL,industrials,17.7587057881739,100.0,17.0,33.3333333333333,17.6470588235294,0.0,0.0,5564679358.71743,0.0504,2228914912.13038,3753251679.53629,4.2961167646215,0.0,62889.0,-82.2412942118261,0.0,11.04912654663199,0.5938623632097488,22.04588841574511,0.0504,0.5938623632097488,4.2961167646215
87,2020,TH,Bangkok Epressway and Metro PCL,industrials,27.4215693179401,100.0,15.0,38.8888888888889,26.6666666666667,0.0,0.0,4237324649.2986,0.0182,2302748513.58189,3782149077.86285,3.33932161231831,0.0,63203.0,-72.5784306820599,0.0,11.05410704736279,0.6088465753663752,22.05355822413793,0.0182,0.6088465753663752,3.33932161231831
87,2021,TH,Bangkok Epressway and Metro PCL,industrials,27.1953850700469,100.0,14.0,37.5,28.5714285714286,0.0,0.0,3873972705.45891,0.0088,2147107929.25068,3463391496.71983,3.42619528345773,0.0,116341.0,-72.8046149299531,0.0,11.66428081292377,0.6199437549246745,21.96551414729649,0.0088,0.6199437549246745,3.42619528345773
87,2022,TH,Bangkok Epressway and Metro PCL,industrials,40.0695531636769,100.0,16.0,35.2941176470588,25.0,0.0,0.0,4328026581.91274,0.02129,2040234769.19965,3297549472.72465,4.01999992971381,0.0,127014.0,-59.9304468363231,0.0,11.75205259558563,0.6187124063111857,21.91644544554392,0.02129,0.6187124063111857,4.01999992971381
87,2023,TH,Bangkok Epressway and Metro PCL,industrials,38.7304804916342,100.0,17.0,33.3333333333333,35.2941176470588,0.0,0.0,3546869527.14536,0.0307,1991849432.72198,3274989039.79622,3.22642640988246,0.0,107080.0,-61.2695195083658,1.0,11.58133149763429,0.6082003354875103,21.90958035940092,0.0307,0.6082003354875103,3.22642640988246
87,2024,TH,Bangkok Epressway and Metro PCL,industrials,42.6594689356626,100.0,17.0,35.2941176470588,35.2941176470588,0.0,0.0,3176917447.30679,0.03069,2545458681.20257,3875441478.07939,2.90886238713654,0.0,114423.0,-57.3405310643374,1.0,11.64765738667125,0.6568177317604756,22.07792542308915,0.03069,0.6568177317604756,2.90886238713654
89,2024,MY,Mynews Holdings Bhd,consumer_discretionary,24.0868863608163,100.0,7.0,50.0,28.5714285714286,0.0,1.0,113359209.937332,0.01469,51957028.5714286,146629485.714286,1.90512248458193,1.0,3209.084,-75.9131136391837,0.0,8.073740817146195,0.354342295605327,18.80341945757677,0.01469,0.354342295605327,1.90512248458193
90,2022,MY,Pecca Group Bhd,consumer_discretionary,41.6254341699284,100.0,7.0,44.4444444444444,28.5714285714286,1.0,0.0,140301323.636364,0.1097,2100090.78529278,50936450.2950522,2.66302511664424,1.0,1663.2,-58.3745658300716,0.0,7.416498736543804,0.0412296258009321,17.74608934104852,0.1097,0.0412296258009321,2.66302511664424
91,2020,SG,Manulife US Real Estate Investment Trust,real_estate,55.5261436574985,100.0,7.0,62.5,14.2857142857143,1.0,0.0,1185787404.025,0.0457,852389000.0,2088059000.0,1.02409508002933,1.0,22055.3,-44.4738563425015,0.0,10.00130821480427,0.408220744720336,21.45950076327257,0.0457,0.408220744720336,1.02409508002933
91,2021,SG,Manulife US Real Estate Investment Trust,real_estate,57.2665495014376,100.0,7.0,62.5,28.5714285714286,1.0,0.0,1175283641.63,0.03109,972118000.0,2275628000.0,0.995134543956636,1.0,21951.0,-42.7334504985624,0.0,9.99656797555214,0.4271866930798883,21.54552189521225,0.03109,0.4271866930798883,0.995134543956636
91,2022,SG,Manulife US Real Estate Investment Trust,real_estate,58.7536359297053,100.0,6.0,66.6666666666667,33.3333333333333,1.0,0.0,532969626.3,0.0391,1030063000.0,2115850000.0,0.528784709834992,1.0,19673.0,-41.2463640702947,1.0,9.887002416276266,0.4868317697379304,21.47272245996095,0.0391,0.4868317697379304,0.528784709834992
91,2023,SG,Manulife US Real Estate Investment Trust,real_estate,59.4016116594511,100.0,6.0,57.1428571428571,33.3333333333333,1.0,1.0,142125233.68,0.04011,921227000.0,1588270000.0,0.241211760743303,1.0,21929.0,-40.5983883405489,1.0,9.995565240737037,0.5800191403224892,21.18591121050763,0.04011,0.5800191403224892,0.241211760743303
91,2024,SG,Manulife US Real Estate Investment Trust,real_estate,55.8367870365228,100.0,5.0,57.1428571428571,40.0,1.0,1.0,158114322.469,0.02719,746774000.0,1224664000.0,0.379270551189879,1.0,20696.0,-44.1632129634772,1.0,9.937695723865865,0.609778682152819,20.92593235760561,0.02719,0.609778682152819,0.379270551189879
92,2022,ID,Cikarang Listrindo Tbk PT,utilities,60.8560078440049,100.0,7.0,42.8571428571429,0.0,0.0,0.0,682140890.459364,0.07718,546964827.0,1361618473.0,0.956458806653358,1.0,2860454.0,-39.1439921559951,0.0,14.86649091145672,0.4017019729431947,21.03193988281826,0.07718,0.4017019729431947,0.956458806653358
93,2022,MY,EWI Capital Bhd,real_estate,61.0860408699298,100.0,11.0,54.5454545454545,27.2727272727273,0.0,0.0,212727430.5,-0.06997,102546974.185358,624769360.981803,0.259890449728607,1.0,1150.125,-38.9139591300702,0.0,7.047625911102525,0.1641357284617944,20.25289311716603,-0.06997,0.1641357284617944,0.259890449728607
94,2020,SG,Frasers Logistics & Commercial Trust,real_estate,46.1557046417539,100.0,9.0,55.5555555555556,11.1111111111111,0.0,1.0,3655036571.63298,0.03308,1919723117.49194,4933084529.73923,1.26230112771386,1.0,10800.0,-53.8442953582461,0.0,9.287301413112312,0.3891526905567579,22.31923029461561,0.03308,0.3891526905567579,1.26230112771386
94,2021,SG,Frasers Logistics & Commercial Trust,real_estate,56.0484056714139,100.0,9.0,55.5555555555556,11.1111111111111,1.0,1.0,4153381453.52113,0.0375,1975915119.3634,5658840259.3575,1.2247762217844,1.0,9800.0,-43.9515943285861,0.0,9.190137664658664,0.349173157184639,22.4564848069928,0.0375,0.349173157184639,1.2247762217844
94,2022,SG,Frasers Logistics & Commercial Trust,real_estate,65.3389485073331,100.0,9.0,63.6363636363636,11.1111111111111,1.0,1.0,3213510573.16017,0.0373,1463621410.64957,5164282826.87483,0.9434638004449,1.0,12200.0,-34.6610514926669,0.0,9.409191230721348,0.2834123264963165,22.36503207738434,0.0373,0.2834123264963165,0.9434638004449
94,2023,SG,Frasers Logistics & Commercial Trust,real_estate,56.6088067349753,100.0,8.0,55.5555555555556,12.5,1.0,1.0,3264511464.44546,0.03657,1579467477.2927,5081789481.39467,0.914823772216414,1.0,10000.0,-43.3911932650247,0.0,9.210340371976184,0.3108093090190788,22.34892929662483,0.03657,0.3108093090190788,0.914823772216414
94,2024,SG,Frasers Logistics & Commercial Trust,real_estate,57.0807404852169,100.0,7.0,62.5,14.2857142857143,1.0,1.0,2425093272.01875,0.026,1877907845.57908,5554859900.3736,1.01334929290928,1.0,9600.0,-42.9192595147831,0.0,9.169518377455928,0.3380657440978446,22.43793903926517,0.026,0.3380657440978446,1.01334929290928
96,2023,MY,HSS Engineers Bhd,industrials,43.0059717243579,100.0,8.0,44.4444444444444,25.0,0.0,0.0,104814970.470588,0.052,9992655.11982571,81966268.4095861,1.85669245522853,1.0,804.819,-56.9940282756421,0.0,6.690617407416703,0.1219117975444769,18.22181835973773,0.052,0.1219117975444769,1.85669245522853
96,2024,MY,HSS Engineers Bhd,industrials,44.5166947302682,100.0,8.0,37.5,25.0,0.0,0.0,117219006.611459,0.06288,9339892.56938227,93582746.866607,1.79427697201141,1.0,866.15,-55.4833052697318,0.0,6.76405810372495,0.09980357365119202,18.35435659610905,0.06288,0.09980357365119202,1.79427697201141
98,2021,MY,Perak Transit Bhd,industrials,28.2851277486846,100.0,7.0,75.0,28.5714285714286,0.0,0.0,93733538.9513862,0.0674,70853160.1825168,203932490.874159,0.764809410177558,1.0,7399.328,-71.7148722513154,0.0,8.9091444642579,0.3474343881095351,19.13329956995258,0.0674,0.3474343881095351,0.764809410177558
98,2022,MY,Perak Transit Bhd,industrials,32.832115664032,100.0,7.0,71.4285714285714,28.5714285714286,0.0,0.0,207366834.490061,0.06519,76356962.9545455,225134915.681818,1.54011426062192,1.0,7959.0,-67.167884335968,0.0,8.98205864280585,0.3391609103514641,19.23221040571783,0.06519,0.3391609103514641,1.54011426062192
98,2023,MY,Perak Transit Bhd,industrials,37.4200670132701,100.0,7.0,71.4285714285714,28.5714285714286,0.0,0.0,184320101.917211,0.05769,117425276.906318,275762357.95207,1.28546818991572,1.0,8816.0,-62.5799329867299,0.0,9.084323531392696,0.4258205426526255,19.43505003087635,0.05769,0.4258205426526255,1.28546818991572
98,2024,MY,Perak Transit Bhd,industrials,35.6133242724315,100.0,7.0,71.4285714285714,28.5714285714286,0.0,0.0,190021629.196509,0.0486,175717025.514772,370493418.084154,1.11150726707801,1.0,9668.0,-64.3866757275685,0.0,9.176576741823373,0.4742783999333007,19.73034623758757,0.0486,0.4742783999333007,1.11150726707801
99,2020,TH,BCPG PCL,utilities,34.6787431772746,100.0,13.0,71.4285714285714,7.69230769230769,0.0,0.0,1252283280.18704,0.04329,900841860.019973,1705045628.42876,1.66784628486059,0.0,1693.0,-65.3212568227254,0.0,7.434257382133135,0.5283388579167352,21.2568577088656,0.04329,0.5283388579167352,1.66784628486059
99,2021,TH,BCPG PCL,utilities,34.4395577433006,100.0,12.0,71.4285714285714,8.33333333333333,0.0,0.0,1041636052.54949,0.0374,889420475.804996,1767115038.76016,1.27866614069543,1.0,1496.0,-65.5604422566994,0.0,7.310550158534422,0.5033178125341684,21.29261413216036,0.0374,0.5033178125341684,1.27866614069543
99,2022,TH,BCPG PCL,utilities,58.5097790138143,100.0,11.0,71.4285714285714,9.09090909090909,0.0,0.0,856931960.473851,0.0458,728962834.700954,1622664365.12569,1.01483465182831,1.0,1845.0,-41.4902209861857,0.0,7.520234556474628,0.449238209926727,21.20733530503303,0.0458,0.449238209926727,1.01483465182831
99,2023,TH,BCPG PCL,utilities,58.7787217143285,100.0,11.0,73.3333333333333,18.1818181818182,0.0,0.0,769488680.186807,0.0169,1195597335.37118,2161267394.64338,0.891882097433698,1.0,1789.0,-41.2212782856715,0.0,7.489412083508719,0.5531926953297972,21.49396064334737,0.0169,0.5531926953297972,0.891882097433698
99,2024,TH,BCPG PCL,utilities,74.3330744215816,100.0,12.0,64.2857142857143,25.0,0.0,1.0,486723194.714578,0.02669,850618159.748979,1809447755.45826,0.541381695071297,1.0,2595.0,-25.6669255784184,0.0,7.861341795599989,0.4700982148741574,21.31628752818776,0.02669,0.4700982148741574,0.541381695071297
100,2019,TH,Pruksa Holding PCL,real_estate,64.3443875166346,100.0,15.0,52.9411764705882,13.3333333333333,0.0,1.0,1081826080.34736,0.06356,1045026881.72043,2916046566.53226,0.752451313821931,1.0,5575.0,-35.6556124833654,0.0,8.62604759632832,0.3583711226405989,21.79349462028365,0.06356,0.3583711226405989,0.752451313821931
100,2020,TH,Pruksa Holding PCL,real_estate,72.7969485720669,100.0,10.0,46.6666666666667,10.0,1.0,1.0,913704459.752839,0.03357,853493849.467377,2605629856.42477,0.635649100200146,1.0,1931.0,-27.2030514279331,0.0,7.565793282428515,0.3275575950908357,21.68094027042097,0.03357,0.3275575950908357,0.635649100200146
100,2021,TH,Pruksa Holding PCL,real_estate,73.0613952696137,100.0,10.0,70.0,10.0,1.0,1.0,853346250.329934,0.049,590591941.588926,2168269869.87662,0.656838757106597,1.0,2866.0,-26.9386047303863,0.0,7.960672608388117,0.2723793517559381,21.49719539150236,0.049,0.2723793517559381,0.656838757106597
100,2022,TH,Pruksa Holding PCL,real_estate,67.045336964828,100.0,11.0,63.6363636363636,9.09090909090909,1.0,1.0,834679715.989598,0.0394,408117178.127709,1983690775.29616,0.657136776935962,1.0,20285.0,-32.954663035172,0.0,9.917636975640548,0.205736288745295,21.40822497443606,0.0394,0.205736288745295,0.657136776935962
100,2023,TH,Pruksa Holding PCL,real_estate,71.4155968490171,100.0,11.0,63.6363636363636,9.09090909090909,1.0,1.0,772939566.730882,0.03215,477595325.007278,1995572486.92868,0.600353487459781,1.0,18876.0,-28.58440315098289,0.0,9.845646552846278,0.2393274752661725,21.41419680698935,0.03215,0.2393274752661725,0.600353487459781
100,2024,TH,Pruksa Holding PCL,real_estate,64.4197848164425,100.0,11.0,66.6666666666667,9.09090909090909,0.0,1.0,506123796.364169,0.006790000000000001,459110911.237595,1923137993.05312,0.413727739022869,1.0,13810.0,-35.5802151835575,0.0,9.533148246403337,0.2387300926381905,21.37722406023648,0.006790000000000001,0.2387300926381905,0.413727739022869
101,2024,MY,KIP Real Estate Investment Trust,real_estate,24.5757439057505,100.0,6.0,42.8571428571429,33.3333333333333,0.0,0.0,156401334.489705,0.04382,90059384.9416755,240922163.30859,0.817075198965806,1.0,3617.95,-75.4242560942495,1.0,8.193662846069808,0.3738111251571369,19.29998446546437,0.04382,0.3738111251571369,0.817075198965806
102,2021,PH,Wilcon Depot Inc,consumer_discretionary,45.806061063566,100.0,8.0,37.5,25.0,0.0,0.0,2330315750.55199,0.08460000000000001,140831303.530104,634188598.960581,7.03660050660828,0.0,34439.0,-54.193938936434,0.0,10.44694492211547,0.2220653347614936,20.2678569428659,0.08460000000000001,0.2220653347614936,7.03660050660828
102,2022,PH,Wilcon Depot Inc,consumer_discretionary,54.4462104812955,100.0,8.0,37.5,25.0,0.0,0.0,2064342239.49466,0.1132,161182377.977367,640255096.173882,5.80380749284066,0.0,45471.0,-45.5537895187045,0.0,10.72483003909977,0.2517471222651428,20.27737724267468,0.1132,0.2517471222651428,5.80380749284066
102,2023,PH,Wilcon Depot Inc,consumer_discretionary,55.8777315156593,100.0,8.0,37.5,25.0,0.0,0.0,1481079000.15307,0.0924,178490264.046364,718225849.100888,3.7721875602852,0.0,51267.0,-44.1222684843407,0.0,10.84480254931502,0.2485155112000038,20.39229463061636,0.0924,0.2485155112000038,3.7721875602852
102,2024,PH,Wilcon Depot Inc,consumer_discretionary,54.4865981880291,100.0,8.0,37.5,25.0,0.0,0.0,978108948.411184,0.06414,164688021.334114,672670584.217233,2.3757659832969,0.0,53955.0,-45.5134018119709,0.0,10.89590564479783,0.2448271489762803,20.32676629410341,0.06414,0.2448271489762803,2.3757659832969
103,2020,TH,TPI Polene Power PCL,utilities,25.9212799216242,100.0,14.0,35.7142857142857,28.5714285714286,1.0,0.0,1200801603.20641,0.1104,429415945.406125,1457228761.65113,1.24280397760879,0.0,3277000.09,-74.0787200783758,0.0,15.0024389551451,0.2946798448581061,21.09980236051791,0.1104,0.2946798448581061,1.24280397760879
103,2021,TH,TPI Polene Power PCL,utilities,24.7610421962227,100.0,15.0,33.3333333333333,26.6666666666667,0.0,0.0,1048110377.92442,0.09089,486730213.662353,1459083659.34397,1.132639934951,0.0,3604068.21,-75.2389578037773,0.0,15.09757382372439,0.3335862275924573,21.10107444503781,0.09089,0.3335862275924573,1.132639934951
104,2020,TH,Wha Utilities and Power PCL,utilities,57.2059240662074,100.0,8.0,33.3333333333333,25.0,0.0,0.0,536573146.292585,0.03089,436403230.292943,871225514.54727,1.32145215658222,1.0,15819.34,-42.7940759337926,0.0,9.668988521108764,0.5009073116042966,20.5854114158246,0.03089,0.5009073116042966,1.32145215658222
104,2021,TH,Wha Utilities and Power PCL,utilities,66.1992068178322,100.0,8.0,44.4444444444444,25.0,0.0,0.0,468086382.723455,0.0283,372887585.495035,777574930.063196,1.26018195130563,1.0,16038.32,-33.80079318216779,0.0,9.682736137780468,0.4795519648051529,20.47169057044571,0.0283,0.4795519648051529,1.26018195130563
104,2022,TH,Wha Utilities and Power PCL,utilities,68.8818924661784,100.0,10.0,50.0,20.0,0.0,0.0,453120485.408841,0.01698,402353892.776654,798768939.699509,1.24253010785975,1.0,13732.0,-31.1181075338216,0.0,9.527484154577582,0.5037174992407899,20.49858227504878,0.01698,0.5037174992407899,1.24253010785975
104,2023,TH,Wha Utilities and Power PCL,utilities,69.3007535848962,100.0,10.0,41.6666666666667,20.0,0.0,0.0,439886164.623468,0.05679,439768779.213974,868038010.334789,1.1108430508816,1.0,12439.0,-30.6992464151038,0.0,9.428591977209965,0.5066238735840172,20.58174606237412,0.05679,0.5066238735840172,1.1108430508816
104,2024,TH,Wha Utilities and Power PCL,utilities,69.0563096616133,100.0,10.0,40.0,20.0,0.0,0.0,539710187.35363,0.0366,482108959.31115,912047944.045534,1.35942140868825,1.0,13359.0,-30.9436903383867,0.0,9.499945593989812,0.5286004562136053,20.6312031168822,0.0366,0.5286004562136053,1.35942140868825
105,2023,ID,Avia Avian PT Tbk,materials,62.3910029370491,100.0,2.0,50.0,0.0,0.0,0.0,2012132367.65184,0.14957,2072880.80545632,725364533.939591,3.12268734857203,1.0,12899.23,-37.6089970629509,0.0,9.464922898645769,0.002857709066913039,20.40218489188857,0.14957,0.002857709066913039,3.12268734857203
107,2020,TH,BGrimm Power PCL,utilities,59.7241401049052,100.0,8.0,55.5555555555556,62.5,0.0,0.0,4222934201.73681,0.0172,2666212582.05726,4350728346.90413,6.47765119468077,1.0,5204783.0,-40.2758598950948,1.0,15.46508856848009,0.6128198245138589,22.19360910410106,0.0172,0.6128198245138589,6.47765119468077
107,2021,TH,BGrimm Power PCL,utilities,62.3870356169175,100.0,10.0,54.5454545454545,50.0,0.0,1.0,3166750149.97001,0.01629,2916605148.57057,4489845377.18929,4.9062261220275,1.0,5396815.0,-37.6129643830825,1.0,15.5013195227105,0.6496003544773313,22.225084100956,0.01629,0.6496003544773313,4.9062261220275
107,2022,TH,BGrimm Power PCL,utilities,60.3526375369182,100.0,10.0,54.5454545454545,40.0,0.0,1.0,2994055908.69691,-0.00778,3358619579.42791,4930676672.14678,4.75867100898346,1.0,5587529.0,-39.6473624630818,1.0,15.53604770804709,0.6637159521299296,22.31874207159581,-0.00778,0.6811680835615594,4.75867100898346
107,2023,TH,BGrimm Power PCL,utilities,58.0177523104682,100.0,10.0,60.0,50.0,0.0,1.0,2073497518.97256,0.0108,3264066899.56332,5154165240.17467,3.19513574734409,1.0,5163630.0,-41.9822476895318,1.0,15.45715037849788,0.6332872050979692,22.36307100923205,0.0108,0.6332872050979692,3.19513574734409
107,2024,TH,BGrimm Power PCL,utilities,53.3375129992193,100.0,10.0,60.0,50.0,0.0,1.0,1488130854.80094,0.0087,3440513633.6836,5280231186.25219,2.51904749556109,1.0,5161364.0,-46.6624870007807,1.0,15.45671144361107,0.6515839008415866,22.38723571898107,0.0087,0.6515839008415866,2.51904749556109
108,2022,SG,NetLink NBN Trust,communication_services,37.5128606468297,100.0,8.0,75.0,25.0,1.0,0.0,2414155853.85878,0.02719,575118743.424019,3015767323.01218,1.27340818844371,1.0,1040.0,-62.4871393531703,0.0,6.946975992135418,0.1907039508769477,21.82712013657371,0.02719,0.1907039508769477,1.27340818844371
108,2023,SG,NetLink NBN Trust,communication_services,43.0761026528272,100.0,8.0,66.6666666666667,25.0,1.0,0.0,2481582688.1965,0.026,590424696.116217,2902880966.49867,1.3207898355509,1.0,755.0,-56.9238973471728,0.0,6.626717749249025,0.203392665055902,21.78896951753083,0.026,0.203392665055902,1.3207898355509
108,2024,SG,NetLink NBN Trust,communication_services,43.0535308167603,100.0,9.0,70.0,44.4444444444444,1.0,1.0,2483419906.97334,0.0245,661041651.14373,2877521049.10215,1.43275844812596,1.0,473.0,-56.9464691832397,1.0,6.159095388491933,0.2297260870949978,21.78019501359946,0.0245,0.2297260870949978,1.43275844812596
109,2023,TH,Triple i Logistics PCL,industrials,59.1301534918618,100.0,10.0,40.0,10.0,0.0,1.0,234592631.17338,0.2082,15567799.5342067,135112214.730713,2.13605344504495,1.0,2037.0,-40.8698465081382,0.0,7.619233416226805,0.11522125934531,18.72161621135799,0.2082,0.11522125934531,2.13605344504495
110,2023,TH,Prima Marine PCL,energy,23.1135506212224,100.0,8.0,37.5,12.5,0.0,0.0,390396964.389959,0.10295,211293100.436681,603085793.304221,1.15094306338448,0.0,162269.0,-76.8864493787776,0.0,11.99701073094604,0.3503533042604706,20.21757002202408,0.10295,0.3503533042604706,1.15094306338448
110,2024,TH,Prima Marine PCL,energy,30.5628501385035,100.0,8.0,37.5,12.5,0.0,0.0,629391100.702576,0.09689,275054203.152364,672729013.426737,1.7689596298656,0.0,6299.0,-69.4371498614965,0.0,8.74814616962193,0.4088632980927893,20.32685315188105,0.09689,0.4088632980927893,1.7689596298656
111,2020,TH,TOA Paint Thailand PCL,materials,52.2952130056134,100.0,11.0,27.2727272727273,45.4545454545455,1.0,0.0,2270257181.02872,0.12619,43193038.7150466,548811242.476698,5.95503932196575,1.0,10479.46,-47.7047869943866,1.0,9.257172429829929,0.0787029043357845,20.12326511972862,0.12619,0.0787029043357845,5.95503932196575
111,2021,TH,TOA Paint Thailand PCL,materials,53.1386569317007,100.0,9.0,27.2727272727273,44.4444444444444,1.0,0.0,1947450509.89802,0.11179,44365183.9000903,556623420.67409,5.28437549387553,1.0,17106.65,-46.8613430682993,1.0,9.747222555781955,0.07970412715721258,20.13739948427733,0.11179,0.07970412715721258,5.28437549387553
111,2022,TH,TOA Paint Thailand PCL,materials,57.1165542871831,57.5,9.0,33.3333333333333,44.4444444444444,1.0,0.0,1978582779.54348,0.07497,35754839.641722,559155244.14909,5.35331717458832,1.0,17289.0,-0.3834457128169007,1.0,9.757825740104776,0.06394438756652085,20.1419377101821,0.07497,0.06394438756652085,5.35331717458832
111,2023,TH,TOA Paint Thailand PCL,materials,59.112314833042,100.0,9.0,33.3333333333333,44.4444444444444,1.0,0.0,1338453006.42148,0.1265,42281363.9883552,619467937.030568,3.25884230467787,1.0,15951.0,-40.887685166958,1.0,9.677276802172448,0.06825432191217477,20.24437150148837,0.1265,0.06825432191217477,3.25884230467787
112,2024,TH,Applied DB PCL,materials,44.1309143036148,100.0,11.0,36.3636363636364,27.2727272727273,0.0,0.0,19552691.1346604,0.02405,6591317.3380035,30752106.0420315,1.05210506877702,0.0,2800.0,-55.8690856963852,0.0,7.937374696163295,0.2143371035790066,17.24146903904328,0.02405,0.2143371035790066,1.05210506877702
113,2022,SG,Stoneweg Europe Stapled Trust,real_estate,45.5468803157967,100.0,5.0,50.0,20.0,1.0,1.0,902812686.215753,0.032,1086166523.9726,2771815068.49315,0.620871012874646,1.0,46157.01,-54.4531196842033,0.0,10.7398041243873,0.391861108022288,21.74276820194077,0.032,0.391861108022288,0.620871012874646
113,2023,SG,Stoneweg Europe Stapled Trust,real_estate,48.7443780711483,100.0,5.0,60.0,20.0,1.0,1.0,881326967.123923,0.02942,1045766060.05761,2612729961.48456,0.670561616609443,1.0,42175.0,-51.2556219288517,0.0,10.64958290741417,0.4002579966065085,21.68366147389825,0.02942,0.4002579966065085,0.670561616609443
114,2020,MY,Sime Darby Property Bhd,real_estate,68.4033884930421,100.0,9.0,45.4545454545455,11.1111111111111,1.0,0.0,1125014474.05597,0.008,848110945.273632,3678847263.68159,0.501734657821902,1.0,35801.0,-31.5966115069579,0.0,10.48573110495957,0.2305371450580117,22.02586529649145,0.008,0.2305371450580117,0.501734657821902
114,2021,MY,Sime Darby Property Bhd,real_estate,72.0947763989025,100.0,8.0,63.6363636363636,25.0,1.0,0.0,971781803.38977,0.0112,936202689.721422,3751659702.20941,0.429911886903988,1.0,38452.0,-27.9052236010975,0.0,10.55716598918571,0.2495436057726872,22.04546416627172,0.0112,0.2495436057726872,0.429911886903988
114,2022,MY,Sime Darby Property Bhd,real_estate,72.0854256211795,100.0,10.0,63.6363636363636,30.0,1.0,1.0,695540390.829546,0.02319,700782045.454546,3468797500.0,0.321477752807384,1.0,14851.64,-27.9145743788205,1.0,9.605865575843488,0.2020244898857734,21.96707382905895,0.02319,0.2020244898857734,0.321477752807384
114,2023,MY,Sime Darby Property Bhd,real_estate,75.268517259888,100.0,10.0,70.0,30.0,0.0,1.0,926040220.179739,0.0285,640404357.298475,3470314596.94989,0.422639335947474,1.0,17036.0,-24.731482740112,1.0,9.743084031043104,0.1845378392671765,21.96751108874085,0.0285,0.1845378392671765,0.422639335947474
114,2024,MY,Sime Darby Property Bhd,real_estate,75.2656860163403,100.0,11.0,54.5454545454545,36.3636363636364,0.0,1.0,2572385529.79633,0.04089,713650402.864816,3698347806.62489,1.11960093566518,1.0,16387.0,-24.7343139836597,1.0,9.704243616546224,0.1929646534559152,22.03115201811844,0.04089,0.1929646534559152,1.11960093566518
115,2019,MY,SD Guthrie Bhd,consumer_staples,79.4323207472282,100.0,11.0,50.0,18.1818181818182,1.0,0.0,8992738643.35059,0.0204,1939887992.17413,6971807776.96258,2.77289675746568,1.0,2383501.53,-20.5676792527718,0.0,14.68408119553996,0.2782474867686734,22.66514039350732,0.0204,0.2782474867686734,2.77289675746568
115,2020,MY,SD Guthrie Bhd,consumer_staples,78.4812146731351,22.3684210526316,10.0,53.8461538461538,30.0,1.0,0.0,8398416321.59047,0.02419,1709441542.28856,7044938059.70149,2.47274586190444,1.0,10711344.0,56.1127936205035,1.0,16.18681392474677,0.2426482004244893,22.67557519016493,0.02419,0.2426482004244893,2.47274586190444
115,2021,MY,SD Guthrie Bhd,consumer_staples,76.5263268803102,75.6410256410256,11.0,54.5454545454545,27.2727272727273,1.0,1.0,6165985701.37473,0.077,1543948126.80115,7285062439.96158,1.69048999018088,1.0,10411414.0,0.8853012392845869,0.0,16.15841326229876,0.2119334102521834,22.70909184758795,0.077,0.2119334102521834,1.69048999018088
115,2022,MY,SD Guthrie Bhd,consumer_staples,72.7627236013835,10.7142857142857,10.0,57.1428571428571,30.0,1.0,1.0,7216483744.25745,0.08089,1424716590.90909,7079119545.45455,1.94000630390004,1.0,10733541.0,62.0484378870978,1.0,16.18888406948545,0.2012561847219956,22.6804153789323,0.08089,0.2012561847219956,1.94000630390004
115,2023,MY,SD Guthrie Bhd,consumer_staples,70.2814816077769,100.0,9.0,46.1538461538462,33.3333333333333,1.0,1.0,6719844688.55338,0.05902,1198664923.74728,6946939869.28105,1.73842410983288,1.0,10412981.0,-29.7185183922231,1.0,16.15856375886809,0.1725457462281636,22.66156709298144,0.05902,0.1725457462281636,1.73842410983288
115,2024,MY,SD Guthrie Bhd,consumer_staples,71.0394159405289,100.0,10.0,50.0,30.0,1.0,1.0,7661769757.15085,0.06769,1187724261.4145,7172561548.79141,1.85182401579348,1.0,9586075.0,-28.9605840594711,1.0,16.07582208258098,0.1655927597602329,22.69352868700172,0.06769,0.1655927597602329,1.85182401579348
116,2023,SG,Sasseur Real Estate Investment Trust,real_estate,38.9840245936053,100.0,6.0,57.1428571428571,16.6666666666667,0.0,0.0,645298900.238799,0.03551,327960730.801304,1324903343.18854,0.836871231409595,1.0,19346.0,-61.0159754063947,0.0,9.870240958742492,0.2475355900393661,21.00460534518677,0.03551,0.2475355900393661,0.836871231409595
117,2023,MY,QES Group Bhd,information_technology,30.1845598764989,100.0,6.0,66.6666666666667,33.3333333333333,0.0,0.0,92682088.8888889,0.276,7959912.8540305,60083877.9956427,2.44386487278326,1.0,765.37,-69.8154401235011,1.0,6.640359377031394,0.1324800116032416,17.91125211053485,0.276,0.1324800116032416,2.44386487278326
118,2023,ID,GoTo Gojek Tokopedia PT Tbk,consumer_discretionary,35.8791108117527,100.0,6.0,28.5714285714286,0.0,0.0,0.0,6711349854.10172,-0.09124080000000001,281602143.553102,3513949723.93634,2.03892227369771,1.0,11454.73,-64.1208891882473,0.0,9.346158024116573,0.08013835304326729,21.98000651924879,-0.93522,0.08013835304326729,2.03892227369771
118,2024,ID,GoTo Gojek Tokopedia PT Tbk,consumer_discretionary,52.9049331429002,82.1428571428571,8.0,27.2727272727273,12.5,0.0,0.0,4949790992.27526,-0.09124080000000001,299505158.48353,2685387445.6184,1.83980391129148,1.0,12691.01,-29.2379239999569,0.0,9.448649147769826,0.1115314510657359,21.71109085454109,-0.106,0.1115314510657359,1.83980391129148
119,2023,MY,Techbond Group Bhd,materials,24.5016224187986,100.0,6.0,50.0,33.3333333333333,0.0,1.0,47243420.7352941,0.05549,5208145.76634512,47073311.8971061,1.16590928811797,1.0,678.799,-75.4983775812014,1.0,6.520325060171007,0.1106390342308865,17.66721677200484,0.05549,0.1106390342308865,1.16590928811797
119,2024,MY,Techbond Group Bhd,materials,33.492795718086,100.0,6.0,50.0,33.3333333333333,0.0,1.0,59781215.9679946,0.0727,1686532.34358431,49090349.9469777,1.60146238369813,1.0,6313.136,-66.507204281914,1.0,8.750387820983674,0.03435567979054799,17.70917303469038,0.0727,0.03435567979054799,1.60146238369813
120,2022,MY,MI Technovation Bhd,information_technology,49.720661628576,100.0,5.0,60.0,20.0,0.0,0.0,265909090.909091,0.05639,19601169.5454545,279978162.5,1.10274076278788,0.0,4502.6413,-50.279338371424,0.0,8.41241945912293,0.07000963707465756,19.45022216702063,0.05639,0.07000963707465756,1.10274076278788
120,2023,MY,MI Technovation Bhd,information_technology,51.8830313170012,100.0,8.0,44.4444444444444,25.0,0.0,0.0,362745098.039216,0.045,12067210.0217865,266205228.32244,1.53270788327986,0.0,3956.7973,-48.1169686829988,0.0,8.283190214397328,0.04533047715790969,19.39977810431258,0.045,0.04533047715790969,1.53270788327986
120,2024,MY,MI Technovation Bhd,information_technology,53.7594705865635,100.0,8.0,50.0,25.0,0.0,0.0,455237242.614145,0.05554000000000001,10480540.957923,263845701.656222,1.95319029507382,1.0,3683.5956,-46.2405294134365,0.0,8.211644619362842,0.03972223497344911,19.39087502682186,0.05554000000000001,0.03972223497344911,1.95319029507382
121,2020,TH,Osotspa PCL,consumer_staples,27.7265047279125,100.0,15.0,26.6666666666667,26.6666666666667,0.0,0.0,3561560621.24248,0.1397,44394071.138482,860701889.014647,5.54684580259709,0.0,215382.663,-72.2734952720875,0.0,12.28017155299995,0.05157891681788387,20.57325876435954,0.1397,0.05157891681788387,5.54684580259709
121,2021,TH,Osotspa PCL,consumer_staples,47.356484695116,100.0,16.0,31.25,31.25,0.0,0.0,3085735977.80444,0.12279,33405042.3713512,816780234.065603,5.17383333177181,1.0,245808.0,-52.643515304884,1.0,12.41230602237044,0.04089844609127519,20.52088062528784,0.12279,0.04089844609127519,5.17383333177181
121,2022,TH,Osotspa PCL,consumer_staples,56.380882724203,100.0,17.0,41.1764705882353,29.4117647058824,0.0,0.0,2451775137.24357,0.07257,54423548.7720312,755671332.70731,4.59581576693448,1.0,271246.0,-43.619117275797,0.0,12.5107814371843,0.07202013152603048,20.44311709451861,0.07257,0.07202013152603048,4.59581576693448
121,2023,TH,Osotspa PCL,consumer_staples,63.331264296957,100.0,17.0,38.8888888888889,29.4117647058824,0.0,0.0,1928852889.66725,0.09503,78259010.8588064,710392461.746725,4.04778701315147,1.0,284456.0,-36.668735703043,0.0,12.55833386329435,0.1101630648872341,20.38132813830599,0.09503,0.1101630648872341,4.04778701315147
121,2024,TH,Osotspa PCL,consumer_staples,65.5556806719615,100.0,17.0,38.8888888888889,35.2941176470588,0.0,0.0,1828981264.637,0.1285,76776125.6859311,733650245.534151,4.03274204944692,1.0,238226.0,-34.4443193280385,1.0,12.38097508191982,0.1046494922523095,20.41354296829247,0.1285,0.1046494922523095,4.03274204944692
123,2022,MY,Greatech Technology Bhd,information_technology,55.0510182651389,100.0,5.0,60.0,40.0,1.0,1.0,1378120975.0,0.1696,4222255.90909091,215193445.681818,10.3295804796707,0.0,3216.0,-44.9489817348611,1.0,8.075893630298857,0.01962074586292873,19.18704792891921,0.1696,0.01962074586292873,10.3295804796707
123,2023,MY,Greatech Technology Bhd,information_technology,58.5871884846724,100.0,6.0,66.6666666666667,33.3333333333333,1.0,1.0,1311581124.18301,0.159,4764079.73856209,217495083.660131,8.01071563024468,1.0,8429.39,-41.4128115153276,1.0,9.0394796877609,0.02190431001192968,19.19768680437608,0.159,0.02190431001192968,8.01071563024468
123,2024,MY,Greatech Technology Bhd,information_technology,53.0737675879915,100.0,7.0,71.4285714285714,28.5714285714286,1.0,1.0,1298430371.30707,0.14699,4556916.29364369,248940737.690242,6.3796206596895,1.0,9916.0,-46.9262324120085,0.0,9.201904893155081,0.0183052253155684,19.33272542485818,0.14699,0.0183052253155684,6.3796206596895
124,2023,TH,R&B Food Supply PCL,consumer_staples,44.4718183418051,100.0,12.0,33.3333333333333,25.0,0.0,0.0,852305896.088733,0.1185,5979768.79184862,167392229.199418,6.05952063167976,1.0,6455.0,-55.5281816581949,0.0,8.772610303280743,0.03572309670794092,18.93585029438912,0.1185,0.03572309670794092,6.05952063167976
124,2024,TH,R&B Food Supply PCL,consumer_staples,54.3460663465555,100.0,12.0,33.3333333333333,25.0,0.0,0.0,406908665.105386,0.08869999999999999,5802307.5890251,169582809.398716,2.80796289179184,1.0,6856.0,-45.6539336534445,0.0,8.832879460277615,0.03421518731525999,18.94885191650745,0.08869999999999999,0.03421518731525999,2.80796289179184
125,2024,TH,S Hotels and Resorts PCL,consumer_discretionary,54.2700485913514,100.0,9.0,50.0,11.1111111111111,0.0,0.0,248272552.693208,0.01449,496186044.454174,1060284840.86398,0.532530250768807,1.0,25037.0,-45.7299514086486,0.0,10.12811000972974,0.4679742889183001,20.78180342676843,0.01449,0.4679742889183001,0.532530250768807
127,2020,TH,Asset World Corp PCL,consumer_discretionary,48.6634173901102,100.0,14.0,50.0,21.4285714285714,0.0,0.0,4873747494.98998,-0.01442,1503248782.49001,4441511689.78029,1.86939519304329,0.0,117168.21,-51.3365826098898,0.0,11.67136587359748,0.3384543118391234,22.21426062611479,-0.01442,0.3384543118391234,1.86939519304329
127,2021,TH,Asset World Corp PCL,consumer_discretionary,65.3944304136249,100.0,15.0,53.3333333333333,20.0,0.0,0.0,4453509298.14037,0.006540000000000001,1507408465.60337,4318683226.0006,1.80405673562152,1.0,100692.92,-34.6055695863751,0.0,11.51983076838986,0.349043536355718,22.18621638394263,0.006540000000000001,0.349043536355718,1.80405673562152
127,2022,TH,Asset World Corp PCL,consumer_discretionary,67.5458515158831,100.0,15.0,53.3333333333333,20.0,0.0,0.0,5825046385.72667,-0.00709,1921772811.32621,4684676451.89252,2.41097448786443,1.0,79539.99,-32.4541484841169,0.0,11.28401519303877,0.4102253018028279,22.26756268982352,-0.00709,0.4102253018028279,2.41097448786443
127,2023,TH,Asset World Corp PCL,consumer_discretionary,74.8661746359429,100.0,15.0,53.3333333333333,20.0,0.0,0.0,3325404032.34092,0.0015,2068412780.20378,5033435109.17031,1.29968465538331,1.0,93305.92,-25.1338253640571,0.0,11.44363883605507,0.4109346272161892,22.33936851225971,0.0015,0.4109346272161892,1.29968465538331
127,2024,TH,Asset World Corp PCL,consumer_discretionary,75.63982969467,100.0,13.0,53.3333333333333,15.3846153846154,0.0,0.0,3297935050.1171,0.01919,2277368041.76883,5427989900.58377,1.22750374124929,1.0,109417.58,-24.36017030533,0.0,11.60292685075836,0.4195601103686474,22.41483471830267,0.01919,0.4195601103686474,1.22750374124929
128,2021,MY,UWC Bhd,industrials,33.1941036652781,100.0,5.0,60.0,20.0,0.0,0.0,1641433353.32853,0.28609,1497330.7254623,85212334.5187293,20.5725766302231,1.0,4573.0,-66.8058963347219,0.0,8.427924723658055,0.01757176040204829,18.26065675266777,0.28609,0.01757176040204829,20.5725766302231
128,2022,MY,UWC Bhd,industrials,39.6557013833779,100.0,5.0,60.0,20.0,0.0,0.0,1006247119.11818,0.26179,1367308.67805755,102852498.875899,11.0269746350183,1.0,5515.0,-60.3442986166221,0.0,8.615226931687603,0.01329387903066248,18.44880647008213,0.26179,0.01329387903066248,11.0269746350183
128,2023,MY,UWC Bhd,industrials,38.2109796168073,100.0,5.0,60.0,20.0,0.0,0.0,844851539.24183,0.11939,1139910.58353672,102927014.643887,8.8115228099782,1.0,5246.0,-61.7890203831927,0.0,8.56522116042682,0.01107494069929697,18.44953069933091,0.11939,0.01107494069929697,8.8115228099782
128,2024,MY,UWC Bhd,industrials,45.2447707719189,100.0,6.0,66.6666666666667,33.3333333333333,0.0,0.0,779411245.962399,0.03118,1942192.72648084,112969283.754355,7.25562370728472,1.0,6568.0,-54.7552292280811,1.0,8.789964651132264,0.01719221953025765,18.54262651454275,0.03118,0.01719221953025765,7.25562370728472
129,2021,SG,Prime US REIT,real_estate,32.4063111556664,100.0,9.0,55.5555555555556,22.2222222222222,0.0,0.0,1072984556.41022,0.0444,629098000.0,1672932000.0,0.98421666880449,1.0,24409.76,-67.5936888443336,0.0,10.10273833130262,0.3760451709932023,21.23784361257812,0.0444,0.3760451709932023,0.98421666880449
129,2022,SG,Prime US REIT,real_estate,33.8091281471049,100.0,9.0,55.5555555555556,33.3333333333333,0.0,0.0,527042358.658612,0.04878999999999999,665697000.0,1589056000.0,0.53752109098616,1.0,18761.0,-66.1908718528951,1.0,9.83953552604361,0.4189260793829796,21.18640596617075,0.04878999999999999,0.4189260793829796,0.53752109098616
129,2023,SG,Prime US REIT,real_estate,38.9569023270951,100.0,9.0,45.4545454545455,44.4444444444444,0.0,0.0,313982614.306506,0.03813,696546000.0,1444110000.0,0.399967482863067,1.0,25380.0,-61.0430976729049,1.0,10.14171674126838,0.4823358331429046,21.09075905180102,0.03813,0.4823358331429046,0.399967482863067
129,2024,SG,Prime US REIT,real_estate,38.9070605914979,100.0,7.0,55.5555555555556,28.5714285714286,0.0,0.0,223712318.241,0.0269,637391000.0,1394692000.0,0.31228333863781,1.0,23147.0,-61.0929394085021,0.0,10.04962046148409,0.4570120141221144,21.0559394393119,0.0269,0.4570120141221144,0.31228333863781
130,2022,MY,InNature Bhd,consumer_discretionary,68.6410649936951,100.0,6.0,33.3333333333333,66.6666666666667,0.0,0.0,93850152.3818182,0.11667,4728863.63636364,41403863.6363636,2.77741417694615,1.0,530.0,-31.3589350063049,1.0,6.272877006546167,0.1142131004462695,17.53888475899092,0.11667,0.1142131004462695,2.77741417694615
130,2023,MY,InNature Bhd,consumer_discretionary,74.6470836678646,100.0,6.0,33.3333333333333,66.6666666666667,0.0,1.0,56132188.043573,0.0565,6417211.32897604,41320043.5729848,1.77120500604961,1.0,670.0,-25.35291633213539,1.0,6.507277712385012,0.1553050474799508,17.53685825674044,0.0565,0.1553050474799508,1.77120500604961
131,2023,MY,Solarvest Holdings Bhd,industrials,39.2381161607154,100.0,8.0,44.4444444444444,25.0,0.0,1.0,189353405.533769,0.06504,40626151.4028587,110198200.105876,4.50217178413887,1.0,474.26,-60.7618838392846,0.0,6.161755694517963,0.3686643825745429,18.51779112157217,0.06504,0.3686643825745429,4.50217178413887
131,2024,MY,Solarvest Holdings Bhd,industrials,53.7239716459663,100.0,10.0,50.0,30.0,0.0,1.0,273242202.511191,0.06709999999999999,76776324.6899662,232409244.64487,3.478225912952,1.0,509.81,-46.2760283540337,1.0,6.234038107285137,0.3303497019117432,19.26401036117354,0.06709999999999999,0.3303497019117432,3.478225912952
132,2023,MY,AME Elite Consortium Bhd,industrials,54.6380552509254,100.0,8.0,50.0,25.0,0.0,0.0,233098763.361656,0.05188,37071981.1540498,373102249.655903,1.28711139062936,1.0,2613.48,-45.3619447490746,0.0,7.868437945550518,0.09936145168848426,19.73736306780576,0.05188,0.09936145168848426,1.28711139062936
132,2024,MY,AME Elite Consortium Bhd,industrials,48.5141251919181,100.0,9.0,36.3636363636364,22.2222222222222,0.0,0.0,243765331.98299,0.06655,78408117.2491545,433681172.491545,1.17304697199849,1.0,2861.3,-51.4858748080819,0.0,7.959031345993953,0.1807966824999375,19.88782019649955,0.06655,0.1807966824999375,1.17304697199849
133,2020,TH,Central Retail Corporation PCL,consumer_discretionary,37.0463584842199,100.0,15.0,33.3333333333333,26.6666666666667,0.0,0.0,6194163326.65331,0.00118,4058495816.64447,7962048781.42477,3.47331462040728,1.0,514308.0,-62.9536415157801,0.0,13.1505775867655,0.5097300868229825,22.79795218828607,0.00118,0.5097300868229825,3.47331462040728
133,2021,TH,Central Retail Corporation PCL,consumer_discretionary,59.5311225551312,100.0,15.0,31.25,26.6666666666667,0.0,0.0,5788602279.54409,0.001,4071476313.15077,7921390910.322,3.42254356405179,1.0,525204.0,-40.4688774448688,0.0,13.17154203752801,0.5139850260192836,22.79283264734351,0.001,0.5139850260192836,3.42254356405179
133,2022,TH,Central Retail Corporation PCL,consumer_discretionary,52.1748624638473,100.0,14.0,31.25,21.4285714285714,0.0,0.0,8059339786.18896,0.0266,3960455833.08292,7974124141.80873,4.49003199745213,1.0,424115.0,-47.8251375361527,0.0,12.95775992385395,0.4966634281899441,22.79946765410753,0.0266,0.4966634281899441,4.49003199745213
133,2023,TH,Central Retail Corporation PCL,consumer_discretionary,61.8108972274605,100.0,15.0,33.3333333333333,20.0,0.0,0.0,7217483946.29305,0.0285,4062808716.59389,8357994361.39738,3.68733664365719,1.0,489682.0,-38.1891027725395,0.0,13.10151147981656,0.4860985232723495,22.84648432633651,0.0285,0.4860985232723495,3.68733664365719
133,2024,TH,Central Retail Corporation PCL,consumer_discretionary,67.2254590756272,100.0,15.0,33.3333333333333,20.0,0.0,0.0,6002751756.44028,0.0281,4132644678.69235,8495300321.80385,2.97279162411386,1.0,534834.0,-32.7745409243728,0.0,13.1897116973574,0.486462458317759,22.86277894421809,0.0281,0.486462458317759,2.97279162411386
134,2020,TH,SCG Packaging PCL,materials,64.7585238648007,100.0,13.0,53.8461538461538,15.3846153846154,0.0,0.0,5950440490.98196,0.06895,1495592776.29827,5739976031.95739,2.00766917671639,1.0,5006889.0,-35.24147613519931,0.0,15.4263253221029,0.2605573207922016,22.47072087165199,0.06895,0.2605573207922016,2.00766917671639
134,2021,TH,SCG Packaging PCL,materials,66.6659946370447,100.0,12.0,64.2857142857143,25.0,0.0,0.0,8916758363.82723,0.0434,1708433403.55101,6224006650.61691,3.06994326560454,1.0,4873787.0,-33.3340053629553,0.0,15.39938181094031,0.274490934771362,22.55167969236578,0.0434,0.274490934771362,3.06994326560454
134,2022,TH,SCG Packaging PCL,materials,67.414836446574,100.0,13.0,56.25,23.0769230769231,0.0,0.0,7070108390.63854,0.0287,1449551199.07541,5700076451.89252,2.51749370626573,1.0,4409914.0,-32.585163553426,0.0,15.29936574609909,0.2543038170293549,22.46374542430969,0.0287,0.2543038170293549,2.51749370626573
134,2023,TH,SCG Packaging PCL,materials,73.1399097006294,100.0,13.0,61.5384615384615,23.0769230769231,0.0,1.0,4510949422.06655,0.02652,1429777700.14556,5780514526.92868,1.9987520797055,1.0,4033741.0,-26.8600902993706,0.0,15.21020479117135,0.2473443658838504,22.47775853416856,0.02652,0.2473443658838504,1.9987520797055
134,2024,TH,SCG Packaging PCL,materials,75.0274123817606,100.0,12.0,61.5384615384615,25.0,1.0,1.0,2463150934.42623,0.01911,1893661675.42323,5504365936.95271,1.09734598217022,1.0,4151606.0,-24.9725876182394,0.0,15.23900580529816,0.3440290302485932,22.42880742100559,0.01911,0.3440290302485932,1.09734598217022
136,2021,TH,NR Instant Produce PCL,consumer_staples,19.5907625359336,100.0,8.0,44.4444444444444,25.0,0.0,0.0,340168960.287942,0.02812,33111284.8329823,140303460.607884,4.02839231106588,0.0,4878.0,-80.4092374640664,0.0,8.492490578775866,0.2359976346237158,18.75931821054101,0.02812,0.2359976346237158,4.02839231106588
136,2022,TH,NR Instant Produce PCL,consumer_staples,28.811758218657,100.0,8.0,50.0,25.0,0.0,0.0,268293401.620919,0.01205,69023377.2898006,172361930.598093,3.1315318609568,0.0,5347.0,-71.188241781343,0.0,8.584290934948731,0.4004560464732012,18.96510707161282,0.01205,0.4004560464732012,3.1315318609568
137,2024,MY,SkyWorld Development Bhd,real_estate,74.9597949055086,100.0,7.0,57.1428571428571,42.8571428571429,1.0,1.0,126454789.61504,0.031,101438782.412627,343592784.667418,0.597427354207124,1.0,749.3,-25.0402050944914,1.0,6.619139437370265,0.2952296641235207,19.65496774863217,0.031,0.2952296641235207,0.597427354207124
138,2020,TH,Sri Trang Gloves (Thailand) PCL,health_care,67.0306979327387,100.0,13.0,38.4615384615385,25.0,0.0,0.0,3626829659.31864,0.3684360000000003,220099388.515313,1472566559.52064,3.36595985023922,1.0,160922.0,-32.9693020672613,0.0,11.98867505452241,0.1494665127985531,21.11027267418026,0.50968,0.1494665127985531,3.36595985023922
138,2021,TH,Sri Trang Gloves (Thailand) PCL,health_care,77.9465936471628,100.0,12.0,33.3333333333333,25.0,1.0,0.0,2597890151.54469,0.3684360000000003,256743689.587722,1543870722.05838,2.26659480875096,1.0,215982.0,-22.0534063528372,0.0,12.28295034986055,0.1662986971120329,21.15755855580671,0.50117,0.1662986971120329,2.26659480875096
138,2022,TH,Sri Trang Gloves (Thailand) PCL,health_care,80.5279933230953,100.0,12.0,38.4615384615385,25.0,1.0,0.0,827847416.931523,0.0331,256740622.103438,1402153508.89916,0.778355067300188,1.0,158488.0,-19.4720066769047,0.0,11.97343415965416,0.1831045035183108,21.06127511236032,0.0331,0.1831045035183108,0.778355067300188
138,2023,TH,Sri Trang Gloves (Thailand) PCL,health_care,79.2207762946654,100.0,12.0,33.3333333333333,25.0,1.0,0.0,560324150.525394,0.00321,204798847.83115,1356102642.24163,0.52112606256131,1.0,188694.0,-20.7792237053346,0.0,12.14788193434874,0.1510201672438442,21.02788071846836,0.00321,0.1510201672438442,0.52112606256131
138,2024,TH,Sri Trang Gloves (Thailand) PCL,health_care,80.8044487165373,100.0,12.0,33.3333333333333,25.0,1.0,0.0,826171607.538056,0.0208,211874751.430239,1427873038.12026,0.732630206736458,1.0,217959.0,-19.19555128346271,0.0,12.29206225068871,0.148384867403312,21.0794517880318,0.0208,0.148384867403312,0.732630206736458
139,2021,TH,PTT Oil and Retail Business PCL,consumer_discretionary,51.8837193394558,100.0,17.0,44.4444444444444,23.5294117647059,0.0,0.0,9718056388.72225,0.06509000000000001,1355378120.94493,6249138727.59555,3.2459147848291,0.0,25334.0,-48.1162806605442,0.0,10.13990264604358,0.216890387624093,22.55570948761422,0.06509000000000001,0.216890387624093,3.2459147848291
139,2022,TH,PTT Oil and Retail Business PCL,consumer_discretionary,58.4598787874686,100.0,16.0,47.3684210526316,12.5,0.0,0.0,8251950303.38053,0.0479,1266098872.00231,6515584818.66513,2.75406974494156,1.0,22249.0,-41.5401212125314,0.0,10.01005234276416,0.1943185312199957,22.59746280844702,0.0479,0.1943185312199957,2.75406974494156
139,2023,TH,PTT Oil and Retail Business PCL,consumer_discretionary,58.8056822613428,77.1186440677966,16.0,57.1428571428571,6.25,0.0,0.0,6690017513.13485,0.04978,1044426311.23726,6411516532.22707,2.09424371253345,1.0,30292.0,-18.31296180645379,0.0,10.31863893023371,0.1628984821278272,22.58136166838731,0.04978,0.1628984821278272,2.09424371253345
139,2024,TH,PTT Oil and Retail Business PCL,consumer_discretionary,59.1364253180994,100.0,17.0,65.0,5.88235294117647,0.0,0.0,4672131147.54098,0.0358,838695463.36836,6056392806.36311,1.46560180796445,1.0,34186.0,-40.8635746819006,0.0,10.43957148251621,0.1384810216548686,22.52438021332338,0.0358,0.1384810216548686,1.46560180796445
140,2023,TH,Assetwise PCL,real_estate,70.0377691458103,100.0,9.0,55.5555555555556,22.2222222222222,1.0,0.0,220450011.663748,0.05474999999999999,373833401.018923,709278848.704512,1.14863846633435,0.0,539.0,-29.9622308541897,0.0,6.289715570908998,0.5270612562347299,20.37975930577071,0.05474999999999999,0.5270612562347299,1.14863846633435
140,2024,TH,Assetwise PCL,real_estate,76.8407422408154,100.0,9.0,55.5555555555556,22.2222222222222,1.0,0.0,208079096.750586,0.0518,405492342.119089,929140661.675423,0.909703506568297,0.0,571.0,-23.1592577591846,0.0,6.347389209656011,0.436416528567275,20.64977069723836,0.0518,0.436416528567275,0.909703506568297
142,2021,TH,KE Epress (Thailand) PCL,industrials,47.2378047174419,100.0,9.0,33.3333333333333,11.1111111111111,0.0,0.0,1578734253.14937,0.0103,143186187.180259,512956786.036714,5.66872338599649,1.0,712076.83,-52.7621952825581,0.0,13.47594109187591,0.2791388886509646,20.05570216184165,0.0103,0.2791388886509646,5.66872338599649
142,2022,TH,KE Epress (Thailand) PCL,industrials,61.7838375643685,100.0,9.0,33.3333333333333,11.1111111111111,0.0,0.0,926420595.203698,-0.09124080000000001,80786188.9627275,349414475.585091,4.93294870895442,1.0,697531.54,-38.2161624356315,0.0,13.45530301029332,0.231204470929408,19.67176938464316,-0.19423,0.231204470929408,4.93294870895442
142,2023,TH,KE Epress (Thailand) PCL,industrials,64.0796886985598,100.0,9.0,33.3333333333333,11.1111111111111,0.0,0.0,251264751.313485,-0.09124080000000001,112287365.356623,262274323.144105,3.30241037549282,1.0,412210.83,-35.92031130144019,0.0,12.92929022074692,0.4281294638778932,19.38490154886781,-0.367,0.4281294638778932,3.30241037549282
143,2023,MY,Samaiden Group Bhd,industrials,20.7676960345447,100.0,5.0,60.0,40.0,0.0,0.0,103277634.59695,0.05544,2052393.56913183,41694710.3965702,3.90193152992729,1.0,164.2,-79.2323039654553,1.0,5.101085197018328,0.04922431525752148,17.5458848297199,0.05544,0.04922431525752148,3.90193152992729
143,2024,MY,Samaiden Group Bhd,industrials,29.3118875554353,100.0,6.0,71.4285714285714,33.3333333333333,0.0,0.0,120874026.110116,0.08031,2322437.11558855,43954809.9681866,4.02031053996369,1.0,109.69,-70.6881124445647,1.0,4.697658205423243,0.05283692768253286,17.59867261793164,0.08031,0.05283692768253286,4.02031053996369
144,2022,MY,Mr DIY Group (M) Bhd,consumer_discretionary,54.5947710767112,100.0,7.0,57.1428571428571,42.8571428571429,0.0,0.0,4286706678.18182,0.1571,372206590.909091,755363181.818182,13.1638854986925,1.0,70046.3,-45.4052289232888,1.0,11.15691173095546,0.4927518309976116,20.44270922707357,0.1571,0.4927518309976116,13.1638854986925
144,2023,MY,Mr DIY Group (M) Bhd,consumer_discretionary,57.8835144277741,100.0,7.0,57.1428571428571,42.8571428571429,1.0,0.0,2982985250.74074,0.16309,332163398.69281,773621786.492375,7.84586570347094,1.0,93749.27,-42.1164855722259,1.0,11.44837915713567,0.4293614845037509,20.46659366418402,0.16309,0.4293614845037509,7.84586570347094
144,2024,MY,Mr DIY Group (M) Bhd,consumer_discretionary,59.1635042951683,100.0,6.0,57.1428571428571,50.0,1.0,0.0,3918357591.80842,0.1548,348454341.987466,850928827.215756,9.03582217621875,1.0,116616.48,-40.8364957048317,1.0,11.66664588081864,0.4094988098212756,20.56183904874605,0.1548,0.4094988098212756,9.03582217621875
145,2021,MY,CTOS Digital Bhd,industrials,35.8297361564533,100.0,8.0,77.7777777777778,37.5,0.0,0.0,956292026.897214,0.13686,1115754.08261287,86595341.0182517,12.933568489124,0.0,324.11,-64.1702638435467,1.0,5.781082964345989,0.01288468951669932,18.27675657322,0.13686,0.01288468951669932,12.933568489124
145,2022,MY,CTOS Digital Bhd,industrials,49.0876274093617,100.0,7.0,66.6666666666667,42.8571428571429,0.0,0.0,745500000.0,0.13089,34672727.2727273,167099772.727273,6.39781863290073,1.0,408.39,-50.9123725906383,1.0,6.012222600192492,0.2074971539866627,18.9341016334646,0.13089,0.2074971539866627,6.39781863290073
145,2023,MY,CTOS Digital Bhd,industrials,43.3394936914516,100.0,6.0,71.4285714285714,50.0,0.0,0.0,709607843.137255,0.1535,32905446.6230937,175517864.923747,5.47975396542326,1.0,371.68,-56.6605063085484,1.0,5.918033269022099,0.1874763383054445,18.9832513901268,0.1535,0.1874763383054445,5.47975396542326
145,2024,MY,CTOS Digital Bhd,industrials,48.414753425933,100.0,6.0,66.6666666666667,50.0,0.0,1.0,620411817.36795,0.12619,41864816.4726947,195459489.704566,4.59173785351164,1.0,301.25,-51.585246574067,1.0,5.707940484804864,0.2141866661781054,19.09086370213057,0.12619,0.2141866661781054,4.59173785351164
146,2022,MY,Swift Haulage Bhd,industrials,49.4526875211658,100.0,7.0,57.1428571428571,28.5714285714286,0.0,0.0,97069582.0363636,0.03342,164778863.636364,353613863.636364,0.646935636885321,0.0,134392.0,-50.5473124788342,0.0,11.80851618149005,0.4659853036922021,19.6837160950756,0.03342,0.4659853036922021,0.646935636885321
146,2023,MY,Swift Haulage Bhd,industrials,51.0041479398613,100.0,8.0,50.0,37.5,0.0,0.0,105686542.721133,0.03919,178256644.880174,374840958.605664,0.68412339654966,0.0,137801.0,-48.9958520601387,1.0,11.83356589442941,0.4755527398693417,19.74201238358954,0.03919,0.4755527398693417,0.68412339654966
146,2024,MY,Swift Haulage Bhd,industrials,52.5299231422057,100.0,10.0,50.0,30.0,0.0,1.0,89972378.782453,0.02339,183313339.301701,386489480.752014,0.543789285046369,0.0,141542.0,-47.4700768577943,1.0,11.86035177181114,0.4743035669302515,19.77261520893835,0.02339,0.4743035669302515,0.543789285046369
147,2024,MY,Coraza Integrated Technology Bhd,materials,28.1229101646867,100.0,6.0,42.8571428571429,33.3333333333333,0.0,0.0,62973186.7882722,0.0249,7697404.20769919,42389885.8549687,2.15161671800514,0.0,82911.0,-71.8770898353133,1.0,11.32552302230879,0.1815858677712609,17.56242035059032,0.0249,0.1815858677712609,2.15161671800514
149,2024,MY,Aurelius Technologies Bhd,information_technology,41.502759682653,100.0,7.0,42.8571428571429,28.5714285714286,0.0,1.0,227199102.799552,0.10615,770391.674127126,147723727.842435,9.32056069349632,0.0,6212.54,-58.497240317347,0.0,8.734325109015947,0.005215084166768664,18.81085438349831,0.10615,0.005215084166768664,9.32056069349632
151,2022,SG,Capitaland Investment Ltd,real_estate,59.6784974847184,100.0,9.0,77.7777777777778,22.2222222222222,0.0,1.0,13797552499.3131,0.01669,9397671294.22302,26205403791.6107,1.23056312993888,1.0,638176.0,-40.3215025152816,0.0,13.36636938635295,0.3586157789803474,23.98923147803472,0.01669,0.3586157789803474,1.23056312993888
151,2023,SG,Capitaland Investment Ltd,real_estate,59.3300861654973,100.0,9.0,81.8181818181818,22.2222222222222,1.0,1.0,12161778889.3989,0.0164,9545144416.64772,25875976044.2726,1.15445386147124,1.0,680727.0,-40.6699138345027,0.0,13.43091662370009,0.368880555474175,23.97658080933829,0.0164,0.368880555474175,1.15445386147124
151,2024,SG,Capitaland Investment Ltd,real_estate,70.9771382286013,100.0,10.0,80.0,20.0,1.0,1.0,9743003177.05308,0.0173,5787430413.12628,18099912100.7911,0.963814173925882,1.0,804198.0,-29.02286177139869,0.0,13.59760078649867,0.3197490894374745,23.61917291889652,0.0173,0.3197490894374745,0.963814173925882
152,2023,MY,Farm Fresh Bhd,consumer_staples,51.8606989459874,100.0,7.0,57.1428571428571,42.8571428571429,0.0,0.0,538329945.281046,0.05425,91215457.9142403,270958390.682901,3.93252840475801,1.0,67514.16,-48.1393010540126,1.0,11.12009263263812,0.3366400932790767,19.41747582714002,0.05425,0.3366400932790767,3.93252840475801
153,2023,MY,SFP Tech Holdings Bhd,industrials,21.2963975497404,100.0,6.0,66.6666666666667,33.3333333333333,0.0,0.0,501960784.313726,0.14726,11040087.1459695,65947712.4183007,11.0692597432547,1.0,3263.3,-78.7036024502596,1.0,8.090494232299681,0.1674066732738684,18.00437274991949,0.14726,0.1674066732738684,11.0692597432547
153,2024,MY,SFP Tech Holdings Bhd,industrials,18.42028835517,100.0,6.0,66.6666666666667,33.3333333333333,0.0,0.0,392121754.70009,0.1263,17346239.9283796,76047896.1504029,8.05169260181806,1.0,4189.6,-81.57971164483,1.0,8.340360542965279,0.2280962499484964,18.1468739122554,0.1263,0.2280962499484964,8.05169260181806
154,2023,MY,LGMS Bhd,information_technology,29.8936531157776,100.0,6.0,66.6666666666667,33.3333333333333,0.0,0.0,91398692.8104575,0.12,162091.503267974,20844008.714597,4.84523699528781,1.0,56633.0,-70.1063468842224,1.0,10.94434713315941,0.007776407383406138,16.85257711309775,0.12,0.007776407383406138,4.84523699528781
156,2024,MY,ITMA System Bhd,information_technology,36.3290393118115,100.0,8.0,50.0,50.0,0.0,0.0,850903015.890779,0.1698,10140331.2444047,113196732.318711,9.47668247012548,1.0,324.99,-63.6709606881885,1.0,5.783794412625586,0.08958148381751953,18.54463785687423,0.1698,0.08958148381751953,9.47668247012548
157,2023,MY,AME Real Estate Investment Trust,real_estate,30.6125475041562,100.0,6.0,50.0,16.6666666666667,1.0,0.0,148395551.154684,0.07488,22321233.4568555,150381027.845421,1.23621346904348,0.0,23.92,-69.3874524958438,0.0,3.174714929082431,0.1484311802935663,18.8286828168783,0.07488,0.1484311802935663,1.23621346904348
159,2024,MY,NationGate Holdings Bhd,information_technology,29.3739290357188,100.0,6.0,66.6666666666667,16.6666666666667,0.0,0.0,1279546368.50306,0.07179,224486544.762757,836441250.0,6.03360155039088,0.0,44083.0,-70.6260709642812,0.0,10.69382949958718,0.2683829196165983,20.54466684281052,0.07179,0.2683829196165983,6.03360155039088
160,2023,MY,Oppstar Bhd,information_technology,25.8151753240521,100.0,7.0,62.5,28.5714285714286,0.0,0.0,181573420.479303,0.1043,136394.070937004,33181564.2138698,4.70230035883453,0.0,60.31,-74.18482467594791,0.0,4.099497927462895,0.004110537708767559,17.31750498489052,0.1043,0.004110537708767559,4.70230035883453
161,2023,ID,Pertamina Geothermal Energy PT Tbk,utilities,49.9751218091647,100.0,4.0,40.0,0.0,0.0,1.0,3146053013.31601,0.06015,730842000.0,2964141000.0,1.59578236315662,1.0,121895.6,-50.0248781908353,0.0,11.71092021965795,0.246561145370615,21.809853114099,0.06015,0.246561145370615,1.59578236315662
161,2024,ID,Pertamina Geothermal Energy PT Tbk,utilities,49.2965306301852,100.0,4.0,50.0,0.0,0.0,1.0,2406075795.36981,0.05379,745813000.0,2997402000.0,1.20052546062705,1.0,91014.6,-50.7034693698148,0.0,11.41877521219038,0.2488198112899104,21.82101175041989,0.05379,0.2488198112899104,1.20052546062705
162,2024,TH,True Corporation PCL,communication_services,77.0272437040414,100.0,12.0,33.3333333333333,25.0,0.0,0.0,11227409803.6036,-0.0154,12725195971.979,19716392615.2948,5.19056498438554,1.0,718332.0,-22.9727562959586,0.0,13.48468713670166,0.645411978766722,23.70471623912823,-0.0154,0.645411978766722,5.19056498438554
163,2024,ID,Cisarua Mountain Dairy Tbk PT,consumer_staples,33.8471629764798,100.0,3.0,33.3333333333333,0.0,0.0,0.0,2656372486.05084,0.1994,79117.4642635177,509109446.861405,6.34589057955496,1.0,22896.74,-66.15283702352019,0.0,10.03874982132985,0.001473925181377779,20.04817357470395,0.1994,0.0001554036460161303,6.34589057955496
164,2023,ID,PT Dayamitra Telekomunikasi Tbk,communication_services,34.1506442235291,100.0,5.0,60.0,0.0,0.0,0.0,3826220674.14875,0.0356,1204590516.40143,3720605066.58006,1.70720358294328,1.0,30984.0,-65.8493557764709,0.0,10.34122622119459,0.3237619943114996,22.03715214431148,0.0356,0.3237619943114996,1.70720358294328
164,2024,ID,PT Dayamitra Telekomunikasi Tbk,communication_services,38.8769769143658,100.0,5.0,37.5,20.0,0.0,0.0,3341349376.43397,0.0366,1261407768.8005,3613405966.43878,1.57509934455864,1.0,10627.0,-61.1230230856342,0.0,9.271153211372695,0.3490910737726185,22.00791664550072,0.0366,0.3490910737726185,1.57509934455864
165,2022,PH,Monde Nissin Corp,consumer_staples,55.5758352921256,100.0,9.0,33.3333333333333,55.5555555555556,0.0,0.0,3567960849.02652,-0.09124080000000001,180764882.342375,1460254589.54554,3.81924484679472,0.0,209564.0,-44.4241647078744,1.0,12.25278446095213,0.1237899771974917,21.10187663386591,-0.1438,0.1237899771974917,3.81924484679472
165,2023,PH,Monde Nissin Corp,consumer_staples,57.7459993085086,100.0,9.0,40.0,55.5555555555556,0.0,0.0,2718584609.2381,0.0922,137518848.848126,1518283003.53867,2.57888121117308,1.0,155124.0,-42.2540006914914,1.0,11.95198007607195,0.0905752409317697,21.14084593038725,0.0922,0.0905752409317697,2.57888121117308
165,2024,PH,Monde Nissin Corp,consumer_staples,62.6470318004361,100.0,9.0,40.0,66.6666666666667,0.0,0.0,2668544223.002,0.1208,99979337.4199325,1344561402.30043,2.79103825943602,1.0,135040.0,-37.3529681995639,1.0,11.81332630982978,0.07435832774083531,21.01933370187578,0.1208,0.07435832774083531,2.79103825943602
166,2022,PH,Converge Information and Communications Technology Solutions Inc,communication_services,35.9880673873975,100.0,7.0,42.8571428571429,14.2857142857143,0.0,0.0,2046411133.41091,0.08269,733920998.850368,1762140063.82253,3.16223047272281,1.0,12025.16,-64.0119326126025,0.0,9.394756400498748,0.4164941334222358,21.28979485268735,0.08269,0.4164941334222358,3.16223047272281
166,2023,PH,Converge Information and Communications Technology Solutions Inc,communication_services,43.5820766629824,100.0,7.0,42.8571428571429,14.2857142857143,1.0,0.0,1087939988.77941,0.09134,679067194.265906,1826118032.17303,1.37942465445443,1.0,28926.2,-56.4179233370176,0.0,10.27250303780462,0.3718638019568948,21.3254582567744,0.09134,0.3718638019568948,1.37942465445443
166,2024,PH,Converge Information and Communications Technology Solutions Inc,communication_services,56.5539791010598,100.0,7.0,50.0,28.5714285714286,1.0,0.0,2025324466.47337,0.1039,543199813.399683,1843346546.50802,2.14448491762826,1.0,32893.2,-43.4460208989402,0.0,10.40102122846069,0.2946813307723956,21.33484853187439,0.1039,0.2946813307723956,2.14448491762826
167,2021,TH,Absolute Clean Energy PCL,utilities,45.8905581859195,100.0,10.0,54.5454545454545,30.0,0.0,0.0,1068266342.53149,0.08560000000000001,143849590.009028,563954273.578092,2.67481154827174,1.0,41048.0,-54.1094418140805,1.0,10.6224973926218,0.2550731446653517,20.15048373095941,0.08560000000000001,0.2550731446653517,2.67481154827174
167,2022,TH,Absolute Clean Energy PCL,utilities,43.5008015204393,100.0,10.0,50.0,30.0,0.0,0.0,793851484.88876,0.0661,146629666.396995,579923194.770298,1.92594329507645,1.0,39216.4,-56.4991984795607,1.0,10.57685030563428,0.25284325186385,20.17840622992624,0.0661,0.25284325186385,1.92594329507645
168,2022,TH,Zen Corporation Group PCL,consumer_discretionary,57.0477278761605,100.0,14.0,35.7142857142857,28.5714285714286,0.0,0.0,149956659.924877,0.0572,24821554.4640277,81775411.7307137,4.05228778582683,0.0,4577.0,-42.9522721238395,0.0,8.428799040653642,0.3035332251920057,18.21948716629764,0.0572,0.3035332251920057,4.05228778582683
168,2023,TH,Zen Corporation Group PCL,consumer_discretionary,67.7915978623646,100.0,13.0,35.7142857142857,30.7692307692308,1.0,0.0,80560420.3152364,0.052,32311237.2634643,94318748.1804949,1.98073377574505,0.0,5348.0,-32.2084021376354,1.0,8.584477938221834,0.3425749163001112,18.36219054205797,0.052,0.3425749163001112,1.98073377574505
169,2023,TH,SISB PCL,consumer_discretionary,41.3156488526894,100.0,7.0,57.1428571428571,14.2857142857143,0.0,0.0,974022183.304145,0.15289,12942450.3347889,134964333.799127,11.974406976887,1.0,4055.0,-58.6843511473106,0.0,8.307705966549513,0.09589533746042626,18.72052110741676,0.15289,0.09589533746042626,11.974406976887
169,2024,TH,SISB PCL,consumer_discretionary,45.6015545361876,100.0,8.0,50.0,12.5,0.0,0.0,825526932.084309,0.17489,15951731.5528313,160183912.200817,8.34180308103769,1.0,4568.0,-54.3984454638124,0.0,8.426830751335846,0.09958385541759755,18.89183316433991,0.17489,0.09958385541759755,8.34180308103769
171,2022,TH,Praram 9 Hospital PCL,health_care,64.2559707455121,100.0,10.0,40.0,20.0,0.0,0.0,383948858.711355,0.10609,222193.238948281,160583754.319561,2.80619280155749,0.0,3920.0,-35.7440292544879,0.0,8.273846932784508,0.001473925181377779,18.89432619819319,0.10609,0.00138365951082522,2.80619280155749
171,2023,TH,Praram 9 Hospital PCL,health_care,70.2236204572825,100.0,9.0,40.0,22.2222222222222,0.0,0.0,367215411.558669,0.0973,258656.972343523,172053624.075691,2.47668712479435,1.0,6351.0,-29.77637954271751,0.0,8.756367559802975,0.001503350910119352,18.96331675407015,0.0973,0.001503350910119352,2.47668712479435
171,2024,TH,Praram 9 Hospital PCL,health_care,64.4460240823689,100.0,11.0,27.2727272727273,18.1818181818182,0.0,0.0,615735509.367682,0.1158,140018.242848803,186780372.446001,3.86749505753437,1.0,6621.0,-35.55397591763111,0.0,8.798001694924846,0.001473925181377779,19.04544400567963,0.1158,0.0007496410945924357,3.86749505753437
172,2022,TH,BG Container Glass PCL,materials,37.9432936745732,100.0,8.0,50.0,37.5,0.0,0.0,200648367.523837,0.03029,249309390.34961,463894885.871136,1.53567996192887,0.0,552569.0,-62.0567063254268,1.0,13.22233359145416,0.5374264686739075,19.95516854545585,0.03029,0.5374264686739075,1.53567996192887
173,2019,SG,CSE Global Ltd,information_technology,33.7872993449062,100.0,9.0,66.6666666666667,0.0,0.0,0.0,215782863.767908,0.0723,87891996.4296341,294800654.567093,1.58431653964267,1.0,1520.145,-66.2127006550938,0.0,7.326561004027376,0.298140438523453,19.50180993865383,0.0723,0.298140438523453,1.58431653964267
173,2020,SG,CSE Global Ltd,information_technology,45.9134277998273,100.0,9.0,70.0,0.0,0.0,0.0,183626152.72918,0.07019,87834809.5995155,304239533.651298,1.25272486350691,1.0,1802.682,-54.0865722001727,0.0,7.497030834935675,0.2887028143429471,19.53332588875145,0.07019,0.2887028143429471,1.25272486350691
173,2021,SG,CSE Global Ltd,information_technology,39.8734297522862,100.0,10.0,61.5384615384615,20.0,0.0,0.0,193542155.814652,0.03754,88176426.9829503,294673832.468495,1.32074593692667,1.0,2344.0,-60.1265702477138,0.0,7.759614150696903,0.2992339911701446,19.50137964997012,0.03754,0.2992339911701446,1.32074593692667
173,2022,SG,CSE Global Ltd,information_technology,41.6634201604923,100.0,10.0,70.0,20.0,0.0,0.0,156968491.013584,0.0107,95603821.4658904,368457978.802806,0.984733373841857,1.0,4649.0,-58.3365798395077,0.0,8.444407421690585,0.2594700806222908,19.72483722999182,0.0107,0.2594700806222908,0.984733373841857
173,2023,SG,CSE Global Ltd,information_technology,38.5852980708107,100.0,8.0,70.0,25.0,0.0,0.0,201634236.426351,0.03846,108560382.07869,453618376.165568,1.22324948529922,1.0,5167.0,-61.4147019291893,0.0,8.550047528287184,0.2393209529921383,19.93276682138609,0.03846,0.2393209529921383,1.22324948529922
173,2024,SG,CSE Global Ltd,information_technology,34.8827160017439,100.0,9.0,66.6666666666667,22.2222222222222,0.0,0.0,214866941.261354,0.0428,113272048.051568,463398036.917668,1.14522387680721,1.0,4662.0,-65.1172839982561,0.0,8.447199819595703,0.2444379108832804,19.95409693369477,0.0428,0.2444379108832804,1.14522387680721
174,2020,SG,CapitaLand Ascott Trust,real_estate,5.34108088017366,100.0,7.0,57.1428571428571,28.5714285714286,1.0,0.0,2541215473.72246,0.01215,2078739495.79832,5423443106.97252,0.940974391765536,0.0,40092.0,-94.65891911982634,0.0,10.59893209214476,0.3832877850467055,22.41399671029503,0.01215,0.3832877850467055,0.940974391765536
174,2021,SG,CapitaLand Ascott Trust,real_estate,62.2091824163591,100.0,9.0,60.0,22.2222222222222,1.0,1.0,2501736870.4003,0.01303,2227429948.10971,5732576723.49889,0.86737724050724,1.0,31185.0,-37.7908175836409,0.0,10.34769248896022,0.3885565000777161,22.46943095655773,0.01303,0.3885565000777161,0.86737724050724
174,2022,SG,CapitaLand Ascott Trust,real_estate,65.8485435539124,100.0,8.0,60.0,25.0,1.0,1.0,2700333047.02194,0.01244,2344827586.2069,5988724436.48306,0.91236026757209,1.0,27645.0,-34.15145644608759,0.0,10.22720015877203,0.391540404150558,22.51314427756273,0.01244,0.391540404150558,0.91236026757209
174,2023,SG,CapitaLand Ascott Trust,real_estate,65.4183230120759,100.0,8.0,55.5555555555556,37.5,1.0,1.0,2824403686.2861,0.02359,2511049958.30491,6618774164.20287,0.855227058046031,1.0,32444.0,-34.5816769879241,1.0,10.38727080519024,0.3793829334570335,22.61317601817839,0.02359,0.3793829334570335,0.855227058046031
174,2024,SG,CapitaLand Ascott Trust,real_estate,70.7560649127527,100.0,9.0,66.6666666666667,33.3333333333333,1.0,1.0,2419180211.99824,0.0172,2500780105.47905,6460657779.07999,0.75455340772711,1.0,33870.0,-29.24393508724729,1.0,10.43028494581182,0.3870782497684262,22.58899697294427,0.0172,0.3870782497684262,0.75455340772711
175,2020,SG,China Everbright Water Ltd,utilities,41.974469099363,100.0,7.0,57.1428571428571,28.5714285714286,0.0,0.0,487317179.707018,0.04131,1430528875.30152,3470909794.5126,0.35862201080084,1.0,289062.98,-58.025530900637,0.0,12.57439986722804,0.4121480994876737,21.96768258516009,0.04131,0.4121480994876737,0.35862201080084
175,2021,SG,China Everbright Water Ltd,utilities,43.0436896577768,100.0,7.0,57.1428571428571,28.5714285714286,0.0,0.0,668032741.100815,0.04009,1853349239.334,4229104902.63988,0.438737466900256,1.0,369835.1,-56.9563103422232,0.0,12.82081250960181,0.4382367621519881,22.16525620067176,0.04009,0.4382367621519881,0.438737466900256
175,2022,SG,China Everbright Water Ltd,utilities,54.0549073534031,100.0,7.0,44.4444444444444,28.5714285714286,0.0,0.0,523148826.044932,0.13566,1954688776.49017,4282751904.73142,0.37251283174162,1.0,435309.0,-45.9450926465969,0.0,12.98381140272293,0.4564095282593196,22.17786160831969,0.13566,0.4564095282593196,0.37251283174162
176,2014,SG,Keppel Ltd,industrials,59.5966370261626,100.0,11.0,63.6363636363636,9.09090909090909,1.0,1.0,7655676000.85152,0.06118000000000001,5570049041.7987,23834997736.5324,0.974292948679371,1.0,909672.0,-40.4033629738374,0.0,13.72083937395864,0.233692031497925,23.89442083063917,0.06118000000000001,0.233692031497925,0.974292948679371
176,2015,SG,Keppel Ltd,industrials,65.5967478058597,86.3636363636363,9.0,58.3333333333333,11.1111111111111,0.0,1.0,5266073475.32394,0.05041,5826221516.75485,20402540388.0071,0.670252035682901,1.0,878613.0,-20.7668885577766,0.0,13.68609980668114,0.2855635330676559,23.73892525886739,0.05041,0.2855635330676559,0.670252035682901
176,2016,SG,Keppel Ltd,industrials,63.7290506306227,100.0,10.0,81.8181818181818,20.0,0.0,1.0,4585630087.05392,0.02695,6252964497.85882,20192121840.0332,0.568740947870201,1.0,920255.0,-36.2709493693773,0.0,13.73240608453267,0.3096734730206313,23.72855835736155,0.02695,0.3096734730206313,0.568740947870201
176,2017,SG,Keppel Ltd,industrials,63.3096096817762,4.54545454545455,9.0,80.0,11.1111111111111,0.0,1.0,6303747149.00239,0.02916,5827415688.32723,21256098855.9037,0.75316222137308,1.0,1429895.0,58.76415513632165,0.0,14.1731115729668,0.2741526433345842,23.77990969612249,0.02916,0.2741526433345842,0.75316222137308
176,2018,SG,Keppel Ltd,industrials,68.2686809486517,7.14285714285714,9.0,77.7777777777778,11.1111111111111,0.0,1.0,5009928835.71515,0.0345,5539376972.18757,19510965729.8011,0.603912643036765,1.0,400427.0,61.12582380579457,0.0,12.90028675671716,0.2839109580171478,23.69424248957736,0.0345,0.2839109580171478,0.603912643036765
176,2019,SG,Keppel Ltd,industrials,66.7169168895584,33.3333333333333,10.0,80.0,10.0,0.0,1.0,5817073279.37254,0.02275,8670834573.04374,23297798274.3231,0.696807651576416,1.0,181802.0,33.3835835562251,0.0,12.11067346176511,0.3721739913337653,23.87162469838892,0.02275,0.3721739913337653,0.696807651576416
176,2020,SG,Keppel Ltd,industrials,71.0116520831374,100.0,10.0,83.3333333333333,10.0,1.0,1.0,4710566765.77582,0.00458,9541297600.12113,24306063290.1809,0.578998202573896,1.0,172122.0,-28.98834791686259,0.0,12.05595880668517,0.3925480439267842,23.91399167428289,0.00458,0.3925480439267842,0.578998202573896
176,2021,SG,Keppel Ltd,industrials,70.9522399389681,65.0,11.0,90.9090909090909,18.1818181818182,1.0,1.0,4389537520.04291,0.03169,8908034840.62268,23960657524.0919,0.507794718129887,1.0,171884.0,5.952239938968106,0.0,12.05457510966841,0.3717775621001157,23.89967905239191,0.03169,0.3717775621001157,0.507794718129887
176,2022,SG,Keppel Ltd,industrials,70.3759664918031,100.0,9.0,83.3333333333333,22.2222222222222,1.0,1.0,6266967773.66541,0.0293,7747404836.54277,23186279295.4172,0.722841270656545,1.0,157122.0,-29.6240335081969,0.0,11.96477785263151,0.334137475781811,23.8668265309867,0.0293,0.334137475781811,0.722841270656545
176,2023,SG,Keppel Ltd,industrials,69.1115728589671,83.3333333333333,11.0,72.7272727272727,18.1818181818182,1.0,1.0,9757670694.17785,0.0306,8444470472.29172,20345615950.2691,1.2087791483473,1.0,142004.0,-14.22176047436621,0.0,11.86361050520074,0.41505110943471,23.73613129320691,0.0306,0.41505110943471,1.2087791483473
176,2024,SG,Keppel Ltd,industrials,68.8154313580599,36.3636363636364,12.0,75.0,25.0,1.0,1.0,9121458486.87372,0.03049,8842768825.08057,20259561968.9423,1.14873781993393,1.0,68922.0,32.45179499442349,0.0,11.14073070937346,0.4364738407788107,23.73189271504666,0.03049,0.4364738407788107,1.14873781993393
177,2020,SG,CapitaLand China Trust,real_estate,67.0995542530976,100.0,9.0,66.6666666666667,11.1111111111111,1.0,1.0,1585238753.87993,0.01276,1037668256.49179,3263121356.65077,0.932612165982851,1.0,31239.0,-32.90044574690241,0.0,10.34942259319801,0.3179986715409324,21.90595004560696,0.01276,0.3179986715409324,0.932612165982851
177,2021,SG,CapitaLand China Trust,real_estate,65.7082603865674,100.0,9.0,77.7777777777778,11.1111111111111,1.0,1.0,1463927282.06079,0.02043,1482707931.80133,4133358042.99481,0.763016253193823,1.0,33190.0,-34.2917396134326,0.0,10.41000390471402,0.3587175164547418,22.14235599901533,0.02043,0.3587175164547418,0.763016253193823
177,2022,SG,CapitaLand China Trust,real_estate,66.1450502921287,100.0,9.0,70.0,11.1111111111111,1.0,1.0,1399283508.46395,0.01419,1456243469.1745,3900661292.73026,0.812910781547902,1.0,40698.0,-33.8549497078713,0.0,10.61393423017413,0.3733324582394605,22.08441193794649,0.01419,0.3733324582394605,0.812910781547902
177,2023,SG,CapitaLand China Trust,real_estate,65.5323098294896,100.0,8.0,72.7272727272727,25.0,1.0,1.0,1190691961.90584,0.02281,1479133500.11371,3787248123.72072,0.76997754101519,1.0,41700.0,-34.46769017051039,0.0,10.63825640778689,0.390556269828067,22.05490550358261,0.02281,0.390556269828067,0.76997754101519
177,2024,SG,CapitaLand China Trust,real_estate,63.2614393364129,100.0,10.0,63.6363636363636,40.0,1.0,1.0,907313564.019924,0.0199,1355988866.10021,3459444769.99707,0.642913001883067,1.0,40519.0,-36.7385606635871,1.0,10.6095262788873,0.3919671959675074,21.96437394204007,0.0199,0.3919671959675074,0.642913001883067
178,2022,SG,CapitaLand Ascendas REIT,real_estate,57.2588994555919,100.0,7.0,62.5,14.2857142857143,1.0,1.0,8597503336.39349,0.0314,5067398119.12226,13342281683.8334,1.15562806164401,1.0,54905.0,-42.7411005444081,0.0,10.91335969803181,0.3797999651935346,23.3142039035752,0.0314,0.3797999651935346,1.15562806164401
178,2023,SG,CapitaLand Ascendas REIT,real_estate,63.904445227343,100.0,8.0,62.5,25.0,1.0,1.0,10092206780.7369,0.04003,5433404594.04139,13853129406.4135,1.34320015050455,1.0,56371.0,-36.095554772657,0.0,10.93971012085086,0.3922149598578008,23.35177699397847,0.04003,0.3922149598578008,1.34320015050455
178,2024,SG,CapitaLand Ascendas REIT,real_estate,67.3156002898311,100.0,8.0,62.5,25.0,1.0,1.0,8283617510.99473,0.0393,5240750805.74275,13381929387.6355,1.12987314797441,1.0,59692.0,-32.6843997101689,0.0,10.99695328705136,0.3916289388423351,23.31717108062561,0.0393,0.3916289388423351,1.12987314797441
179,2014,SG,CapitaLand Integrated Commercial Trust,real_estate,28.6505447773031,100.0,10.0,50.0,0.0,0.0,0.0,5356536495.24457,0.04548,2391216991.09703,7437986268.29636,1.12422170453027,0.0,71668.0,-71.3494552226969,0.0,11.17979962291979,0.3214871478439457,22.72986598629221,0.04548,0.3214871478439457,1.12422170453027
179,2015,SG,CapitaLand Integrated Commercial Trust,real_estate,41.6979999546091,100.0,10.0,54.5454545454545,0.0,1.0,0.0,4846543186.74625,0.03958,2336617989.41799,7305640211.64021,1.02111101585645,0.0,63401.0,-58.3020000453909,0.0,11.05723491317159,0.3198375394527387,22.71191251850605,0.03958,0.3198375394527387,1.02111101585645
179,2016,SG,CapitaLand Integrated Commercial Trust,real_estate,47.7554291328034,100.0,10.0,60.0,0.0,0.0,0.0,4636964816.4899,0.03883,2271247409.86324,7132706174.88603,0.997978370874252,0.0,65427.0,-52.2445708671966,0.0,11.08869029628534,0.3184271655350405,22.68795654703247,0.03883,0.3184271655350405,0.997978370874252
179,2017,SG,CapitaLand Integrated Commercial Trust,real_estate,50.186016962909,100.0,10.0,54.5454545454545,0.0,0.0,0.0,5677962105.66573,0.03894,2380244522.54543,7854962985.11927,1.09033481380194,0.0,61945.0,-49.813983037091,0.0,11.03400217354984,0.3030242824892558,22.78441139637291,0.03894,0.3030242824892558,1.09033481380194
179,2018,SG,CapitaLand Integrated Commercial Trust,real_estate,50.291876894329,100.0,10.0,45.4545454545455,0.0,0.0,1.0,6146404244.58618,0.04341999999999999,2662227196.00793,8440353709.54722,1.12156025277431,1.0,59610.0,-49.708123105671,0.0,10.99557862421397,0.3154165438584142,22.85629005339026,0.04341999999999999,0.3154165438584142,1.12156025277431
179,2019,SG,CapitaLand Integrated Commercial Trust,real_estate,51.9066090664988,100.0,9.0,50.0,0.0,0.0,1.0,6784900191.67935,0.04148,2657095358.52425,8726315828.62243,1.16830023950878,1.0,71665.0,-48.0933909335012,0.0,11.17975776235732,0.3044922291041705,22.88960910496745,0.04148,0.3044922291041705,1.16830023950878
179,2020,SG,CapitaLand Integrated Commercial Trust,real_estate,52.9169319000324,100.0,10.0,54.5454545454545,10.0,0.0,1.0,10636204518.5145,0.01835,6613198576.72799,16970533727.0043,1.07202968080373,1.0,71827.0,-47.0830680999676,0.0,11.18201572891752,0.3896871296513652,23.55474436690623,0.01835,0.3896871296513652,1.07202968080373
179,2021,SG,CapitaLand Integrated Commercial Trust,real_estate,48.7593216427205,100.0,8.0,58.3333333333333,25.0,0.0,1.0,10045696979.5862,0.0362,6068142327.65011,16858302446.2565,0.986379637546058,1.0,62140.0,-51.2406783572795,0.0,11.03714518294704,0.3599497842084084,23.5481090991756,0.0362,0.3599497842084084,0.986379637546058
179,2022,SG,CapitaLand Integrated Commercial Trust,real_estate,59.2970751328161,100.0,8.0,63.6363636363636,37.5,1.0,1.0,10155242725.4603,0.03189,7199471562.91984,18410675473.9513,0.961787289979296,1.0,62688.0,-40.7029248671839,1.0,11.04592532074427,0.3910487463160247,23.6361965221186,0.03189,0.3910487463160247,0.961787289979296
179,2023,SG,CapitaLand Integrated Commercial Trust,real_estate,61.7351114596868,100.0,9.0,70.0,44.4444444444444,1.0,1.0,10451210501.9322,0.0281,7230582215.14669,18754549313.9262,0.965852376402649,1.0,64939.0,-38.2648885403132,1.0,11.08120364670858,0.3855375084794823,23.65470219000898,0.0281,0.3855375084794823,0.965852376402649
179,2024,SG,CapitaLand Integrated Commercial Trust,real_estate,61.9990885457528,100.0,9.0,77.7777777777778,44.4444444444444,1.0,1.0,10317936304.2704,0.0298,6597470700.2637,18688105772.0481,0.907345587026689,1.0,64302.0,-38.0009114542472,1.0,11.07134601394105,0.3530304665832731,23.65115310346748,0.0298,0.3530304665832731,0.907345587026689
181,2014,SG,City Developments Ltd,real_estate,79.9060033730405,100.0,9.0,66.6666666666667,0.0,0.0,0.0,6362598337.56315,0.0423,5158804889.09009,14863829787.234,1.04369831600986,1.0,33463.0,-20.09399662695949,0.0,10.41819562981634,0.3470710417796091,23.42219656760908,0.0423,0.3470710417796091,1.04369831600986
181,2015,SG,City Developments Ltd,real_estate,83.3674649464443,100.0,9.0,70.0,11.1111111111111,0.0,0.0,4448336104.92825,0.03865,4676912169.31217,14334059964.7266,0.727651350618109,1.0,29791.0,-16.6325350535557,0.0,10.30196161345544,0.3262796570421194,23.38590435790039,0.03865,0.3262796570421194,0.727651350618109
181,2016,SG,City Developments Ltd,real_estate,85.2231960519542,100.0,7.0,66.6666666666667,14.2857142857143,0.0,0.0,4736623985.06031,0.03257,4058341621.77096,13674141456.0022,0.765059972260025,1.0,369354.0,-14.7768039480458,0.0,12.81951081273444,0.2967895011784868,23.33877240127277,0.03257,0.2967895011784868,0.765059972260025
181,2017,SG,City Developments Ltd,real_estate,81.5923568065001,100.0,8.0,75.0,12.5,0.0,1.0,7764331834.11819,0.02739,3847693112.98886,14480142077.32,1.14591855186352,1.0,300549.0,-18.40764319349989,0.0,12.61336608122837,0.2657220552424991,23.39604403582546,0.02739,0.2657220552424991,1.14591855186352
181,2018,SG,City Developments Ltd,real_estate,82.2666281407324,100.0,7.0,75.0,14.2857142857143,0.0,1.0,4977532963.13435,0.03658,4814188742.93682,15326698466.2802,0.696668197179948,1.0,164385.0,-17.73337185926761,0.0,12.0099665165656,0.3141047469243536,23.45286214240111,0.03658,0.3141047469243536,0.696668197179948
181,2019,SG,City Developments Ltd,real_estate,82.2488121951307,100.0,7.0,75.0,28.5714285714286,0.0,1.0,6848891570.942,0.0256,7545306456.41178,17256959982.1482,0.901208880280748,1.0,160514.0,-17.7511878048693,0.0,11.98613644516245,0.4372326565175541,23.57148137627471,0.0256,0.4372326565175541,0.901208880280748
181,2020,SG,City Developments Ltd,real_estate,87.3628282863043,100.0,8.0,62.5,25.0,1.0,1.0,5108915959.1009,-0.0128,9115778635.77864,17924742221.2128,0.823612808948046,1.0,16922.0,-12.63717171369569,0.0,9.736369829484445,0.5085584229485148,23.60944784236427,-0.0128,0.5085584229485148,0.823612808948046
181,2021,SG,City Developments Ltd,real_estate,85.2542240539199,100.0,9.0,66.6666666666667,22.2222222222222,1.0,1.0,4315332458.64581,0.0153,8638968124.53669,17702200889.5478,0.719404968180036,1.0,15044.0,-14.7457759460801,0.0,9.618734519590227,0.4880166132131931,23.59695481283836,0.0153,0.4880166132131931,0.719404968180036
181,2022,SG,City Developments Ltd,real_estate,87.4781745570624,100.0,8.0,80.0,12.5,1.0,1.0,5467923853.52079,0.0334,7957083893.11838,17152592177.937,0.82224758773404,1.0,15286.0,-12.5218254429376,0.0,9.63469265580283,0.4638997890565719,23.56541514653832,0.0334,0.4638997890565719,0.82224758773404
181,2023,SG,City Developments Ltd,real_estate,86.2783966015148,100.0,9.0,66.6666666666667,22.2222222222222,1.0,1.0,4566064452.54322,0.0134,9412286407.39898,18371633689.6369,0.676785150581125,1.0,13744.0,-13.7216033984852,0.0,9.528357644224037,0.5123271324916671,23.63407366469806,0.0134,0.5123271324916671,0.676785150581125
181,2024,SG,City Developments Ltd,real_estate,84.9010199009255,100.0,10.0,70.0,20.0,1.0,1.0,3403552443.81776,0.0077,10249561236.4489,18756875915.6168,0.518363444651752,1.0,11447.0,-15.0989800990745,0.0,9.345482965918476,0.5464428768713671,23.6548262376387,0.0077,0.5464428768713671,0.518363444651752
182,2017,SG,Yangzijiang Shipbuilding (Holdings) Ltd,industrials,17.4257942335485,100.0,4.0,50.0,0.0,0.0,0.0,2269312972.44373,0.0693,758733227.794599,6666254706.97631,0.569655433051615,0.0,102374.0,-82.5742057664515,0.0,11.53638805309789,0.113817017372675,22.62032402596941,0.0693,0.113817017372675,0.569655433051615
182,2018,SG,Yangzijiang Shipbuilding (Holdings) Ltd,industrials,19.2468679717992,100.0,4.0,50.0,0.0,0.0,0.0,1893718994.6628,0.0808,592255690.495237,6532104428.76882,0.447634693582519,0.0,89930.0,-80.7531320282008,0.0,11.40678686890856,0.09066843571679796,22.59999499918477,0.0808,0.09066843571679796,0.447634693582519
182,2019,SG,Yangzijiang Shipbuilding (Holdings) Ltd,industrials,20.2770137907872,100.0,4.0,50.0,0.0,0.0,0.0,1719870206.83056,0.0708,722935447.729036,6572455686.74768,0.37969123859317,0.0,87456.0,-79.72298620921279,0.0,11.37889108872779,0.1099947237661444,22.60615337232385,0.0708,0.1099947237661444,0.37969123859317
182,2020,SG,Yangzijiang Shipbuilding (Holdings) Ltd,industrials,28.4348176143439,50.0,4.0,50.0,0.0,0.0,0.0,1492584976.91574,0.05549,650429578.544061,6882859923.37165,0.29191501001747,1.0,119624.0,-21.5651823856561,0.0,11.69210876926368,0.09449990059153207,22.65230008905453,0.05549,0.09449990059153207,0.29191501001747
182,2023,SG,Yangzijiang Shipbuilding (Holdings) Ltd,industrials,26.0297226513364,100.0,4.0,50.0,0.0,0.0,0.0,4488950595.10272,0.10888,788222547.831723,5757322973.31568,1.51253700811801,1.0,195492.18,-73.9702773486636,0.0,12.18327565760754,0.1369078218270914,22.47373844204193,0.10888,0.1369078218270914,1.51253700811801
182,2024,SG,Yangzijiang Shipbuilding (Holdings) Ltd,industrials,27.9967515686109,23.2558139534884,4.0,50.0,25.0,0.0,0.0,8703845758.86317,0.14279,931596180.45566,7474185880.83789,2.40340221624466,1.0,225764.3,4.740937615122501,0.0,12.32724681368059,0.1246418265893093,22.7347210380293,0.14279,0.1246418265893093,2.40340221624466
183,2020,SG,Bukit Sembawang Estates Ltd,real_estate,45.1510374289819,100.0,6.0,50.0,16.6666666666667,0.0,0.0,688390705.091506,0.05045,251843670.980217,1451282909.41544,0.76582688538911,1.0,13.48,-54.8489625710181,0.0,2.601207105484161,0.1735317554877406,21.09571376731905,0.05045,0.1735317554877406,0.76582688538911
183,2021,SG,Bukit Sembawang Estates Ltd,real_estate,44.3621788980137,100.0,5.0,50.0,20.0,0.0,0.0,893566130.448723,0.04035,97513286.0938884,1235136551.52052,0.84183813372183,1.0,10.8,-55.6378211019863,0.0,2.379546134130174,0.07894939711228226,20.93444736894697,0.04035,0.07894939711228226,0.84183813372183
185,2020,SG,AEM Holdings Ltd,information_technology,26.8368149740544,100.0,6.0,66.6666666666667,0.0,0.0,0.0,730357462.036257,0.3464,8544931.48610796,254007873.419638,4.49640136129743,1.0,3344.0,-73.16318502594561,0.0,8.114922974204593,0.03364041976758398,19.3528758222175,0.3464,0.03364041976758398,4.49640136129743
185,2021,SG,AEM Holdings Ltd,information_technology,29.5027576770592,100.0,7.0,57.1428571428571,0.0,0.0,1.0,1214691521.50426,0.17579,60246849.5181616,526684951.81616,4.04644830977395,1.0,3938.0,-70.49724232294079,0.0,8.278428259199071,0.1143887808269693,20.08211311335278,0.17579,0.1143887808269693,4.04644830977395
185,2022,SG,AEM Holdings Ltd,information_technology,36.5182549433904,100.0,9.0,55.5555555555556,11.1111111111111,0.0,1.0,803823436.274389,0.1673,106959994.02896,601280788.17734,2.17696845158922,1.0,8097.0,-63.4817450566096,0.0,8.999248901686114,0.1778869309182277,20.21457258502097,0.1673,0.1778869309182277,2.17696845158922
185,2023,SG,AEM Holdings Ltd,information_technology,42.6083009294238,100.0,7.0,50.0,14.2857142857143,0.0,1.0,826219567.03171,-0.00163,95788795.3907968,536371010.537488,2.28641805969363,1.0,11567.0,-57.3916990705762,0.0,9.355911495295402,0.1785868242484032,20.10033666342493,-0.00163,0.1785868242484032,2.28641805969363
185,2024,SG,AEM Holdings Ltd,information_technology,33.8606994185393,100.0,7.0,57.1428571428571,14.2857142857143,0.0,1.0,333062286.434222,0.0166,69131995.3120422,493096249.633753,0.928049281652385,1.0,10608.0,-66.1393005814607,0.0,9.269363712425644,0.1401997994577934,20.0162149454744,0.0166,0.1401997994577934,0.928049281652385
186,2020,SG,Riverstone Holdings Ltd,health_care,31.0386599064443,100.0,5.0,50.0,0.0,0.0,0.0,1084828734.46075,0.3684360000000003,2004477.6119403,419843283.58209,3.3148434891778,1.0,207047.0,-68.9613400935557,0.0,12.24070109961494,0.00477434721555662,19.8553920652814,0.49399,0.00477434721555662,3.3148434891778
186,2021,SG,Riverstone Holdings Ltd,health_care,39.0378249732424,100.0,5.0,66.6666666666667,0.0,0.0,0.0,688228283.602594,0.3684360000000003,378962.536023055,648320845.341018,1.26834025169611,1.0,230896.0,-60.9621750267576,0.0,12.34972267167586,0.001473925181377779,20.2898962634784,0.6464,0.0005845293094404824,1.26834025169611
186,2023,SG,Riverstone Holdings Ltd,health_care,50.4107823720951,100.0,5.0,60.0,0.0,0.0,0.0,767368180.201956,0.11463,221786.492374728,397644444.444444,2.11721852944246,1.0,164624.0,-49.5892176279049,0.0,12.01141936461559,0.001473925181377779,19.80106880830149,0.11463,0.0005577507632090517,2.11721852944246
186,2024,SG,Riverstone Holdings Ltd,health_care,51.6401957359705,100.0,5.0,60.0,0.0,0.0,0.0,1170754212.30406,0.15919,110564.010743062,398224709.042077,3.31112612348158,1.0,131992.0,-48.3598042640295,0.0,11.79049659367128,0.001473925181377779,19.8025269995077,0.15919,0.0002776422663702157,3.31112612348158
188,2019,SG,Keppel Infrastructure Trust,materials,61.7537663684474,100.0,7.0,71.4285714285714,28.5714285714286,1.0,1.0,1855858435.41476,0.00876,1834973966.08152,3721567241.89229,1.86562729485071,1.0,2030000.0,-38.2462336315526,0.0,14.52354635101797,0.4930648425281437,22.03741071809282,0.00876,0.4930648425281437,1.86562729485071
188,2020,SG,Keppel Infrastructure Trust,materials,54.1478681093342,100.0,6.0,71.4285714285714,16.6666666666667,1.0,1.0,1904858113.26344,0.0169,1899673707.32077,3731951699.59876,2.18271863936028,1.0,2316141.0,-45.8521318906658,0.0,14.65541299665088,0.5090295534974402,22.04019717761806,0.0169,0.5090295534974402,2.18271863936028
188,2021,SG,Keppel Infrastructure Trust,materials,52.2778837464995,100.0,6.0,85.7142857142857,33.3333333333333,1.0,1.0,1865488008.91097,0.0175,1536788732.39437,3336384729.42921,2.2417236379035,1.0,2095000.0,-47.7221162535005,1.0,14.55506411133837,0.4606149641073571,21.92815364136082,0.0175,0.4606149641073571,2.2417236379035
188,2022,SG,Keppel Infrastructure Trust,materials,55.5880221907314,100.0,6.0,85.7142857142857,33.3333333333333,1.0,1.0,1861260316.46145,0.04559999999999999,2414884311.09121,4450482161.51664,2.56198200117728,1.0,1910000.0,-44.4119778092686,1.0,14.46261380002281,0.5426118392233401,22.21627827815764,0.04559999999999999,0.5426118392233401,2.56198200117728
188,2023,SG,Keppel Infrastructure Trust,materials,49.898771172942,100.0,7.0,75.0,28.5714285714286,1.0,1.0,2099986327.02548,0.01674,2335323326.5105,4258341293.30604,3.11078199520076,1.0,2184000.0,-50.101228827058,0.0,14.59666861584693,0.5484114977307114,22.17214555363584,0.01674,0.5484114977307114,3.11078199520076
189,2020,SG,Jardine Cycle & Carriage Ltd,industrials,47.7530619444986,100.0,12.0,53.3333333333333,16.6666666666667,0.0,0.0,5849700530.24453,0.01517,7269900000.0,27512200000.0,0.838774971715996,1.0,4830100.0,-52.2469380555014,0.0,15.39037772934818,0.2642427722973808,24.03789537960506,0.01517,0.2642427722973808,0.838774971715996
189,2021,SG,Jardine Cycle & Carriage Ltd,industrials,47.3497270634221,100.0,10.0,63.6363636363636,20.0,0.0,0.0,6035483715.93773,0.02779,6677200000.0,29053700000.0,0.819125935226749,1.0,3432600.0,-52.6502729365779,0.0,15.04882854948467,0.2298227076069485,24.09241167874319,0.02779,0.2298227076069485,0.819125935226749
189,2022,SG,Jardine Cycle & Carriage Ltd,industrials,49.7284296416457,100.0,10.0,72.7272727272727,20.0,0.0,0.0,8436899415.43514,0.03756,6103800000.0,29232900000.0,1.17648117014142,1.0,3445532.0,-50.2715703583543,0.0,15.05258887721269,0.2087989901788738,24.09856062428545,0.03756,0.2087989901788738,1.17648117014142
189,2023,SG,Jardine Cycle & Carriage Ltd,industrials,59.5783114986841,100.0,9.0,54.5454545454545,33.3333333333333,0.0,1.0,8916861444.07551,0.03761,7565700000.0,32393600000.0,1.10914514069153,1.0,4916800.0,-40.4216885013159,1.0,15.40816847035836,0.2335553936580065,24.20122670936871,0.03761,0.2335553936580065,1.10914514069153
190,2014,SG,StarHub Ltd,communication_services,57.7702599931098,100.0,13.0,35.7142857142857,0.0,0.0,0.0,5405337767.7305,0.23408,518711332.427946,1499320959.71028,42.01405290619211,1.0,58384.0,-42.2297400068902,0.0,10.97479715867623,0.3459641706924305,21.12827814903145,0.23408,0.3459641706924305,45.8364446577095
190,2015,SG,StarHub Ltd,communication_services,63.8873942803652,100.0,13.0,38.4615384615385,0.0,0.0,0.0,4515161886.13757,0.19109,485008818.342152,1347019400.35273,33.9175490196078,1.0,54625.0,-36.1126057196348,0.0,10.90824693239789,0.3600607520687139,21.02116013690843,0.19109,0.3600607520687139,33.9175490196078
190,2016,SG,StarHub Ltd,communication_services,58.8790180363177,100.0,13.0,46.6666666666667,7.69230769230769,0.0,1.0,3360920399.7997,0.16631,682069346.594834,1516991297.14049,24.7325363678044,1.0,56706.0,-41.1209819636823,0.0,10.94563530422311,0.4496198151436507,21.13999480040808,0.16631,0.4496198151436507,24.7325363678044
190,2017,SG,StarHub Ltd,communication_services,58.7721927384021,60.5263157894737,12.0,46.1538461538462,8.33333333333333,0.0,1.0,3690425942.23435,0.10949,730950422.493083,1971135870.78442,12.2888579432271,1.0,54518.0,-1.754123051071602,0.0,10.90628620135184,0.3708270106221541,21.40187579769006,0.10949,0.3708270106221541,12.2888579432271
190,2018,SG,StarHub Ltd,communication_services,57.0325826642051,100.0,12.0,40.0,16.6666666666667,0.0,1.0,2223813036.80194,0.0808,754751596.095986,1947237102.8106,9.83573271665044,1.0,54632.0,-42.9674173357949,0.0,10.90837507064093,0.3876012813265492,21.38967733445859,0.0808,0.3876012813265492,9.83573271665044
190,2019,SG,StarHub Ltd,communication_services,58.8755725197099,100.0,11.0,57.1428571428571,27.2727272727273,1.0,1.0,1829027855.59357,0.06916,895492412.97233,2033546563.52276,7.72260809032055,1.0,61426.0,-41.1244274802901,0.0,11.02558847727314,0.4403599253813238,21.43304718126565,0.06916,0.4403599253813238,7.72260809032055
190,2020,SG,StarHub Ltd,communication_services,68.3238786525138,100.0,12.0,58.3333333333333,25.0,0.0,1.0,1717361503.52033,0.0557,1006889242.18336,2219168748.58051,6.69769660422577,1.0,61944.0,-31.6761213474862,0.0,11.03398603006656,0.4537236038617685,21.520398525135,0.0557,0.4537236038617685,6.69769660422577
190,2021,SG,StarHub Ltd,communication_services,72.1135134255545,100.0,12.0,58.3333333333333,25.0,0.0,1.0,1745771654.91475,0.04839,1109488510.00741,2403928836.17494,6.03960718151951,1.0,58052.0,-27.8864865744455,0.0,10.96909443959025,0.4615313454007212,21.60037025092454,0.04839,0.4615313454007212,6.03960718151951
190,2022,SG,StarHub Ltd,communication_services,60.8036151548416,79.7297297297297,12.0,50.0,25.0,0.0,1.0,1344168906.34423,0.0214,947081653.978206,2339080459.77011,5.43533581313162,1.0,68504.0,-18.9261145748881,0.0,11.13464741670603,0.4048948594403149,21.57302372317448,0.0214,0.4048948594403149,5.43533581313162
190,2023,SG,StarHub Ltd,communication_services,57.6415997276348,100.0,13.0,61.5384615384615,23.0769230769231,0.0,1.0,1457154955.4469,0.0533,942991433.55318,2300886968.38754,5.15738719875305,1.0,68270.0,-42.3584002723652,0.0,11.13122571041233,0.4098382260881019,21.55656052397149,0.0533,0.4098382260881019,5.15738719875305
190,2024,SG,StarHub Ltd,communication_services,57.6241074380277,79.6296296296296,11.0,61.5384615384615,27.2727272727273,0.0,1.0,1534792152.08761,0.0521,923454438.91005,2285892176.97041,5.09467872105392,1.0,63496.0,-22.00552219160191,0.0,11.05873219077071,0.4039798763098019,21.55002223452704,0.0521,0.4039798763098019,5.09467872105392
191,2014,SG,Singapore Airlines Ltd,industrials,55.5314282658412,89.5833333333333,9.0,80.0,11.1111111111111,0.0,0.0,10501192432.3382,0.01716,1268226888.30563,17440653251.6769,1.12119882197775,1.0,14124417.0,-34.0519050674921,0.0,16.46341555980869,0.0727167079125142,23.58206971181731,0.01716,0.0727167079125142,1.12119882197775
191,2015,SG,Singapore Airlines Ltd,industrials,61.3825833189661,45.0,8.0,77.7777777777778,12.5,0.0,0.0,9480310929.76425,0.03373,999629080.118694,17690356083.0861,1.04199677473236,1.0,13826816.0,16.3825833189661,0.0,16.44212045298489,0.05650700728825056,23.59628547397635,0.03373,0.05650700728825056,1.04199677473236
191,2016,SG,Singapore Airlines Ltd,industrials,55.6394749289793,95.0,9.0,80.0,11.1111111111111,0.0,0.0,8013929219.20294,0.0191,1122503042.8868,17698861602.3484,0.909380604984673,1.0,13969027.0,-39.3605250710207,0.0,16.45235307955913,0.06342233009708709,23.59676615820631,0.0191,0.06342233009708709,0.909380604984673
191,2017,SG,Singapore Airlines Ltd,industrials,57.8649130357655,23.6842105263158,7.0,90.0,0.0,0.0,0.0,9573333242.5038,0.0342,2385976958.87694,19754711223.0106,0.996760403232615,1.0,14111900.0,34.1807025094497,0.0,16.4625289710358,0.1207801486917063,23.70665784278394,0.0342,0.1207801486917063,0.996760403232615
191,2018,SG,Singapore Airlines Ltd,industrials,65.1918173290603,100.0,8.0,88.8888888888889,0.0,0.0,0.0,8294271808.82959,0.02352,4909184802.65585,22504758391.7374,0.860567553196472,1.0,14203281.0,-34.8081826709397,0.0,16.46898355222011,0.2181398581225494,23.8369926078744,0.02352,0.2181398581225494,0.860567553196472
191,2019,SG,Singapore Airlines Ltd,industrials,69.8206414516508,100.0,9.0,90.0,11.1111111111111,1.0,1.0,8068031009.41611,-0.0066,8290186422.79282,23716355962.012,0.73035794445853,1.0,16529024.0,-30.1793585483492,0.0,16.6206284238919,0.349555658384945,23.88943077204017,-0.0066,0.349555658384945,0.73035794445853
191,2020,SG,Singapore Airlines Ltd,industrials,76.9180833449029,100.0,9.0,88.8888888888889,11.1111111111111,1.0,1.0,9647881139.46552,-0.06469,10662576230.8493,27949799196.7871,1.03455950378476,1.0,16294982.0,-23.0819166550971,0.0,16.60636776561986,0.3814902624443538,24.05367585214916,-0.06469,0.3814902624443538,1.03455950378476
191,2021,SG,Singapore Airlines Ltd,industrials,73.3830713241935,83.9285714285714,9.0,88.8888888888889,11.1111111111111,1.0,1.0,11014041575.2113,-0.02089,11584588131.0895,35924859757.8979,0.728239050861373,1.0,3962090.0,-10.54550010437791,0.0,15.19228222178273,0.3224671775800791,24.30469536515713,-0.02089,0.3224671775800791,0.728239050861373
191,2022,SG,Singapore Airlines Ltd,industrials,73.437958218146,100.0,11.0,72.7272727272727,18.1818181818182,1.0,1.0,12289756364.4723,0.0437,11528107620.6223,36901548173.7562,0.857143004233998,1.0,7797028.0,-26.56204178185401,0.0,15.86925319341008,0.3124017335625205,24.33151934304112,0.0437,0.3124017335625205,0.857143004233998
191,2023,SG,Singapore Airlines Ltd,industrials,71.6470849615118,65.8536585365854,11.0,72.7272727272727,18.1818181818182,1.0,1.0,14807816874.8996,0.0573,9967388081.82627,32808108508.7459,1.16493958337363,1.0,12759299.0,5.793426424926395,0.0,16.36177089706773,0.3038086782470007,24.21394153241749,0.0573,0.3038086782470007,1.16493958337363
191,2024,SG,Singapore Airlines Ltd,industrials,72.0981714133448,20.6521739130435,10.0,72.7272727272727,20.0,1.0,1.0,14046438192.9974,0.0636,9622457342.96997,32104016094.1808,1.28949060832067,1.0,15074021.0,51.4459975003013,0.0,16.52848335651182,0.2997275267599354,24.19224697122478,0.0636,0.2997275267599354,1.28949060832067
192,2016,SG,Comfortdelgro Corporation Ltd,industrials,51.6469844720976,100.0,8.0,75.0,12.5,0.0,0.0,3571719836.48111,0.06134999999999999,238361652.161901,3487636413.86932,1.87697424699003,1.0,1120332.0,-48.3530155279024,0.0,13.92913562791644,0.0683447538321385,21.9724900984169,0.06134999999999999,0.0683447538321385,1.87697424699003
192,2017,SG,Comfortdelgro Corporation Ltd,industrials,50.475594719227,100.0,8.0,87.5,12.5,0.0,1.0,3109464650.53988,0.06105000000000001,241008001.196441,3610035145.44231,1.43358364393061,1.0,1380023.0,-49.524405280773,0.0,14.13761072366117,0.06676056921515432,22.0069833448234,0.06105000000000001,0.06676056921515432,1.43358364393061
192,2018,SG,Comfortdelgro Corporation Ltd,industrials,52.3034636245555,100.0,9.0,81.8181818181818,22.2222222222222,1.0,1.0,3316237824.38292,0.06088,418213840.17025,3769501724.5175,1.56661122302972,1.0,1128170.0,-47.6965363754445,0.0,13.93610740890451,0.110946716763681,22.0502086611083,0.06088,0.110946716763681,1.56661122302972
192,2019,SG,Comfortdelgro Corporation Ltd,industrials,59.9806199300692,100.0,10.0,90.9090909090909,20.0,1.0,1.0,3722265883.61401,0.0504,623252008.330854,4001041356.73907,1.69070246887673,1.0,1157916.0,-40.0193800699308,0.0,13.9621323956239,0.1557724484104851,22.10982050336871,0.0504,0.1557724484104851,1.69070246887673
192,2020,SG,Comfortdelgro Corporation Ltd,industrials,57.6478505653895,100.0,10.0,90.9090909090909,30.0,0.0,1.0,2659180435.81823,0.01159,561132561.132561,3753955636.30858,1.32414509711339,1.0,1252376.0,-42.3521494346105,1.0,14.04055310504413,0.1494776751502439,22.04607595732875,0.01159,0.1494776751502439,1.32414509711339
192,2021,SG,Comfortdelgro Corporation Ltd,industrials,64.2423192149288,100.0,10.0,90.9090909090909,30.0,0.0,1.0,2183400908.05425,0.02535,458117123.795404,3642994810.97109,1.09740535376542,1.0,939270.0,-35.7576807850712,1.0,13.75285825679482,0.1257528894676868,22.01607193058837,0.02535,0.1257528894676868,1.09740535376542
192,2022,SG,Comfortdelgro Corporation Ltd,industrials,65.6548539894276,100.0,10.0,90.0,30.0,0.0,0.0,1950023670.94357,0.03589,375503806.538289,3509404388.71473,1.01288926057111,1.0,1029447.0,-34.34514601057241,1.0,13.84453232282317,0.1069992981560646,21.97871217020037,0.03589,0.1069992981560646,1.01288926057111
192,2023,SG,Comfortdelgro Corporation Ltd,industrials,67.1577375275165,100.0,10.0,84.6153846153846,30.0,0.0,0.0,2300376831.32439,0.03839,400424531.877796,3555227048.74536,1.16534638258129,1.0,1044107.0,-32.8422624724835,1.0,13.85867253259439,0.112629805744504,21.9916847656011,0.03839,0.112629805744504,1.16534638258129
192,2024,SG,Comfortdelgro Corporation Ltd,industrials,69.061597422795,100.0,10.0,91.6666666666667,30.0,0.0,1.0,2349709135.10108,0.0404,992235569.879871,4194110753.00322,1.23172965199216,1.0,1067501.0,-30.938402577205,1.0,13.88083096085263,0.2365782947361069,22.15694717656512,0.0404,0.2365782947361069,1.23172965199216
193,2020,SG,CapitaLand India Trust,real_estate,46.1540736927053,100.0,7.0,66.6666666666667,14.2857142857143,1.0,0.0,1217913336.87567,0.02955,618565372.094784,2007317737.90597,1.28206118840845,1.0,48687.0,-53.8459263072947,0.0,10.79316733298399,0.3081551866024311,21.42006520908114,0.02955,0.3081551866024311,1.28206118840845
193,2022,SG,CapitaLand India Trust,real_estate,58.7423262365909,100.0,8.0,62.5,25.0,1.0,1.0,994053255.153556,0.05666,927639199.880579,2401191968.95059,1.01681223215685,1.0,21508.0,-41.2576737634091,0.0,9.976180237929569,0.3863244637978661,21.59923110473808,0.05666,0.3863244637978661,1.01681223215685
193,2023,SG,CapitaLand India Trust,real_estate,61.953876325103,100.0,9.0,66.6666666666667,33.3333333333333,1.0,1.0,1152719674.23243,0.04244,1050507163.97544,2827840952.16435,0.98502296149892,1.0,34972.0,-38.046123674897,1.0,10.46230302030078,0.3714873579334125,21.76277934300468,0.04244,0.3714873579334125,0.98502296149892
193,2024,SG,CapitaLand India Trust,real_estate,56.3210943524544,100.0,8.0,60.0,37.5,1.0,1.0,1053157061.18517,0.10687,1292842806.91474,3282375476.12072,0.774253665235127,1.0,37282.0,-43.6789056475456,1.0,10.52626591542919,0.3938741366794173,21.9118332277387,0.10687,0.3938741366794173,0.774253665235127
194,2022,SG,DFI Retail Group Holdings Ltd,consumer_staples,25.8097537587252,100.0,9.0,14.2857142857143,11.1111111111111,0.0,0.0,3965111777.1,0.0154,3971900000.0,7326300000.0,4.18664238200824,0.0,711000.0,-74.19024624127479,0.0,13.47442770878538,0.5421426913994786,22.71473645050555,0.0154,0.5421426913994786,4.18664238200824
194,2023,SG,DFI Retail Group Holdings Ltd,consumer_staples,46.0990834515775,100.0,9.0,22.2222222222222,11.1111111111111,0.0,1.0,3248761728.0,0.02143,3771900000.0,7111100000.0,3.31450724341971,1.0,571000.0,-53.9009165484225,0.0,13.25514448863815,0.5304242662879161,22.68492278046864,0.02143,0.5304242662879161,3.31450724341971
194,2024,SG,DFI Retail Group Holdings Ltd,consumer_staples,47.846064696413,100.0,9.0,30.0,11.1111111111111,0.0,1.0,3126933163.2,0.0279,3504400000.0,7272000000.0,5.3784778121775,1.0,577000.0,-52.153935303587,0.0,13.26559754549024,0.4819031903190319,22.70729719382159,0.0279,0.4819031903190319,5.3784778121775
195,2020,SG,First Resources Ltd,consumer_staples,51.0008775875834,100.0,9.0,70.0,11.1111111111111,0.0,0.0,1535024150.44288,0.05549,441645000.0,1785917000.0,1.43787457814023,1.0,638849.0,-48.9991224124166,0.0,13.36742339870557,0.2472931272841907,21.30319784575645,0.05549,0.2472931272841907,1.43787457814023
195,2022,SG,First Resources Ltd,consumer_staples,44.3867997803296,100.0,8.0,66.6666666666667,12.5,0.0,0.0,1749834299.23869,0.1803,295721000.0,1832725000.0,1.32350941148888,1.0,281787.0,-55.6132002196704,0.0,12.54890674537409,0.1613559044592069,21.32906976727108,0.1803,0.1613559044592069,1.32350941148888
195,2023,SG,First Resources Ltd,consumer_staples,43.0958127053908,100.0,7.0,57.1428571428571,14.2857142857143,0.0,0.0,1717249901.95588,0.0816,237726000.0,1774844000.0,1.30163901328741,1.0,501355.0,-56.9041872946092,0.0,13.12506971197504,0.1339419126413364,21.29697836868753,0.0816,0.1339419126413364,1.30163901328741
195,2024,SG,First Resources Ltd,consumer_staples,48.4946660338466,100.0,7.0,57.1428571428571,14.2857142857143,1.0,0.0,1728881280.2593,0.12279,270125000.0,1951820000.0,1.22577191336367,1.0,908089.0,-51.5053339661534,0.0,13.71909767040116,0.138396470986054,21.39202810757067,0.12279,0.138396470986054,1.22577191336367
197,2017,SG,Fraser and Neave Ltd,consumer_staples,50.5588518471013,100.0,13.0,23.0769230769231,15.3846153846154,0.0,0.0,2794055843.7299,0.02251,960130415.56145,3603854995.57913,1.30045338163175,1.0,92145.0,-49.4411481528987,0.0,11.43111870226614,0.2664176046869942,22.00526994158206,0.02251,0.2664176046869942,1.30045338163175
197,2018,SG,Fraser and Neave Ltd,consumer_staples,49.9788977438194,100.0,12.0,46.1538461538462,25.0,0.0,1.0,1828797922.82968,0.03787,637794774.207714,3298051672.39991,0.987075613430569,1.0,94726.0,-50.0211022561806,0.0,11.45874379270624,0.1933853188369261,21.91659772875972,0.03787,0.1933853188369261,0.987075613430569
197,2019,SG,Fraser and Neave Ltd,consumer_staples,62.1576531246733,100.0,12.0,50.0,25.0,1.0,1.0,1855212134.90033,0.01708,600437111.014619,3416218700.24606,0.859551918352235,1.0,139367.07,-37.8423468753267,0.0,11.84486652271685,0.1757607353918446,21.95180013314367,0.01708,0.1757607353918446,0.859551918352235
197,2020,SG,Fraser and Neave Ltd,consumer_staples,60.7798995021564,100.0,12.0,50.0,25.0,1.0,1.0,1615714933.54531,0.1071,643147524.172282,3497455317.90214,0.59595140946823,1.0,118080.0,-39.2201004978436,0.0,11.6791176398343,0.1838901331720394,21.97530148898332,0.1071,0.1838901331720394,0.59595140946823
197,2021,SG,Fraser and Neave Ltd,consumer_staples,74.1860979271612,100.0,12.0,50.0,25.0,1.0,1.0,1519277377.8725,0.03151,718405540.819334,3626047745.35809,0.677962602430228,1.0,120490.0,-25.8139020728388,0.0,11.69932204091732,0.1981235745555215,22.01140911669323,0.03151,0.1981235745555215,0.677962602430228
197,2022,SG,Fraser and Neave Ltd,consumer_staples,76.3428630461332,100.0,12.0,57.1428571428571,25.0,1.0,1.0,1379481071.35393,0.02305,652111095.623083,3471486618.34402,0.577719286491741,1.0,120400.0,-23.6571369538668,0.0,11.69857481185686,0.1878477918299323,21.96784875943147,0.02305,0.1878477918299323,0.577719286491741
197,2023,SG,Fraser and Neave Ltd,consumer_staples,81.1409969305208,100.0,9.0,50.0,22.2222222222222,1.0,1.0,1170672227.83716,0.02594,858918839.730443,3751758716.67155,0.523396030903997,1.0,115650.0,-18.8590030694792,0.0,11.65832366765959,0.2289376542030002,22.04549055809919,0.02594,0.2289376542030002,0.523396030903997
198,2023,SG,China Aviation Oil (Singapore) Corporation Ltd,energy,21.1943143938842,100.0,9.0,44.4444444444444,0.0,0.0,0.0,559872703.704226,0.02209,6293000.0,1787514000.0,0.601630919129612,1.0,1143.45,-78.8056856061158,0.0,7.041805287102393,0.003520531867162998,21.3040916646696,0.02209,0.003520531867162998,0.601630919129612
199,2014,SG,Genting Singapore Ltd,consumer_discretionary,59.403679493907,100.0,5.0,60.0,0.0,0.0,0.0,9856237662.56225,0.04258,1285076957.8995,9561070620.19013,1.76810404129176,1.0,114830.0,-40.596320506093,0.0,11.65120805277023,0.134407223725113,22.980965547299,0.04258,0.134407223725113,1.76810404129176
199,2015,SG,Genting Singapore Ltd,consumer_discretionary,64.2233270178418,100.0,5.0,60.0,0.0,0.0,0.0,6569594817.97531,0.02547,1150341446.20811,8484545326.27866,1.26293539983765,1.0,124200.0,-35.7766729821582,0.0,11.72964844848152,0.1355808003812801,22.861512148608,0.02547,0.1355808003812801,1.26293539983765
199,2016,SG,Genting Singapore Ltd,consumer_discretionary,64.4023002622747,100.0,5.0,60.0,0.0,0.0,0.0,7559810937.78146,0.02269,803988810.6092,7906000828.84376,1.50555438001554,1.0,103730.0,-35.59769973772531,0.0,11.54954664842587,0.1016934892892975,22.79088790665821,0.02269,0.1016934892892975,1.50555438001554
199,2017,SG,Genting Singapore Ltd,consumer_discretionary,64.3242878563651,100.0,7.0,71.4285714285714,0.0,0.0,0.0,11847136124.6093,0.05708999999999999,909294847.827713,7183747850.14582,2.11936764135145,1.0,100310.0,-35.6757121436349,0.0,11.51602066987753,0.1265766653835513,22.6950870685199,0.05708999999999999,0.1265766653835513,2.11936764135145
199,2018,SG,Genting Singapore Ltd,consumer_discretionary,67.8132866999217,100.0,7.0,75.0,14.2857142857143,0.0,0.0,8653171023.26264,0.07798,762141337.051442,7167492478.16834,1.50986045792855,1.0,98240.25,-32.1867133000783,0.0,11.49517128816601,0.106333050138925,22.69282170628537,0.07798,0.106333050138925,1.50986045792855
199,2019,SG,Genting Singapore Ltd,consumer_discretionary,75.4002554131442,100.0,6.0,71.4285714285714,16.6666666666667,0.0,0.0,8276186163.40375,0.0724,193874590.895567,6880450758.70277,1.37667188038506,1.0,92729.23,-24.59974458685581,0.0,11.43743902008245,0.02817760023212779,22.65195000399881,0.0724,0.02817760023212779,1.37667188038506
199,2020,SG,Genting Singapore Ltd,consumer_discretionary,68.3332839367796,100.0,6.0,71.4285714285714,16.6666666666667,0.0,0.0,7782514043.75804,0.00768,201960027.254145,6652700431.52396,1.30878766163491,1.0,67724.0,-31.66671606322041,0.0,11.12319590124812,0.03035760129783587,22.61828868911445,0.00768,0.03035760129783587,1.30878766163491
199,2021,SG,Genting Singapore Ltd,consumer_discretionary,66.3014371987185,100.0,6.0,66.6666666666667,16.6666666666667,0.0,0.0,6948013927.79837,0.02089,183590808.00593,6517364714.60341,1.18430196253769,1.0,67701.0,-33.6985628012815,0.0,11.12285622984002,0.02816948506726338,22.59773594630347,0.02089,0.02816948506726338,1.18430196253769
199,2022,SG,Genting Singapore Ltd,consumer_discretionary,70.1312736785888,100.0,6.0,66.6666666666667,16.6666666666667,0.0,0.0,8620537107.71757,0.0387,4133452.75414241,6568342289.89401,1.44131189320722,1.0,65175.0,-29.8687263214112,0.0,11.0848312388017,0.001473925181377779,22.6055273225215,0.0387,0.0006292992313299662,1.44131189320722
199,2023,SG,Genting Singapore Ltd,consumer_discretionary,70.5549377982643,54.6153846153846,6.0,66.6666666666667,16.6666666666667,0.0,0.0,9168392710.18118,0.06815,2212114.32036995,6934095216.43545,1.47361057774117,1.0,71358.0,15.93955318287971,0.0,11.1754647399553,0.001473925181377779,22.65971641593432,0.06815,0.000319019893918779,1.47361057774117
199,2024,SG,Genting Singapore Ltd,consumer_discretionary,74.0047832101452,100.0,7.0,71.4285714285714,28.5714285714286,0.0,0.0,6776978113.36068,0.06299,2515382.36155875,6761327278.0545,1.11303429242055,1.0,73517.0,-25.99521678985479,0.0,11.20527195097394,0.001473925181377779,22.63448505063601,0.06299,0.0003720249380211225,1.11303429242055
200,2020,SG,OUE Ltd,real_estate,46.9481123500421,100.0,6.0,42.8571428571429,0.0,0.0,0.0,874931461.515633,0.01781,2651596638.65546,7285461427.81437,0.277894942836296,1.0,26731.7,-53.0518876499579,0.0,10.19360540606312,0.3639572681741499,22.7091466140269,0.01781,0.3639572681741499,0.277894942836296
200,2021,SG,OUE Ltd,real_estate,51.379034688,100.0,6.0,33.3333333333333,0.0,0.0,0.0,941260508.430245,0.01155,2124367679.76279,6694958487.76872,0.302233400207994,1.0,27265.1,-48.620965312,0.0,10.21336277505929,0.3173085663852703,22.62462061558768,0.01155,0.3173085663852703,0.302233400207994
201,2020,SG,Keppel REIT,real_estate,65.5643260457952,100.0,7.0,57.1428571428571,28.5714285714286,1.0,1.0,2889517753.04717,0.02058,1798125520.47846,5878089181.61859,0.848480887436505,1.0,23634.0,-34.4356739542048,0.0,10.07044163219896,0.3059030689941537,22.49449757693056,0.02058,0.3059030689941537,0.848480887436505
201,2021,SG,Keppel REIT,real_estate,64.7345097082495,100.0,7.0,57.1428571428571,28.5714285714286,1.0,1.0,3095495134.64789,0.0211,2021354336.54559,6291833951.07487,0.858130320900056,1.0,18566.0,-35.2654902917505,0.0,9.829087229959878,0.3212663195283897,22.56251843131024,0.0211,0.3212663195283897,0.858130320900056
201,2022,SG,Keppel REIT,real_estate,60.8356837354486,100.0,7.0,44.4444444444444,28.5714285714286,1.0,1.0,2541739727.06374,0.0192,2128586356.17256,6628881176.29497,0.66526251456363,1.0,18865.0,-39.1643162645514,0.0,9.84506363239841,0.3211079365526167,22.61470187521396,0.0192,0.3211079365526167,0.66526251456363
201,2023,SG,Keppel REIT,real_estate,55.2980600181493,100.0,6.0,57.1428571428571,16.6666666666667,1.0,1.0,2666799024.47123,0.01967,1772722310.66636,6261335759.22978,0.702905232983676,1.0,18473.0,-44.7019399818507,0.0,9.824065485558638,0.2831220651365334,22.55765937936479,0.01967,0.2831220651365334,0.702905232983676
201,2024,SG,Keppel REIT,real_estate,56.7326711877299,100.0,7.0,71.4285714285714,28.5714285714286,1.0,1.0,2449692202.36595,0.0118,1946842220.92001,6195167740.99033,0.683762225629348,1.0,18226.0,-43.2673288122701,0.0,9.810604425056072,0.3142517365653762,22.54703542849554,0.0118,0.3142517365653762,0.683762225629348
202,2019,SG,Golden Agri-Resources Ltd,consumer_staples,66.5326621161768,56.8965517241379,8.0,55.5555555555556,0.0,0.0,0.0,2243992792.81464,0.0224,3382529000.0,8779331000.0,0.510899707539447,1.0,2046551.0,9.636110392038894,0.0,14.53166649520022,0.385283229439692,22.89566604579061,0.0224,0.385283229439692,0.510899707539447
202,2020,SG,Golden Agri-Resources Ltd,consumer_staples,72.9105563619842,100.0,8.0,66.6666666666667,0.0,1.0,0.0,1545287470.96979,0.025,3410076000.0,9126380000.0,0.359821594961066,1.0,4108047.0,-27.08944363801579,0.0,15.22845829105569,0.3736504506715697,22.93443495785714,0.025,0.3736504506715697,0.359821594961066
202,2021,SG,Golden Agri-Resources Ltd,consumer_staples,74.3965483220972,100.0,8.0,62.5,0.0,1.0,1.0,2331504370.80801,0.05083,3293132000.0,9608111000.0,0.492813983409677,1.0,4183545.0,-25.6034516779028,0.0,15.2466695312035,0.3427449995113503,22.98587347452997,0.05083,0.3427449995113503,0.492813983409677
202,2022,SG,Golden Agri-Resources Ltd,consumer_staples,78.8126926022505,100.0,8.0,66.6666666666667,12.5,1.0,0.0,2395422554.85893,0.08019,3136051000.0,9902072000.0,0.473129144409189,1.0,8667487.0,-21.18730739774951,0.0,15.97508945668441,0.3167065438425412,23.01600986511754,0.08019,0.3167065438425412,0.473129144409189
203,2014,SG,UOL Group Ltd,real_estate,58.5619487861347,100.0,8.0,55.5555555555556,0.0,0.0,0.0,4081379157.62516,0.03571,2285002263.46763,8939535989.13536,0.707791532049958,1.0,55734.0,-41.4380512138653,0.0,10.92834565261558,0.2556063610286597,22.91374952200356,0.03571,0.2556063610286597,0.707791532049958
203,2015,SG,UOL Group Ltd,real_estate,59.7023390295436,100.0,8.0,50.0,0.0,0.0,0.0,3460502596.60464,0.03006,1813077248.67725,8113778483.24515,0.621377512890036,1.0,53963.0,-40.2976609704564,0.0,10.89605390551458,0.2234565871401631,22.81682950079664,0.03006,0.2234565871401631,0.621377512890036
203,2016,SG,UOL Group Ltd,real_estate,60.6717619735494,100.0,8.0,50.0,0.0,0.0,0.0,3286620839.68353,0.02812,1664209835.61265,7983243541.92568,0.585489960847536,1.0,54330.0,-39.3282380264506,0.0,10.90283183954557,0.2084628668626608,22.80061062471402,0.02812,0.2084628668626608,0.585489960847536
203,2017,SG,UOL Group Ltd,real_estate,63.2880069428493,100.0,9.0,55.5555555555556,0.0,0.0,0.0,5511476757.60104,0.02283,2876679877.36484,14665770582.517,0.780798145691569,1.0,55656.0,-36.7119930571507,0.0,10.92694516760348,0.1961492484270903,23.40878208368352,0.02283,0.1961492484270903,0.780798145691569
203,2018,SG,UOL Group Ltd,real_estate,64.4078161072323,100.0,9.0,55.5555555555556,0.0,0.0,0.0,3779182295.13304,0.0173,3456238350.3339,15131987231.2321,0.535273147900802,1.0,53339.0,-35.59218389276769,0.0,10.88442304990372,0.2284061106792568,23.44007669989131,0.0173,0.2284061106792568,0.535273147900802
203,2019,SG,UOL Group Ltd,real_estate,64.535425923943,100.0,9.0,55.5555555555556,0.0,1.0,0.0,5153215978.47185,0.0152,3683118119.60726,15362819101.4579,0.689531633959712,1.0,47817.0,-35.464574076057,0.0,10.77513650378716,0.2397423347423091,23.45521608307657,0.0152,0.2397423347423091,0.689531633959712
203,2020,SG,UOL Group Ltd,real_estate,63.447016551097,100.0,9.0,54.5454545454545,0.0,0.0,0.0,4863142165.65145,0.0127,3880928912.10538,15423948822.7724,0.656276267943722,1.0,41342.0,-36.552983448903,0.0,10.62963421135918,0.2516170765799907,23.45918725678345,0.0127,0.2516170765799907,0.656276267943722
203,2021,SG,UOL Group Ltd,real_estate,63.2776222299379,100.0,9.0,60.0,0.0,0.0,0.0,4381254469.43972,0.01122,3913031134.17346,15770919940.6968,0.581247319579081,1.0,33848.0,-36.7223777700621,0.0,10.4296351923999,0.2481168599477763,23.48143357107707,0.01122,0.2481168599477763,0.581247319579081
203,2022,SG,UOL Group Ltd,real_estate,59.3841951558574,100.0,10.0,60.0,0.0,0.0,0.0,4182989993.30575,0.01059,4050120913.56919,16374431258.3968,0.526806282705338,1.0,33137.0,-40.6158048441426,0.0,10.40840576183765,0.247344219146072,23.5189868855529,0.01059,0.247344219146072,0.526806282705338
203,2024,SG,UOL Group Ltd,real_estate,64.6478660084708,100.0,9.0,55.5555555555556,11.1111111111111,1.0,0.0,3193572954.23381,0.01399,3817407705.83065,16727359361.2657,0.377973570782021,1.0,33269.0,-35.3521339915292,0.0,10.41238131145229,0.2282134091451599,23.54031150094972,0.01399,0.2282134091451599,0.377973570782021
204,2022,SG,Delfi Ltd,consumer_staples,41.807507279975,100.0,8.0,50.0,0.0,0.0,0.0,348062532.836991,0.1153,21178000.0,395089000.0,1.42456837422648,1.0,48094.0,-58.192492720025,0.0,10.78091270818842,0.05360311221016024,19.79462161394115,0.1153,0.05360311221016024,1.42456837422648
204,2023,SG,Delfi Ltd,consumer_staples,39.4921461097139,100.0,8.0,50.0,0.0,0.0,0.0,514976798.389811,0.11337,40966000.0,420944000.0,1.93440339764102,1.0,56527.0,-60.5078538902861,0.0,10.9424736790943,0.09731935839446577,19.85801036617208,0.11337,0.09731935839446577,1.93440339764102
204,2024,SG,Delfi Ltd,consumer_staples,54.3481235655211,100.0,8.0,60.0,0.0,0.0,0.0,349181409.317316,0.069,30662000.0,428228000.0,1.31973244634925,1.0,53788.0,-45.6518764344789,0.0,10.89280567294376,0.07160204377107522,19.87516632198669,0.069,0.07160204377107522,1.31973244634925
206,2014,SG,SIA Engineering Company Ltd,industrials,25.1170877135034,100.0,9.0,66.6666666666667,11.1111111111111,0.0,0.0,3525519767.86148,0.10899,24216972.8783902,1207798191.89268,3.35233968515239,0.0,37870.0,-74.8829122864966,0.0,10.54191452089584,0.02005051261125089,20.91206486281152,0.10899,0.02005051261125089,3.35233968515239
206,2015,SG,SIA Engineering Company Ltd,industrials,27.2549552036177,66.6666666666667,10.0,60.0,10.0,0.0,0.0,2895903295.98719,0.10153,24682492.5816024,1351659495.54896,2.68612825261766,0.0,35040.0,-39.411711463049,0.0,10.46424554505033,0.01826088054194293,21.02459893044243,0.10153,0.01826088054194293,2.68612825261766
206,2016,SG,SIA Engineering Company Ltd,industrials,32.6911954820712,100.0,9.0,60.0,11.1111111111111,0.0,0.0,2584267266.14577,0.10202,18585952.6025632,1373501109.75872,2.62638628520797,0.0,33830.0,-67.30880451792879,0.0,10.42910326177475,0.01353180748854885,21.04062887147796,0.10202,0.01353180748854885,2.62638628520797
206,2018,SG,SIA Engineering Company Ltd,industrials,46.4214651515386,22.2222222222222,11.0,63.6363636363636,9.09090909090909,0.0,0.0,1872564861.81845,0.08712,14229435.6326079,1361324234.59978,1.8009960385842,1.0,24771.0,24.1992429293164,0.0,10.11742889308554,0.01045264256005202,21.03172376486576,0.08712,0.01045264256005202,1.8009960385842
206,2019,SG,SIA Engineering Company Ltd,industrials,59.9034824517772,100.0,10.0,58.3333333333333,10.0,0.0,0.0,2357935238.91699,0.1007,79079845.2339078,1410844882.16673,1.1761526329125,1.0,24879.0,-40.0965175482228,0.0,10.12177935311931,0.05605141021063884,21.06745456909398,0.1007,0.05605141021063884,1.1761526329125
206,2020,SG,SIA Engineering Company Ltd,industrials,58.3176950047544,100.0,10.0,60.0,10.0,0.0,0.0,1676515428.2686,-0.0059,62530864.1975309,1345952699.68764,1.58665626798844,1.0,24177.0,-41.6823049952456,0.0,10.09315704699262,0.04645844108195085,21.02036792616042,-0.0059,0.04645844108195085,1.58665626798844
206,2021,SG,SIA Engineering Company Ltd,industrials,63.0239036471331,100.0,10.0,54.5454545454545,10.0,1.0,1.0,1816585370.49666,0.0371,51470327.7236492,1356800265.72188,1.77702353289015,1.0,12925.0,-36.9760963528669,0.0,9.46691869937663,0.03793508081033919,21.02839501884644,0.0371,0.03793508081033919,1.77702353289015
206,2022,SG,SIA Engineering Company Ltd,industrials,63.133855175093,100.0,12.0,66.6666666666667,16.6666666666667,1.0,1.0,1963302196.14868,0.03469,86573726.1385841,1490589207.87615,1.51514750362961,1.0,12134.0,-36.866144824907,0.0,9.403766708502243,0.05808020458026646,21.122437320265,0.03469,0.05808020458026646,1.51514750362961
206,2023,SG,SIA Engineering Company Ltd,industrials,58.1319078460744,100.0,11.0,69.2307692307692,27.2727272727273,1.0,1.0,2019676880.60041,0.04769,81853691.0761933,1547842425.14082,1.50330568794701,1.0,14704.0,-41.8680921539256,0.0,9.595874844595468,0.05288244445732026,21.16012781438804,0.04769,0.05288244445732026,1.50330568794701
206,2024,SG,SIA Engineering Company Ltd,industrials,59.5219077963374,100.0,10.0,58.3333333333333,30.0,1.0,1.0,1951476540.58014,0.066,63481856.7915953,1595553982.56464,1.41642686745251,1.0,15191.0,-40.4780922036626,1.0,9.628458426207663,0.03978671827170441,21.19048683737197,0.066,0.03978671827170441,1.41642686745251
207,2024,SG,Ho Bee Land Ltd,real_estate,44.5274373750394,100.0,9.0,55.5555555555556,22.2222222222222,1.0,1.0,942798520.363317,0.0219,1922124963.37533,4819539261.64665,0.329092583575135,1.0,5284.0,-55.4725626249606,0.0,8.572438665642215,0.3988192354135142,22.29594417157002,0.0219,0.3988192354135142,0.329092583575135
208,2022,SG,Jardine Matheson Holdings Ltd,industrials,26.9652842647467,100.0,13.0,0.0,0.0,0.0,0.0,14752049642.2,0.0316,19959000000.0,89078000000.0,0.509882149046794,1.0,5726200.0,-73.0347157352533,0.0,15.560562692427,0.2240620579716653,25.21277822735475,0.0316,0.2240620579716653,0.509882149046794
208,2023,SG,Jardine Matheson Holdings Ltd,industrials,25.9338036073943,100.0,11.0,0.0,0.0,1.0,1.0,11917878715.47,0.01859,20366000000.0,90483000000.0,0.410537400896243,1.0,6299700.0,-74.0661963926057,0.0,15.65601257118032,0.2250809544334295,25.22842782470329,0.01859,0.2250809544334295,0.410537400896243
208,2024,SG,Jardine Matheson Holdings Ltd,industrials,34.3637342620508,100.0,12.0,33.3333333333333,8.33333333333333,1.0,1.0,11960784381.11,0.01669,19402000000.0,86779000000.0,0.42909756097561,1.0,6335100.0,-65.6362657379492,0.0,15.66161615693244,0.223579437421496,25.18663049385773,0.01669,0.223579437421496,0.42909756097561
209,2020,SG,Starhill Global Real Estate Investment Trust,real_estate,46.3788818705632,100.0,6.0,50.0,0.0,0.0,0.0,840966160.670755,0.023,875159715.741871,2211639509.00869,0.631523999301493,1.0,3211.0,-53.6211181294368,0.0,8.074337694089515,0.3957063129759961,21.51699993671445,0.023,0.3957063129759961,0.631523999301493
209,2021,SG,Starhill Global Real Estate Investment Trust,real_estate,47.3660781066652,100.0,6.0,50.0,0.0,0.0,0.0,1082470886.50111,0.0237,822355958.664783,2289485540.10854,0.692526934148311,1.0,3462.0,-52.6339218933348,0.0,8.149601735736155,0.3591880989236546,21.55159297429941,0.0237,0.3591880989236546,0.692526934148311
209,2022,SG,Starhill Global Real Estate Investment Trust,real_estate,49.1028257428132,100.0,7.0,57.1428571428571,14.2857142857143,1.0,1.0,906073378.145992,0.02823,778436465.678515,2156731184.34307,0.743178605111113,1.0,3588.0,-50.8971742571868,0.0,8.185350223178686,0.3609334678932752,21.49185957180412,0.02823,0.3609334678932752,0.743178605111113
209,2023,SG,Starhill Global Real Estate Investment Trust,real_estate,40.8515463755476,100.0,7.0,57.1428571428571,14.2857142857143,0.0,1.0,898473076.358881,0.0316,773321005.91716,2115599852.07101,0.703821823018528,1.0,4389.0,-59.1484536244524,0.0,8.386856689688234,0.3655327377529063,21.47260422723315,0.0316,0.3655327377529063,0.703821823018528
209,2024,SG,Starhill Global Real Estate Investment Trust,real_estate,41.7035573340867,100.0,7.0,57.1428571428571,14.2857142857143,0.0,1.0,838833629.138588,0.02786,768557621.366386,2093996606.16792,0.678216738675778,1.0,3587.0,-58.2964426659133,0.0,8.185071477532283,0.3670290673359164,21.46234032865224,0.02786,0.3670290673359164,0.678216738675778
210,2018,SG,Hongkong Land Holdings Ltd,real_estate,39.3960943235456,100.0,18.0,0.0,5.55555555555556,0.0,0.0,14703746904.0,0.02357,4939000000.0,44963000000.0,0.38348969132663,1.0,168043.0,-60.6039056764544,0.0,12.03197517801613,0.1098458732735805,24.52910576628442,0.02357,0.1098458732735805,0.38348969132663
210,2019,SG,Hongkong Land Holdings Ltd,real_estate,42.8293604180747,100.0,16.0,0.0,6.25,0.0,0.0,13419925000.0,0.0239,5015200000.0,45259200000.0,0.350877066839579,1.0,187830.0,-57.1706395819253,0.0,12.14329257740747,0.1108106197193057,24.5356718013438,0.0239,0.1108106197193057,0.350877066839579
210,2020,SG,Hongkong Land Holdings Ltd,real_estate,44.9989292077521,100.0,15.0,17.6470588235294,6.66666666666667,0.0,0.0,9639122970.4,0.0212,6564900000.0,44261800000.0,0.269931390037833,1.0,158464.0,-55.0010707922479,0.0,11.97328271716416,0.1483197700952062,24.51338783951778,0.0212,0.1483197700952062,0.269931390037833
210,2021,SG,Hongkong Land Holdings Ltd,real_estate,43.9334213788735,100.0,13.0,20.0,7.69230769230769,0.0,0.0,11947174356.0,0.02189,6583200000.0,43862600000.0,0.345450760182513,1.0,132330.0,-56.0665786211265,0.0,11.7930540817671,0.1500868621559142,24.50432785770495,0.02189,0.1500868621559142,0.345450760182513
210,2022,SG,Hongkong Land Holdings Ltd,real_estate,47.5735189987492,100.0,13.0,31.25,15.3846153846154,0.0,0.0,10244310059.6,0.018,6990500000.0,42596800000.0,0.307602226799666,1.0,150437.0,-52.4264810012508,0.0,11.92129967088052,0.16410857153589,24.47504497002939,0.018,0.16410857153589,0.307602226799666
210,2023,SG,Hongkong Land Holdings Ltd,real_estate,46.6013704287226,100.0,12.0,38.4615384615385,16.6666666666667,0.0,0.0,7679043954.48,0.0176,6566900000.0,42068900000.0,0.240936166609586,1.0,133280.0,-53.3986295712774,0.0,11.80020745740067,0.1560986857274614,24.46257458730898,0.0176,0.1560986857274614,0.240227495980028
210,2024,SG,Hongkong Land Holdings Ltd,real_estate,49.4013232919989,100.0,8.0,35.7142857142857,12.5,0.0,0.0,9819467125.7,0.0103,6165300000.0,39052400000.0,0.327967174458335,1.0,125261.0,-50.5986767080011,0.0,11.73815483944208,0.1578724995134742,24.38817017101063,0.0103,0.1578724995134742,0.327967174458335
211,2020,SG,Frasers Centrepoint Trust,real_estate,33.266742730421,100.0,5.0,33.3333333333333,0.0,1.0,1.0,3183330048.8,0.0175,917307354.233812,2844572956.34339,1.0575114158659,1.0,15700.0,-66.733257269579,0.0,9.6614159913364,0.3224762972551711,21.7686787900396,0.0175,0.3224762972551711,1.0575114158659
211,2021,SG,Frasers Centrepoint Trust,real_estate,39.7050035097435,100.0,6.0,42.8571428571429,16.6666666666667,1.0,1.0,2931690111.717,0.0339,1332829354.55349,4346298997.93693,0.987543466760272,1.0,15800.0,-60.2949964902565,0.0,9.667765219015058,0.3066584593434892,22.19259051483498,0.0339,0.3066584593434892,0.987543466760272
211,2022,SG,Frasers Centrepoint Trust,real_estate,49.7516715225539,100.0,6.0,50.0,16.6666666666667,1.0,1.0,2688059245.97864,0.02966,1261587677.72512,4140903261.77865,0.934790353384339,1.0,24400.0,-50.2483284774461,0.0,10.10233841128129,0.3046648515964674,22.14417978015961,0.02966,0.3046648515964674,0.934790353384339
211,2023,SG,Frasers Centrepoint Trust,real_estate,60.3806661662833,100.0,6.0,42.8571428571429,33.3333333333333,1.0,1.0,2952528479.0032,0.02419,1608121886.90302,4669778786.99092,0.94477173800346,1.0,24600.0,-39.6193338337167,1.0,10.11050172192045,0.3443678941244346,22.26437753855258,0.02419,0.3443678941244346,0.94477173800346
211,2024,SG,Frasers Centrepoint Trust,real_estate,62.3471944544307,100.0,8.0,62.5,25.0,1.0,1.0,2827585230.2695,0.03079,1578588107.09838,4964874688.6675,1.00148077192666,1.0,25327.0,-37.6528055455693,0.0,10.13962629934515,0.3179512487397845,22.32565389518597,0.03079,0.3179512487397845,1.00148077192666
212,2018,SG,Singapore Post Ltd,industrials,43.0794427745197,100.0,9.0,62.5,33.3333333333333,0.0,0.0,1527634046.6537,0.03747,214589450.387311,1932305422.35338,1.77630000513329,0.0,16796.0,-56.9205572254803,1.0,9.728896041804084,0.1110535880637129,21.38197964634668,0.03747,0.1110535880637129,1.77630000513329
212,2019,SG,Singapore Post Ltd,industrials,54.771863342642,100.0,10.0,63.6363636363636,40.0,0.0,0.0,1582273658.04448,0.0373,316982061.202955,1935726345.40978,1.15841485876058,1.0,20811.0,-45.228136657358,1.0,9.94323697205341,0.1637535501619947,21.38374846529839,0.0373,0.1637535501619947,1.15841485876058
212,2020,SG,Singapore Post Ltd,industrials,53.6351051019448,100.0,9.0,63.6363636363636,44.4444444444444,0.0,0.0,1214276716.72723,0.022,302065298.229957,2024220586.0479,1.23336805688815,1.0,23972.0,-46.3648948980552,1.0,10.08464176157808,0.1492254847677995,21.42845056763471,0.022,0.1492254847677995,1.23336805688815
212,2021,SG,Singapore Post Ltd,industrials,52.8128422794624,100.0,9.0,55.5555555555556,44.4444444444444,0.0,0.0,1096225493.88436,0.03009,443204162.976085,1977711839.38589,1.11841696458483,1.0,24386.0,-47.1871577205376,1.0,10.10176447612021,0.2240994639106305,21.40520637671611,0.03009,0.2240994639106305,1.11841696458483
212,2022,SG,Singapore Post Ltd,industrials,54.4270402490105,100.0,9.0,55.5555555555556,44.4444444444444,1.0,1.0,883002353.336319,0.01169,529172553.735157,2132699534.04479,0.99529766834427,1.0,19810.0,-45.5729597509895,1.0,9.893942139692596,0.248123350377233,21.48065440108643,0.01169,0.248123350377233,0.99529766834427
212,2023,SG,Singapore Post Ltd,industrials,62.7291074210251,100.0,9.0,50.0,44.4444444444444,1.0,1.0,819246095.349102,0.0138,723244885.858287,2324286984.87993,0.83482619342938,1.0,20148.0,-37.2708925789749,1.0,9.91086030686554,0.3111684962154744,21.56667915578198,0.0138,0.3111684962154744,0.83482619342938
212,2024,SG,Singapore Post Ltd,industrials,60.286017146559,100.0,9.0,55.5555555555556,44.4444444444444,1.0,1.0,883238681.69499,0.009000000000000001,275860219.059683,1781107220.02831,1.04926173926692,1.0,51332.0,-39.713982853441,1.0,10.84606961836435,0.1548813097592734,21.30050104159139,0.009000000000000001,0.1548813097592734,1.04926173926692
213,2014,SG,Singapore Technologies Engineering Ltd,industrials,40.4546143101426,100.0,12.0,50.0,0.0,0.0,0.0,7739447813.79466,0.06249,768543835.823148,6276826618.37936,4.80782278503327,0.0,101104.0,-59.5453856898574,0.0,11.52390496901324,0.1224414632662869,22.56013037416691,0.06249,0.1224414632662869,4.80782278503327
213,2015,SG,Singapore Technologies Engineering Ltd,industrials,58.51197734428,55.8823529411765,15.0,60.0,6.66666666666667,0.0,0.0,6532975868.13037,0.06417,841785537.918871,5763036331.56967,4.30504917350074,1.0,89317.0,2.629624403103499,0.0,11.39994711828748,0.1460663250216913,22.47473031366177,0.06417,0.1460663250216913,4.30504917350074
213,2016,SG,Singapore Technologies Engineering Ltd,industrials,54.3109537448197,100.0,16.0,61.1111111111111,6.25,0.0,0.0,6966196633.72703,0.05861,746149330.017958,5777768338.16826,4.6010968441003,1.0,84653.0,-45.6890462551803,0.0,11.34631582698055,0.129141441183935,22.47728334441171,0.05861,0.129141441183935,4.6010968441003
213,2017,SG,Singapore Technologies Engineering Ltd,industrials,53.8414866815802,100.0,15.0,61.1111111111111,6.66666666666667,0.0,0.0,7611855486.59239,0.0608,834565168.623346,6000459881.85149,4.58564544475851,1.0,127200.0,-46.1585133184198,0.0,11.75351592988816,0.1390835344383361,22.51510195021249,0.0608,0.1390835344383361,4.58564544475851
213,2018,SG,Singapore Technologies Engineering Ltd,industrials,55.3499548955636,100.0,12.0,66.6666666666667,8.33333333333333,0.0,0.0,7996997312.34314,0.0616,363821090.482131,5557366258.16394,4.8469518057343,1.0,108100.0,-44.6500451044364,0.0,11.5908120036273,0.06546645903491906,22.43839013840535,0.0616,0.06546645903491906,4.8469518057343
213,2019,SG,Singapore Technologies Engineering Ltd,industrials,53.6681959803267,100.0,12.0,66.6666666666667,8.33333333333333,0.0,0.0,9151019842.44272,0.06759,670609193.692353,7082174204.10592,5.52406852181927,1.0,103400.0,-46.3318040196733,0.0,11.54636024105647,0.094689734305542,22.68084678848467,0.06759,0.094689734305542,5.52406852181927
213,2020,SG,Singapore Technologies Engineering Ltd,industrials,66.6379467839926,100.0,11.0,66.6666666666667,9.09090909090909,0.0,0.0,9030154934.1661,0.05492,1249651752.59293,7543276553.86479,5.19116124360228,1.0,101000.0,-33.3620532160074,0.0,11.5228757958234,0.1656643162516257,22.74392248078956,0.05492,0.1656643162516257,5.19116124360228
213,2021,SG,Singapore Technologies Engineering Ltd,industrials,73.3284295419194,100.0,11.0,66.6666666666667,18.1818181818182,0.0,0.0,8703174159.16975,0.05679,1307895478.13195,7795151223.12824,4.85227912263207,1.0,117000.0,-26.67157045808059,0.0,11.66992921377989,0.1677832078807426,22.77676773928442,0.05679,0.1677832078807426,4.85227912263207
213,2022,SG,Singapore Technologies Engineering Ltd,industrials,68.7611560561937,100.0,13.0,64.2857142857143,15.3846153846154,0.0,0.0,7807403276.57113,0.042,2863024331.98985,11168819973.1303,4.34869652163723,1.0,114000.0,-31.2388439438063,0.0,11.64395372737663,0.2563408076124112,23.136391801934,0.042,0.2563408076124112,4.34869652163723
213,2023,SG,Singapore Technologies Engineering Ltd,industrials,70.3676817067291,100.0,12.0,69.2307692307692,16.6666666666667,0.0,0.0,9208177027.01084,0.0387,3191118944.73505,11658631642.7868,4.9263605106614,1.0,110000.0,-29.6323182932709,0.0,11.60823564477455,0.2737129915850285,23.17931265616111,0.0387,0.2737129915850285,4.9263605106614
213,2024,SG,Singapore Technologies Engineering Ltd,industrials,73.1743440095078,100.0,12.0,69.2307692307692,16.6666666666667,0.0,0.0,10658385304.7319,0.0444,2931858335.77498,11881994579.5488,5.43534362849684,1.0,111000.0,-26.82565599049219,0.0,11.61728548029447,0.2467479947197815,23.19829003068972,0.0444,0.2467479947197815,5.43534362849684
214,2014,SG,Seatrium Limited,industrials,34.4104406673131,100.0,11.0,63.6363636363636,0.0,1.0,1.0,7789838803.27967,0.07232999999999999,1313842613.55063,6215799004.07424,0.240936166609586,1.0,134584.0,-65.5895593326869,0.0,11.809943818399,0.2113714765695371,22.55036011423707,0.07232999999999999,0.2113714765695371,0.114855691248542
214,2015,SG,Seatrium Limited,industrials,33.3410773364013,100.0,9.0,63.6363636363636,0.0,0.0,1.0,3909964611.67412,0.04404,2384603174.60317,6491091358.02469,0.240936166609586,1.0,145422.0,-66.6589226635987,0.0,11.88739513937587,0.3673655234655072,22.59369651346728,0.04404,0.3673655234655072,0.07277318681451
214,2016,SG,Seatrium Limited,industrials,44.1864228804959,100.0,11.0,63.6363636363636,9.09090909090909,0.0,1.0,3018758351.33957,0.00846,2869854261.63835,6502854676.06023,0.240936166609586,1.0,143049.0,-55.8135771195041,0.0,11.87094250789108,0.4413222199480333,22.59550709836863,0.00846,0.4413222199480333,0.056269675021726
214,2017,SG,Seatrium Limited,industrials,51.6388043519857,34.7826086956522,10.0,63.6363636363636,10.0,0.0,1.0,4357594497.43954,0.0015,3065970986.31571,7247308008.6742,0.240936166609586,1.0,122340.0,16.8561956563335,0.0,11.71455933279656,0.4230496320352458,22.7038959277123,0.0015,0.4230496320352458,0.078756976269972
214,2018,SG,Seatrium Limited,industrials,52.8386428878983,100.0,11.0,66.6666666666667,9.09090909090909,0.0,1.0,3579136927.09739,-0.00836,3103713216.4086,6294313495.26675,0.240936166609586,1.0,127565.0,-47.1613571121017,0.0,11.75638131759632,0.4930979714853027,22.56291244293843,-0.00836,0.4930979714853027,0.069568941077811
214,2019,SG,Seatrium Limited,industrials,56.8271869319713,50.0,11.0,76.9230769230769,9.09090909090909,0.0,1.0,3111293982.48204,-0.0161,3480281166.31955,6291856590.30051,0.240936166609586,1.0,120927.0,6.827186931971298,0.0,11.70294233673159,0.5531405740691439,22.56252202949561,-0.0161,0.5531405740691439,0.063484434459185
214,2020,SG,Seatrium Limited,industrials,67.4076526430251,62.9032258064516,11.0,72.7272727272727,9.09090909090909,0.0,1.0,2059997529.71194,-0.0504,2908139147.55091,6790994019.22931,0.240936166609586,1.0,149544.0,4.504426836573501,0.0,11.91534594289217,0.4282346795353159,22.63886316238696,-0.0504,0.4282346795353159,0.024478584215081
214,2021,SG,Seatrium Limited,industrials,69.6336570557421,22.9166666666667,9.0,72.7272727272727,11.1111111111111,0.0,1.0,1908010853.34322,-0.09124080000000001,2486696071.16383,6893901408.4507,0.240936166609586,1.0,126433.0,46.71699038907541,0.0,11.74746780256987,0.3607095494744937,22.65390300387278,-0.14539,0.3607095494744937,0.032163558414776
214,2022,SG,Seatrium Limited,industrials,69.2065297290102,100.0,10.0,70.0,10.0,0.0,1.0,3233091270.39857,-0.02839,2505885206.74728,6793467681.74354,0.240936166609586,1.0,143292.0,-30.7934702709898,0.0,11.87263978532138,0.3688668768501664,22.63922735238521,-0.02839,0.3688668768501664,0.057459375449858
214,2023,SG,Seatrium Limited,industrials,70.6566943547225,63.953488372093,9.0,70.0,11.1111111111111,1.0,1.0,6104152103.25222,-0.00221,2691935410.50716,12301600333.5608,0.240936166609586,1.0,116356.0,6.703205982629505,0.0,11.66440973594401,0.2188280660657715,23.23299519928099,-0.00221,0.2188280660657715,0.062940466956629
214,2024,SG,Seatrium Limited,industrials,67.4164655098217,29.2207792207792,10.0,72.2222222222222,30.0,1.0,1.0,5173269815.39701,0.01189,2284895985.93613,12806429827.1316,1.10558713842435,1.0,184058.0,38.19568628904251,1.0,12.12300620431186,0.1784178742068588,23.27321321199104,0.01189,0.1784178742068588,1.10558713842435
215,2019,SG,Venture Corporation Ltd,information_technology,39.1867682630952,100.0,9.0,88.8888888888889,22.2222222222222,0.0,0.0,3491188892.74026,0.1121,21553853.0199345,2435469354.35882,1.87207433064204,1.0,61295.0,-60.8132317369048,0.0,11.02345355252909,0.00884997915549996,21.61340532823654,0.1121,0.00884997915549996,1.87207433064204
215,2020,SG,Venture Corporation Ltd,information_technology,43.3144097622956,100.0,8.0,88.8888888888889,25.0,0.0,1.0,4279597808.56991,0.0913,15860398.2133394,2452545234.30994,2.17767243132479,1.0,66080.0,-56.6855902377044,0.0,11.09862140819486,0.00646691363382823,21.62039219339677,0.0913,0.00646691363382823,2.17767243132479
215,2023,SG,Venture Corporation Ltd,information_technology,48.6504113448806,100.0,8.0,66.6666666666667,37.5,1.0,1.0,3012798342.02866,0.03696,20867257.978925,2694854825.25965,1.39471301189405,1.0,96057.0,-51.3495886551194,1.0,11.47269704425018,0.007743369989110427,21.71461017167819,0.03696,0.007743369989110427,1.39471301189405
215,2024,SG,Venture Corporation Ltd,information_technology,50.0815580515147,100.0,7.0,75.0,42.8571428571429,1.0,1.0,2784571998.64489,0.06759,22160123.0588925,2710186053.32552,1.31548098440972,1.0,87910.0,-49.9184419484853,1.0,11.38406884284522,0.008176605820733611,21.72028312384508,0.06759,0.008176605820733611,1.31548098440972
216,2016,SG,Wilmar International Ltd,consumer_staples,42.9795646422117,100.0,11.0,36.3636363636364,0.0,0.0,0.0,15686192050.6758,0.02594,17020259000.0,37032426000.0,1.07026741498583,1.0,2796826.0,-57.0204353577883,0.0,14.84399576073882,0.4596042128052858,24.3350597441737,0.02594,0.4596042128052858,1.07026741498583
216,2017,SG,Wilmar International Ltd,consumer_staples,40.049853413293,69.6428571428571,11.0,33.3333333333333,0.0,0.0,0.0,14617102552.9423,0.02687,19826540000.0,40932573000.0,0.904539673368305,1.0,4124146.97,-29.5930037295641,0.0,15.23236976121434,0.4843707235311105,24.43519198890026,0.02687,0.4843707235311105,0.904539673368305
216,2018,SG,Wilmar International Ltd,consumer_staples,51.5608832933346,100.0,11.0,36.3636363636364,0.0,0.0,0.0,14483913438.4885,0.02663,23344599000.0,45712934000.0,0.891838233202595,1.0,4531300.0,-48.4391167066654,0.0,15.326519432007,0.5106782032411221,24.5456471144977,0.02663,0.5106782032411221,0.891838233202595
216,2019,SG,Wilmar International Ltd,consumer_staples,45.2560678157799,100.0,11.0,46.1538461538462,0.0,0.0,0.0,19386542468.9408,0.0271,23918263000.0,47045144000.0,1.14524826229986,1.0,5511526.0,-54.7439321842201,0.0,15.52235209378343,0.5084108787083317,24.5743734882996,0.0271,0.5084108787083317,1.14524826229986
216,2020,SG,Wilmar International Ltd,consumer_staples,54.3433390583068,100.0,13.0,57.1428571428571,7.69230769230769,0.0,0.0,22269714335.1986,0.0303,23414449000.0,51019976000.0,1.16333776412359,1.0,5636765.0,-45.6566609416932,0.0,15.54482087735312,0.4589270876960036,24.6554830792562,0.0303,0.4589270876960036,1.16333776412359
216,2021,SG,Wilmar International Ltd,consumer_staples,66.6242853038749,100.0,13.0,53.8461538461538,7.69230769230769,0.0,0.0,19651653505.4411,0.03359,29378975000.0,58718446000.0,0.969666035230957,1.0,14100000.0,-33.3757146961251,0.0,16.4616853553484,0.5003363849240833,24.79601975632482,0.03359,0.5003363849240833,0.969666035230957
216,2022,SG,Wilmar International Ltd,consumer_staples,67.656927667409,100.0,13.0,57.1428571428571,15.3846153846154,0.0,0.0,19929976572.6377,0.04059,30658716000.0,60401970000.0,0.97214864989673,1.0,12700000.0,-32.34307233259101,0.0,16.35711255142882,0.507578080648694,24.82428755724933,0.04059,0.507578080648694,0.97214864989673
216,2023,SG,Wilmar International Ltd,consumer_staples,72.9604924357674,100.0,13.0,50.0,15.3846153846154,1.0,1.0,17330105335.7744,0.0256,30943994000.0,61808692000.0,0.837526052156604,1.0,13700000.0,-27.03950756423259,0.0,16.43290639079835,0.5006414631780268,24.84730983876935,0.0256,0.5006414631780268,0.837526052156604
216,2024,SG,Wilmar International Ltd,consumer_staples,69.693341112437,19.0140845070423,13.0,60.0,23.0769230769231,1.0,1.0,14540392197.9197,0.01919,28606880000.0,59572170000.0,0.713748074489802,1.0,14000000.0,50.6792566053947,0.0,16.45456788757953,0.4802054382104933,24.81045435565562,0.01919,0.4802054382104933,0.713748074489802
217,2022,SG,GuocoLand Ltd,real_estate,72.0474248997774,100.0,8.0,63.6363636363636,12.5,1.0,1.0,1430858864.8455,0.03319,4064844581.95424,8870638221.32681,0.409316182088247,1.0,10236.6,-27.9525751002226,0.0,9.23372481220892,0.4582358653948405,22.90601258347839,0.03319,0.4582358653948405,0.409316182088247
217,2023,SG,GuocoLand Ltd,real_estate,65.2958113028326,100.0,7.0,50.0,14.2857142857143,1.0,1.0,1327717723.0536,0.01702,3786230769.23077,8883002958.57988,0.392436853505828,1.0,12425.0,-34.7041886971674,0.0,9.427465850964829,0.4262331991653499,22.90740550779481,0.01702,0.4262331991653499,0.392436853505828
217,2024,SG,GuocoLand Ltd,real_estate,64.5192280443968,100.0,9.0,55.5555555555556,33.3333333333333,1.0,1.0,1265547160.09376,0.01059,3889522650.14018,9105235354.87679,0.376925927237079,1.0,22268.0,-35.4807719556032,1.0,10.0109059493034,0.4271743122001719,22.93211539876244,0.01059,0.4271743122001719,0.376925927237079
220,2023,SG,Singapore Land Group Ltd,real_estate,60.2655498190944,100.0,11.0,54.5454545454545,18.1818181818182,0.0,0.0,2161328216.4961,0.04887,361171253.127132,7377013115.00265,0.348135125670198,1.0,24305.3,-39.7344501809056,0.0,10.09844971254265,0.0489590092218512,22.72163466667032,0.04887,0.0489590092218512,0.348135125670198
221,2020,SG,Mapletree Logistics Trust,real_estate,44.5945929376696,100.0,12.0,50.0,33.3333333333333,1.0,0.0,6530562578.00026,0.0294,3224936040.45813,8333090138.3311,1.45506348053383,1.0,10502.0,-55.4054070623304,1.0,9.259320994197804,0.3870036189364922,22.84350018932039,0.0294,0.3870036189364922,1.45506348053383
221,2021,SG,Mapletree Logistics Trust,real_estate,49.0422599606671,100.0,11.0,54.5454545454545,27.2727272727273,1.0,0.0,6580484045.07042,0.02399,3734445674.63832,10104694419.8406,1.2515979785466,1.0,12021.0,-50.9577400393329,0.0,9.394410399304254,0.3695753200913948,23.03626594685396,0.02399,0.3695753200913948,1.2515979785466
221,2022,SG,Mapletree Logistics Trust,real_estate,51.8816373637404,100.0,12.0,58.3333333333333,33.3333333333333,1.0,1.0,5707627390.95387,0.03189,3735088681.79769,10088076807.4553,1.18889302027452,1.0,13729.0,-48.1183626362596,1.0,9.527265662897605,0.3702478433785696,23.03462004932462,0.03189,0.3702478433785696,1.18889302027452
221,2023,SG,Mapletree Logistics Trust,real_estate,59.4805297662743,100.0,11.0,58.3333333333333,36.3636363636364,1.0,1.0,6571476137.36639,0.0328,4005810109.69463,10237425882.0042,1.05901939347619,1.0,15043.0,-40.5194702337257,1.0,9.618668045697824,0.3912907556904729,23.04931604624632,0.0328,0.3912907556904729,1.05901939347619
221,2024,SG,Mapletree Logistics Trust,real_estate,63.3956680475162,100.0,11.0,54.5454545454545,36.3636363636364,1.0,1.0,4705146203.69909,0.0293,4224461664.55555,10351588555.2492,0.999788551406092,1.0,14545.0,-36.6043319524838,1.0,9.585002570929301,0.4080979109639517,23.06040582847934,0.0293,0.4080979109639517,0.999788551406092
222,2014,SG,Sembcorp Industries Ltd,utilities,55.1885948703251,100.0,9.0,77.7777777777778,11.1111111111111,1.0,1.0,2995578801.13364,0.0518,3572190282.17897,12959402444.545,0.731447886540624,1.0,6471252.0,-44.8114051296749,0.0,15.6828801562575,0.2756446755523524,23.28508741913355,0.0518,0.2756446755523524,0.731447886540624
222,2015,SG,Sembcorp Industries Ltd,utilities,51.5588381200001,100.0,11.0,72.7272727272727,9.09090909090909,0.0,1.0,1919749339.71534,0.02959,4820422574.95591,14049729805.9965,0.482433732274408,1.0,5700000.0,-48.4411618799999,0.0,15.55597673280478,0.3430971727939229,23.36586900165132,0.02959,0.3430971727939229,0.482433732274408
222,2016,SG,Sembcorp Industries Ltd,utilities,47.1528900377803,100.0,11.0,69.2307692307692,9.09090909090909,0.0,1.0,1756321823.93949,0.01871,6369183588.89349,15395935212.0459,0.430481147575615,1.0,6900000.0,-52.8471099622197,0.0,15.74703196956749,0.4136925429453737,23.45736936425604,0.01871,0.4136925429453737,0.430481147575615
222,2017,SG,Sembcorp Industries Ltd,utilities,42.6597363161364,100.0,12.0,66.6666666666667,8.33333333333333,0.0,1.0,2021536968.20883,0.01014,7363344051.44695,17755926119.7936,0.454800795420063,1.0,15100000.0,-57.3402636838636,0.0,16.53020530178515,0.4146978311223422,23.59998516305088,0.01014,0.4146978311223422,0.454800795420063
222,2018,SG,Sembcorp Industries Ltd,utilities,44.9997580193089,27.2727272727273,9.0,66.6666666666667,11.1111111111111,0.0,1.0,1663034610.46082,0.01475,7875541204.96074,17113818155.1332,0.377614220275925,1.0,22341600.0,17.7270307465816,0.0,16.92196096945253,0.4601860983662791,23.56315205338233,0.01475,0.4601860983662791,0.377614220275925
222,2019,SG,Sembcorp Industries Ltd,utilities,50.5408152711912,54.5454545454545,11.0,81.8181818181818,18.1818181818182,0.0,1.0,1519758615.42735,0.0106,8408211841.71378,17295447783.3978,0.336119363165678,1.0,23927700.0,-4.004639274263297,0.0,16.99054734160049,0.4861517288835371,23.5737091699167,0.0106,0.4861517288835371,0.336119363165678
222,2020,SG,Sembcorp Industries Ltd,utilities,46.2216682981913,100.0,11.0,81.8181818181818,18.1818181818182,0.0,1.0,2292831409.44035,0.01635,6021651904.00485,10267242031.9479,0.902790905635241,1.0,26156100.0,-53.7783317018087,0.0,17.07959299087056,0.5864916678955919,23.05222427876038,0.01635,0.5864916678955919,0.902790905635241
222,2021,SG,Sembcorp Industries Ltd,utilities,52.4556906348245,72.2222222222222,11.0,69.2307692307692,9.09090909090909,1.0,1.0,2625813536.84842,0.03379,5670126019.27354,10670867309.1179,0.935631198867814,1.0,26528300.0,-19.7665315873977,0.0,17.093722645659,0.531365057311565,23.09078318378494,0.03379,0.531365057311565,0.935631198867814
222,2022,SG,Sembcorp Industries Ltd,utilities,57.5948549287071,100.0,10.0,76.9230769230769,10.0,1.0,1.0,4468096834.00296,0.0581,5491118077.32497,11957008508.7326,1.49505234899967,1.0,26166200.0,-42.4051450712929,0.0,17.07997905953059,0.4592384519350827,23.20458342949459,0.0581,0.4592384519350827,1.49505234899967
222,2023,SG,Sembcorp Industries Ltd,utilities,48.8703802050876,65.3846153846154,9.0,70.0,11.1111111111111,1.0,1.0,7195723187.7189,0.05965,5734212720.79448,11748161625.3506,2.05076159044715,1.0,25393000.0,-16.5142351795278,0.0,17.04998410345553,0.4880944698974002,23.18696260787887,0.05965,0.4880944698974002,2.05076159044715
222,2024,SG,Sembcorp Industries Ltd,utilities,51.7225425093439,100.0,10.0,75.0,20.0,1.0,1.0,7227705450.21975,0.06,6885438031.05772,13315265162.6135,1.83493354095842,1.0,10472000.0,-48.2774574906561,0.0,16.16421558657187,0.5171085928044903,23.31217697059257,0.06,0.5171085928044903,1.83493354095842
223,2019,SG,Thai Beverage PCL,consumer_staples,62.3814200847829,100.0,18.0,50.0,22.2222222222222,0.0,0.0,16625293607.5573,0.05759,7198187185.35469,13321227231.1213,4.24685230477472,0.0,1125573.0,-37.6185799152171,0.0,13.93380279728779,0.5403546580556895,23.3126246322831,0.05759,0.5403546580556895,4.24685230477472
223,2020,SG,Thai Beverage PCL,consumer_staples,64.5450238598372,100.0,17.0,55.5555555555556,17.6470588235294,0.0,0.0,13975355130.0477,0.0554,6888004556.96203,13718983829.1139,2.46651027999019,1.0,1083286.0,-35.4549761401628,0.0,13.89550957237558,0.5020783348650483,23.34204639156782,0.0554,0.5020783348650483,2.46651027999019
223,2021,SG,Thai Beverage PCL,consumer_staples,67.8604034548023,100.0,17.0,61.9047619047619,23.5294117647059,0.0,1.0,12289383381.1712,0.0541,6704986278.58628,14035788595.1886,2.387484581116,1.0,971254.0,-32.1395965451977,0.0,13.78634329905963,0.477706416929414,23.36487623294014,0.0541,0.477706416929414,2.387484581116
223,2022,SG,Thai Beverage PCL,consumer_staples,70.6991603915094,100.0,17.0,55.5555555555556,23.5294117647059,1.0,1.0,12843564828.1087,0.0614,5690141223.19301,13444247842.2028,1.9284451099546,1.0,934727.0,-29.30083960849061,0.0,13.74800978702715,0.423239833866429,23.32181718179278,0.0614,0.423239833866429,1.9284451099546
223,2023,SG,Thai Beverage PCL,consumer_staples,74.3827967940363,100.0,16.0,52.9411764705882,18.75,1.0,1.0,9999617811.57607,0.05469,6602894905.50534,16773350451.931,1.41607619825673,1.0,1134880.0,-25.6172032059637,0.0,13.94203747643591,0.3936539050100866,23.54305718125409,0.05469,0.3936539050100866,1.41607619825673
223,2024,SG,Thai Beverage PCL,consumer_staples,70.5507740248335,100.0,16.0,56.25,18.75,0.0,1.0,10031191639.2836,0.0533,7452537202.84038,16288758968.8175,2.27140239395155,1.0,1170778.0,-29.4492259751665,0.0,13.97317904305277,0.4575263970144808,23.51374107303747,0.0533,0.4575263970144808,2.27140239395155
224,2018,SG,SATS Ltd,industrials,52.9866344492502,100.0,11.0,90.9090909090909,18.1818181818182,0.0,0.0,4298455015.23799,0.1015,70624861.6746588,1776782736.99742,3.45274499521292,1.0,86906.0,-47.0133655507498,0.0,11.37258235374917,0.03974873247249551,21.29807011471466,0.1015,0.03974873247249551,3.45274499521292
224,2019,SG,SATS Ltd,industrials,59.831929732423,100.0,11.0,84.6153846153846,27.2727272727273,0.0,0.0,4730954141.56066,0.06655,439283151.600422,2117364755.53992,2.18454197717329,1.0,87728.0,-40.168070267577,0.0,11.38199639764383,0.207466923425013,21.47343811257583,0.06655,0.207466923425013,2.18454197717329
224,2020,SG,SATS Ltd,industrials,62.6515441548756,100.0,10.0,90.0,30.0,0.0,0.0,3787388509.01729,-0.03129,649586494.124647,2299433288.7104,3.14979864868186,1.0,216202.0,-37.3484558451244,1.0,12.28396843483826,0.2824985170537203,21.55592853330811,-0.03129,0.2824985170537203,3.14979864868186
224,2022,SG,SATS Ltd,industrials,46.5712408643999,100.0,12.0,78.5714285714286,41.6666666666667,0.0,0.0,2665207983.37592,-0.0067,1111064933.11288,3512507891.17691,1.77847245247531,1.0,141722.0,-53.4287591356001,1.0,11.86162267121401,0.3163167080432106,21.97959611820216,-0.0067,0.3163167080432106,1.77847245247531
224,2023,SG,SATS Ltd,industrials,48.0457870971998,66.6666666666667,12.0,83.3333333333333,41.6666666666667,0.0,0.0,3107808900.1971,0.008579999999999999,3032982508.15298,6285206048.02846,1.63184896488421,1.0,211463.0,-18.6208795694669,1.0,12.26180532126618,0.4825589622641511,22.56146446254487,0.008579999999999999,0.4825589622641511,1.63184896488421
224,2024,SG,SATS Ltd,industrials,49.7044603195339,100.0,13.0,93.75,46.1538461538462,1.0,0.0,3986266576.97041,0.0281,3162282989.34506,6618508307.87572,1.7692700073298,1.0,329900.0,-50.2955396804661,1.0,12.70654485721667,0.4777939140126317,22.61313585036785,0.0281,0.4777939140126317,1.7692700073298
225,2018,SG,Wing Tai Holdings Ltd,real_estate,33.7375253229984,100.0,10.0,58.3333333333333,10.0,0.0,0.0,1065232835.08197,0.00144,572483487.450462,3301925730.22164,0.428976258600332,1.0,3295.0,-66.26247467700159,0.0,8.100161446936607,0.1733786687600736,21.91777168982968,0.00144,0.1733786687600736,0.428976258600332
225,2019,SG,Wing Tai Holdings Ltd,real_estate,36.5494380292642,100.0,10.0,63.6363636363636,20.0,0.0,0.0,1141272207.88179,0.00419,463783463.984618,3224111078.24286,0.464657093332771,1.0,1687.0,-63.4505619707358,0.0,7.430707082545968,0.1438484756664711,21.89392311454656,0.00419,0.1438484756664711,0.464657093332771
226,2023,SG,SBS Transit Ltd,industrials,43.6771240377955,100.0,12.0,75.0,33.3333333333333,0.0,0.0,613571686.110103,0.07200000000000001,14638768.8575544,888633158.972026,1.22118275754892,1.0,573793.0,-56.3228759622045,1.0,13.26002398308239,0.01647335428546081,20.60519506374108,0.07200000000000001,0.01647335428546081,1.22118275754892
226,2024,SG,SBS Transit Ltd,industrials,42.6904878961557,100.0,11.0,71.4285714285714,27.2727272727273,0.0,0.0,542198495.396952,0.04502,12974655.7280984,850181658.365075,1.05880156892396,1.0,565905.0,-57.3095121038443,0.0,13.24618149857488,0.01526103933252225,20.5609606003383,0.04502,0.01526103933252225,1.05880156892396
227,2014,SG,Singapore Telecommunications Ltd,communication_services,75.2139382183641,63.4146341463415,11.0,75.0,18.1818181818182,1.0,0.0,45684755588.5016,0.09287000000000001,6546223388.74308,30669874599.0085,2.74913705568485,1.0,525567.0,11.79930407202261,0.0,13.17223295879332,0.2134414787908754,24.14654672634587,0.09287000000000001,0.2134414787908754,2.74913705568485
227,2015,SG,Singapore Telecommunications Ltd,communication_services,69.5097392207441,100.0,11.0,76.9230769230769,27.2727272727273,1.0,0.0,40197280838.0952,0.08887,7374406528.18991,32318768545.9941,2.37540699461911,1.0,548043.0,-30.49026077925591,0.0,13.21410903000505,0.2281772128073229,24.19891396795491,0.08887,0.2281772128073229,2.37540699461911
227,2016,SG,Singapore Telecommunications Ltd,communication_services,69.6472041624437,100.0,10.0,76.9230769230769,30.0,1.0,0.0,40088154123.302,0.08524,8008806472.39923,34577360922.1737,2.21004775908957,1.0,564908.0,-30.3527958375563,1.0,13.24441816501163,0.2316199460804818,24.26646499624909,0.08524,0.2316199460804818,2.21004775908957
227,2017,SG,Singapore Telecommunications Ltd,communication_services,71.2665212718823,93.0555555555556,10.0,70.0,30.0,1.0,1.0,42791741768.0401,0.07341,8004272526.13108,36999694819.5621,1.81787398341282,1.0,568215.0,-21.7890342836733,1.0,13.250255147209,0.2163334742398778,24.33417550143668,0.07341,0.2163334742398778,1.81787398341282
227,2018,SG,Singapore Telecommunications Ltd,communication_services,70.3787325024111,100.0,12.0,75.0,25.0,1.0,1.0,34465895827.212,0.063,7867281445.9609,36086167465.8797,1.62233030728194,1.0,569819.0,-29.6212674975889,0.0,13.25307404552336,0.2180137708832504,24.30917545616552,0.063,0.2180137708832504,1.62233030728194
227,2019,SG,Singapore Telecommunications Ltd,communication_services,76.9678578557726,76.25,13.0,80.0,38.4615384615385,1.0,1.0,40181124712.4368,0.05021,9970172353.14808,34438902567.7102,1.51903909196139,1.0,563094.0,0.717857855772607,1.0,13.24120185588493,0.2895031957985816,24.26245265094918,0.05021,0.2895031957985816,1.51903909196139
227,2020,SG,Singapore Telecommunications Ltd,communication_services,74.7894387547523,70.9302325581395,10.0,78.5714285714286,30.0,1.0,1.0,28032648909.2634,0.03569,9563810798.75056,35697159006.396,1.49284508698099,1.0,587492.0,3.859206196612803,1.0,13.28361790788646,0.2679151805060166,24.2983369429126,0.03569,0.2679151805060166,1.49284508698099
227,2021,SG,Singapore Telecommunications Ltd,communication_services,80.8958226087344,50.0,11.0,69.2307692307692,27.2727272727273,1.0,1.0,27880623484.2105,0.0396,8760407440.21258,36264393268.3791,1.57959586922059,1.0,548342.0,30.89582260873441,0.0,13.21465445885972,0.2415704952066924,24.31410219512077,0.0396,0.2415704952066924,1.57959586922059
227,2022,SG,Singapore Telecommunications Ltd,communication_services,79.904332077539,43.75,14.0,80.0,35.7142857142857,1.0,1.0,31378323734.6491,0.0462,8186757853.59988,34969186833.0077,1.60954046049057,1.0,540555.0,36.154332077539,1.0,13.20035166851627,0.2341134751773048,24.27773313447732,0.0462,0.2341134751773048,1.60954046049057
227,2023,SG,Singapore Telecommunications Ltd,communication_services,77.0162234862552,28.7037037037037,14.0,86.6666666666667,42.8571428571429,1.0,1.0,30923468914.2976,0.0441,8819745034.09428,34241402312.4815,1.74590763635417,1.0,483872.0,48.3125197825515,1.0,13.0895756879124,0.257575462406788,24.2567013427692,0.0441,0.257575462406788,1.74590763635417
227,2024,SG,Singapore Telecommunications Ltd,communication_services,75.3537032354366,39.622641509434,14.0,80.0,50.0,1.0,1.0,37258332145.7662,0.05309,8696594888.60741,34858281797.1835,2.27500714089868,1.0,473924.0,35.7310617260026,1.0,13.06880225026903,0.2494843245346098,24.27455658715986,0.05309,0.2494843245346098,2.27500714089868
228,2020,SG,ESR-REIT,real_estate,43.6241316151061,100.0,11.0,58.3333333333333,9.09090909090909,0.0,1.0,107525077.594188,0.0262,1066221515.63328,2413046407.75229,0.976284783802982,1.0,17747.0,-56.3758683848939,0.0,9.783971766534565,0.4418570286124114,21.60415585579238,0.0262,0.4418570286124114,0.976284783802982
228,2024,SG,ESR-REIT,real_estate,55.2988941960351,100.0,10.0,46.1538461538462,20.0,0.0,1.0,150346972.677996,0.0268,2096266481.10167,4400380896.57193,0.92711572808331,1.0,17330.0,-44.7011058039649,0.0,9.760194382709651,0.4763829610147486,22.2049569415266,0.0268,0.4763829610147486,0.92711572808331
229,2020,SG,Yanlord Land Group Ltd,real_estate,30.1193449077102,100.0,8.0,50.0,25.0,1.0,0.0,1652346773.50291,0.01879,6591229731.80077,22461275862.069,0.342467118268981,1.0,45664.0,-69.8806550922898,0.0,10.72906552027656,0.2934485900211736,23.83505859061254,0.01879,0.2934485900211736,0.342467118268981
229,2021,SG,Yanlord Land Group Ltd,real_estate,35.6303527533907,100.0,9.0,50.0,11.1111111111111,1.0,0.0,1603482200.41512,0.2101,6755237637.94651,24314547315.0612,0.294540390408198,1.0,39798.0,-64.3696472466093,0.0,10.59157193875361,0.2778269959302143,23.91434066311132,0.2101,0.2778269959302143,0.294540390408198
230,2017,SG,Suntec Real Estate Investment Trust,real_estate,6.44196270439095,100.0,8.0,37.5,12.5,0.0,0.0,4264365678.45659,0.02002,2415965751.88813,6910651312.34577,1.01128948153544,0.0,80693.0,-93.55803729560905,0.0,11.29840710947971,0.3496002970909624,22.65632972677411,0.02002,0.3496002970909624,1.01128948153544
230,2018,SG,Suntec Real Estate Investment Trust,real_estate,22.4761296978415,100.0,7.0,42.8571428571429,28.5714285714286,0.0,0.0,3488461361.10663,0.02194,2562445879.50393,6980555514.78682,0.843379206787589,1.0,67276.0,-77.5238703021585,0.0,11.11655883984732,0.3670833752522896,22.66639433719952,0.02194,0.3670833752522896,0.843379206787589
230,2019,SG,Suntec Real Estate Investment Trust,real_estate,29.7031019886156,100.0,8.0,50.0,25.0,0.0,0.0,3833583410.83011,0.02517,2700273728.05713,7462340821.18417,0.862275309612187,1.0,71128.0,-70.2968980113844,0.0,11.17223634980098,0.3618534442157299,22.73313498494305,0.02517,0.3618534442157299,0.862275309612187
230,2020,SG,Suntec Real Estate Investment Trust,real_estate,40.6407652826397,100.0,8.0,55.5555555555556,25.0,0.0,0.0,3186985093.35302,0.01462,3653918540.38913,8504862593.68612,0.725279852656854,1.0,70775.0,-59.3592347173603,0.0,11.1672611099801,0.429626992810177,22.86390390671853,0.01462,0.429626992810177,0.725279852656854
230,2021,SG,Suntec Real Estate Investment Trust,real_estate,37.1050761222576,100.0,8.0,50.0,25.0,0.0,0.0,3193498299.28836,0.01569,3646397331.35656,8664698295.03336,0.715512053015588,1.0,99692.0,-62.8949238777424,0.0,11.5098407120083,0.4208337332930207,22.88252294070033,0.01569,0.4208337332930207,0.715512053015588
230,2022,SG,Suntec Real Estate Investment Trust,real_estate,41.321577842883,100.0,8.0,50.0,25.0,0.0,0.0,2962239126.69055,0.0204,3615076130.76579,8741129273.02582,0.651306387973356,1.0,103889.0,-58.678422157117,0.0,11.55107830045275,0.4135708348258301,22.89130522570732,0.0204,0.4135708348258301,0.651306387973356
230,2023,SG,Suntec Real Estate Investment Trust,real_estate,40.8830422316317,100.0,8.0,44.4444444444444,25.0,1.0,0.0,2701574905.5265,0.00883,3229739974.22485,8436985823.66765,0.585908044034891,1.0,106687.0,-59.1169577683683,0.0,11.57765459294116,0.3828073250004403,22.85589095187101,0.00883,0.3828073250004403,0.585908044034891
230,2024,SG,Suntec Real Estate Investment Trust,real_estate,44.8007729026562,100.0,8.0,44.4444444444444,25.0,1.0,0.0,2503706127.4685,0.0127,3085996923.52769,8021626135.36478,0.571803582238128,1.0,106050.0,-55.1992270973438,0.0,11.57166595999283,0.3847096425901125,22.80540699829234,0.0127,0.3847096425901125,0.571803582238128
232,2021,PH,Bloomberry Resorts Corp,consumer_discretionary,35.0875207032848,100.0,8.0,44.4444444444444,0.0,0.0,0.0,1309081126.19984,-0.0369,1486730739.34105,2260286798.72524,2.38334922730504,1.0,86730.55,-64.91247929671519,0.0,11.37056146517805,0.6577619885138197,21.53875754427003,-0.0369,0.6577619885138197,2.38334922730504
232,2022,PH,Bloomberry Resorts Corp,consumer_discretionary,41.7796999381774,100.0,7.0,37.5,0.0,0.0,0.0,1448772308.50469,0.0403,1641191571.86995,2535038599.69463,2.42995664606381,1.0,87051.0,-58.2203000618226,0.0,11.37424943278113,0.6474029910501747,21.65347470057763,0.0403,0.6474029910501747,2.42995664606381
232,2023,PH,Bloomberry Resorts Corp,consumer_discretionary,40.2158663308377,100.0,7.0,28.5714285714286,0.0,0.0,0.0,1980960526.59935,0.0632,1713003367.31783,2891779377.33805,2.23599832202849,1.0,88979.0,-59.7841336691623,0.0,11.39615566581632,0.5923700060738,21.7851378511054,0.0632,0.5923700060738,2.23599832202849
232,2024,PH,Bloomberry Resorts Corp,consumer_discretionary,46.9529198325995,100.0,6.0,28.5714285714286,0.0,0.0,0.0,884093383.259033,0.0583,1897758244.36945,3438544757.5935,0.825786508952227,1.0,128374.0,-53.0470801674005,0.0,11.76270315752184,0.5519073847093429,21.95831418324364,0.0583,0.5519073847093429,0.825786508952227
233,2022,ID,Astra Agro Lestari Tbk PT,consumer_staples,43.2042797561902,100.0,6.0,33.3333333333333,0.0,0.0,0.0,992330476.859942,0.0579,260441182.139415,1879173787.3434,0.712303888446833,1.0,1175390.0,-56.7957202438098,0.0,13.97711056538245,0.1385934520231906,21.35409804237357,0.0579,0.1385934520231906,0.712303888446833
233,2023,ID,Astra Agro Lestari Tbk PT,consumer_staples,42.0410160979156,100.0,4.0,50.0,0.0,0.0,0.0,878267979.170185,0.0364,260152776.875609,1873741019.81163,0.614140075536955,1.0,997298.0,-57.9589839020844,0.0,13.81280490097333,0.1388413735542613,21.35120281474071,0.0364,0.1388413735542613,0.614140075536955
233,2024,ID,Astra Agro Lestari Tbk PT,consumer_staples,43.4339353515387,35.2112676056338,4.0,60.0,25.0,0.0,0.0,739805806.856789,0.0398,198231013.051585,1789510565.56868,0.527034311519015,1.0,904449.0,8.2226677459049,0.0,13.71508119748485,0.1107738712839564,21.30520799235448,0.0398,0.1107738712839564,0.527034311519015
234,2014,PH,Ayala Corp,industrials,60.9360830111515,100.0,8.0,37.5,12.5,0.0,0.0,9315947565.51405,0.02683,5784239709.49721,16224531307.2626,2.31796166380378,1.0,613695.39,-39.0639169888485,0.0,13.32725397653538,0.3565119755975943,23.50979021204768,0.02683,0.3565119755975943,2.31796166380378
234,2015,PH,Ayala Corp,industrials,75.5204032213427,100.0,7.0,57.1428571428571,0.0,0.0,0.0,9672842682.96988,0.02931,5614940149.25373,16931230767.5906,2.23916724366758,1.0,711828.13,-24.4795967786573,0.0,13.47559177080531,0.3316321315519323,23.55242572788507,0.02931,0.3316321315519323,2.23916724366758
234,2016,PH,Ayala Corp,industrials,70.4465093287899,100.0,7.0,57.1428571428571,0.0,0.0,0.0,8858095087.79405,0.0305,5969732056.74045,18396345830.2226,1.95137575283456,0.0,1469071.1,-29.5534906712101,0.0,14.20014085425705,0.3245064053390985,23.63541788565496,0.0305,0.3245064053390985,1.95137575283456
234,2017,PH,Ayala Corp,industrials,72.7616657637631,100.0,7.0,57.1428571428571,0.0,0.0,0.0,12220783587.193,0.0313,7015466154.43104,20440317586.0896,2.44016507501739,1.0,2449838.3,-27.23833423623689,0.0,14.71153258034281,0.343217081871826,23.74077513964113,0.0313,0.343217081871826,2.44016507501739
234,2018,PH,Ayala Corp,industrials,68.5913717031131,100.0,7.0,57.1428571428571,0.0,0.0,0.0,10479884516.9337,0.02867,7857092281.3036,22830676939.2034,1.93164583971467,1.0,8286378.2,-31.4086282968869,0.0,15.93012354383154,0.3441462687342353,23.85137094834959,0.02867,0.3441462687342353,1.93164583971467
234,2019,PH,Ayala Corp,industrials,70.2983269144546,100.0,7.0,50.0,0.0,0.0,0.0,9682799053.50043,0.0277,8444606574.5311,26560433524.1856,1.47351578390602,1.0,7997647.5,-29.70167308554539,0.0,15.89465799389925,0.3179393350956243,24.00268848386818,0.0277,0.3179393350956243,1.47351578390602
234,2021,PH,Ayala Corp,industrials,65.5596949700688,100.0,8.0,40.0,25.0,0.0,0.0,10084382580.0915,0.0202,9926070425.57364,26455892135.7129,1.39524053999477,1.0,1278051.21,-34.4403050299312,0.0,14.06084698353935,0.3751931847414212,23.99874473549758,0.0202,0.3751931847414212,1.39524053999477
234,2022,PH,Ayala Corp,industrials,66.7445565020539,100.0,8.0,25.0,25.0,0.0,0.0,7964237324.10394,0.0194,10469396569.0677,26559100700.5569,1.18913788579917,1.0,1648035.8,-33.2554434979461,0.0,14.31509471251658,0.394192434717798,24.00263830181563,0.0194,0.394192434717798,1.18913788579917
234,2023,PH,Ayala Corp,industrials,71.3047894507047,100.0,8.0,40.0,37.5,0.0,0.0,8120858309.47137,0.0247,11203677204.4486,29044437242.7241,1.0745257243833,1.0,1587591.0,-28.6952105492953,1.0,14.27772833094074,0.3857426160754837,24.09209281284511,0.0247,0.3857426160754837,1.0745257243833
235,2022,ID,Aspirasi Hidup Indonesia Tbk PT,consumer_discretionary,28.5212702558538,100.0,4.0,40.0,0.0,0.0,0.0,546508191.455188,0.09199,48485789.4812078,470846727.067138,1.44016072579218,1.0,45900000.0,-71.4787297441462,0.0,17.64197567503077,0.1029757385874198,19.97004317878041,0.09199,0.1029757385874198,1.44016072579218
235,2023,ID,Aspirasi Hidup Indonesia Tbk PT,consumer_discretionary,25.0034688785219,100.0,6.0,33.3333333333333,33.3333333333333,0.0,0.0,802078596.947061,0.10179,61573906.2034427,506300438.698214,2.00437740108225,1.0,47200000.0,-74.9965311214781,1.0,17.66990445055578,0.1216153522634898,20.04264080341856,0.10179,0.1216153522634898,2.00437740108225
235,2024,ID,Aspirasi Hidup Indonesia Tbk PT,consumer_discretionary,31.6878237270535,100.0,5.0,33.3333333333333,20.0,0.0,0.0,838506377.123373,0.1116,62319501.833872,509099553.153139,2.08852080195659,1.0,47600000.0,-68.3121762729465,0.0,17.67834331920165,0.1224112287034871,20.04815414115295,0.1116,0.1224112287034871,2.08852080195659
239,2014,TH,Advanced Info Service PCL,communication_services,50.1092490872085,90.4255319148936,13.0,31.25,23.0769230769231,0.0,0.0,22716801456.0122,0.30232,1126137446.80851,3840442644.3769,15.9618530742379,1.0,258622.0,-40.3162828276851,0.0,12.4631228151739,0.2932311587721218,22.06885346887589,0.30232,0.2932311587721218,15.9618530742379
239,2015,TH,Advanced Info Service PCL,communication_services,60.1323518459374,100.0,15.0,37.5,20.0,0.0,0.0,12525235314.8559,0.25414,1816554531.95447,5046120854.30316,9.3412621208103,1.0,299524.0,-39.8676481540626,0.0,12.60994982688305,0.3599902944071136,22.34188563739436,0.25414,0.3599902944071136,9.3412621208103
239,2016,TH,Advanced Info Service PCL,communication_services,68.1118913567943,100.0,13.0,38.8888888888889,15.3846153846154,0.0,0.0,12194336314.4531,0.13408,2761107830.10603,7691695049.16295,10.2664426358185,1.0,328768.39,-31.8881086432057,0.0,12.70310880007307,0.3589726077877344,22.76340701869243,0.13408,0.3589726077877344,10.2664426358185
239,2017,TH,Advanced Info Service PCL,communication_services,62.7501407444437,100.0,13.0,38.4615384615385,15.3846153846154,0.0,1.0,17445812842.7035,0.10747,3369505954.99232,8727107658.00307,11.2845587817443,1.0,459819.09,-37.2498592555563,0.0,13.0385884085007,0.3860965267115001,22.88969984124985,0.10747,0.3860965267115001,11.2845587817443
239,2018,TH,Advanced Info Service PCL,communication_services,64.50262527451,100.0,11.0,46.6666666666667,9.09090909090909,0.0,1.0,15760877210.3565,0.10332,3375602373.52304,8985616624.46644,8.91573764491925,1.0,519950.0,-35.49737472549,0.0,13.16148793208838,0.3756673041593827,22.91889098303708,0.10332,0.3756673041593827,8.91573764491925
239,2019,TH,Advanced Info Service PCL,communication_services,72.8229519756087,100.0,10.0,45.4545454545455,10.0,0.0,1.0,21151872031.2625,0.10752,3160070870.16129,9733505434.4086,9.14226451573258,1.0,525451.0,-27.1770480243913,0.0,13.17201222042258,0.3246590749300068,22.99883993901354,0.10752,0.3246590749300068,9.14226451573258
239,2020,TH,Advanced Info Service PCL,communication_services,70.020556417016,100.0,11.0,45.4545454545455,9.09090909090909,0.0,1.0,17479811592.7856,0.0857,5206819849.13449,11656810165.9787,6.92689787588783,1.0,615407.0,-29.979443582984,0.0,13.33003911652102,0.4466762154479443,23.17915640977069,0.0857,0.4466762154479443,6.92689787588783
239,2021,TH,Advanced Info Service PCL,communication_services,71.2024879751751,100.0,11.0,45.4545454545455,9.09090909090909,0.0,1.0,20515984760.9478,0.0762,4181850325.66958,10719883928.3479,8.37246568001848,1.0,696883.0,-28.7975120248249,0.0,13.45437281338536,0.3901022020034192,23.09536616495096,0.0762,0.3901022020034192,8.37246568001848
239,2022,TH,Advanced Info Service PCL,communication_services,71.4455430056748,100.0,11.0,33.3333333333333,18.1818181818182,0.0,1.0,16757321540.5952,0.075,3710390907.77232,9738331805.28749,6.76786830413168,1.0,645321.0,-28.55445699432519,0.0,13.37750314639767,0.3810088813936016,22.99933566737428,0.075,0.3810088813936016,6.76786830413168
239,2023,TH,Advanced Info Service PCL,communication_services,74.8078608719437,100.0,11.0,41.6666666666667,18.1818181818182,1.0,1.0,18838397919.2061,0.07349,7056286163.26055,13229671647.8312,7.12495607165743,1.0,675497.0,-25.1921391280563,0.0,13.42320399521783,0.533368200745732,23.30572799600725,0.07349,0.533368200745732,7.12495607165743
239,2024,TH,Advanced Info Service PCL,communication_services,70.5117353266006,100.0,12.0,33.3333333333333,18.1818181818182,1.0,1.0,24988237536.0656,0.07919,6235551045.70928,12592880657.2971,8.77922990783324,1.0,704264.0,-29.4882646733994,0.0,13.46490856484525,0.4951647851991683,23.25639746401718,0.07919,0.4951647851991683,8.77922990783324
240,2022,MY,AEON CO (M) Bhd,consumer_staples,48.5604622712356,100.0,8.0,44.4444444444444,12.5,0.0,0.0,437154545.454546,0.0197,517542500.0,1233255227.27273,1.06444393778071,1.0,199562.0,-51.4395377287644,0.0,12.20388024397326,0.4196556305254948,20.93292303668477,0.0197,0.4196556305254948,1.06444393778071
240,2023,MY,AEON CO (M) Bhd,consumer_staples,52.9655816193419,100.0,11.0,42.8571428571429,18.1818181818182,0.0,0.0,333411764.705882,0.02156,445293899.782135,1138026797.38562,0.823211469318111,1.0,63211.0,-47.0344183806581,0.0,11.05423361562281,0.3912859528484787,20.85256172016383,0.02156,0.3912859528484787,0.823211469318111
240,2024,MY,AEON CO (M) Bhd,consumer_staples,52.546675166949,100.0,11.0,64.2857142857143,36.3636363636364,0.0,0.0,493348254.252462,0.02359,516279543.419875,1261136750.22381,1.13781446585519,1.0,104508.0,-47.453324833051,1.0,11.55701890248074,0.4093763371246239,20.95527933390489,0.02359,0.4093763371246239,1.13781446585519
241,2015,PH,Aboitiz Equity Ventures Inc,industrials,43.2842586577442,100.0,10.0,30.0,0.0,0.0,0.0,6696249637.48467,0.05692999999999999,3440230831.5565,7251980021.32196,2.65709000529442,1.0,1558956.0,-56.7157413422558,0.0,14.25952692442162,0.4743850398707223,22.70454037491547,0.05692999999999999,0.4743850398707223,2.65709000529442
241,2017,PH,Aboitiz Equity Ventures Inc,industrials,43.370362133207,100.0,9.0,30.0,0.0,0.0,0.0,8141028532.89965,0.04509000000000001,5247203953.81876,9843161794.42544,2.63004745374111,1.0,2486150.0,-56.629637866793,0.0,14.72624588712473,0.5330811443931007,23.01004281696986,0.04509000000000001,0.5330811443931007,2.63004745374111
241,2018,PH,Aboitiz Equity Ventures Inc,industrials,37.3684384989175,100.0,12.0,26.6666666666667,8.33333333333333,0.0,0.0,5758336759.47925,0.04243,5441562874.02325,10567830550.7909,1.73074855549153,1.0,2485588.0,-62.6315615010825,0.0,14.72601980924115,0.5149176879653886,23.08108036985837,0.04243,0.5149176879653886,1.73074855549153
241,2019,PH,Aboitiz Equity Ventures Inc,industrials,43.1185385183489,100.0,12.0,25.0,8.33333333333333,1.0,0.0,5572829732.36791,0.03856,6136027384.0079,11616704856.8608,1.60416665918304,1.0,3494481.0,-56.8814614816511,0.0,15.06669542476907,0.5282072205169245,23.17570997301408,0.03856,0.5282072205169245,1.60416665918304
241,2021,PH,Aboitiz Equity Ventures Inc,industrials,37.6928982326854,100.0,11.0,35.7142857142857,18.1818181818182,0.0,0.0,6012272526.64542,0.0407,6697702039.61561,14387264600.9021,1.25293179282701,1.0,9612073.0,-62.3071017673146,0.0,16.07853047048298,0.4655299131146622,23.38960924949842,0.0407,0.4655299131146622,1.25293179282701
241,2022,PH,Aboitiz Equity Ventures Inc,industrials,34.4028209718415,100.0,9.0,40.0,22.2222222222222,0.0,0.0,5821935642.81183,0.0322,6770485306.26909,14510114585.9529,1.27331357837224,1.0,6333450.0,-65.59717902815851,0.0,15.66135566934557,0.4666045375564112,23.39811180084461,0.0322,0.4666045375564112,1.27331357837224
242,2020,PH,Alliance Global Group Inc,industrials,32.5938239680244,100.0,7.0,28.5714285714286,14.2857142857143,0.0,0.0,2142825336.05581,0.01345,4929217086.04457,13924032184.2741,0.554275649044916,0.0,542044.0,-67.4061760319756,0.0,13.20310245793861,0.3540078779487211,23.35688211831739,0.01345,0.3540078779487211,0.554275649044916
242,2021,PH,Alliance Global Group Inc,industrials,35.5304058714915,100.0,7.0,28.5714285714286,14.2857142857143,0.0,0.0,2192344697.23867,0.02469,4582430812.12002,13805843213.8459,0.523548642756282,0.0,444224.0,-64.4695941285085,0.0,13.00408421869925,0.3319196619243288,23.34835776078525,0.02469,0.3319196619243288,0.523548642756282
242,2022,PH,Alliance Global Group Inc,industrials,40.9959282158723,100.0,7.0,37.5,14.2857142857143,0.0,0.0,1948957001.25627,0.0222,4191413523.31597,13436683143.8297,0.45859090228222,1.0,1385120.0,-59.0040717841277,0.0,14.1412973364496,0.3119381084193178,23.32125435169015,0.0222,0.3119381084193178,0.45859090228222
242,2023,PH,Alliance Global Group Inc,industrials,36.8167392889473,100.0,7.0,44.4444444444444,14.2857142857143,0.0,0.0,1834528726.13418,0.02563,4382526179.10017,14128386127.645,0.382411182280301,1.0,531687.0,-63.1832607110527,0.0,13.18381024931578,0.3101929788374685,23.37145181110024,0.02563,0.3101929788374685,0.382411182280301
243,2020,TH,AAPICO Hitech PCL,consumer_discretionary,37.9395608429967,100.0,8.0,77.7777777777778,25.0,0.0,0.0,191783335.400633,0.0243,325145871.105193,743876636.251665,0.754041842419464,1.0,3509.12,-62.0604391570033,0.0,8.163120572775629,0.4370964959238095,20.42738576755943,0.0243,0.4370964959238095,0.754041842419464
243,2022,TH,AAPICO Hitech PCL,consumer_discretionary,35.1187117892883,100.0,7.0,77.7777777777778,28.5714285714286,0.0,0.0,305014442.559954,0.07568,227516429.904652,735886570.066455,1.09837754149086,1.0,5962.0,-64.8812882107117,0.0,8.693161274238017,0.3091732328857502,20.41658654805841,0.07568,0.3091732328857502,1.09837754149086
243,2023,TH,AAPICO Hitech PCL,consumer_discretionary,32.7654803666444,100.0,7.0,57.1428571428571,28.5714285714286,0.0,0.0,290005146.993578,0.06344999999999999,192248189.024745,736340537.845706,0.917236726551024,1.0,24585.0,-67.2345196333556,0.0,10.10989177984604,0.2610859774027938,20.41720325697675,0.06344999999999999,0.2610859774027938,0.917236726551024
243,2024,TH,AAPICO Hitech PCL,consumer_discretionary,45.7310345057848,100.0,7.0,62.5,28.5714285714286,0.0,0.0,169318641.557377,0.03089,168121029.830706,673554713.718622,0.520492804620504,1.0,20466.0,-54.2689654942152,0.0,9.9265202516467,0.2496026327282726,20.32807978840464,0.03089,0.2496026327282726,0.520492804620504
245,2016,MY,Capital A Berhad,industrials,32.8429334605797,100.0,3.0,100.0,0.0,0.0,0.0,844405657.525789,0.07332,2359046047.49693,4902528041.03022,0.570894665682531,0.0,2666403.0,-67.1570665394203,0.0,14.79624093108755,0.4811897102379855,22.31301683575941,0.07332,0.4811897102379855,0.570894665682531
245,2018,MY,Capital A Berhad,industrials,26.9080934315005,42.1052631578947,1.0,0.0,0.0,0.0,0.0,1644370199.96387,0.05927,291798789.346247,4491469975.78693,0.872411581210362,0.0,8545727.0,-15.1971697263942,0.0,15.96094194990638,0.06496732493355302,22.22544587393724,0.05927,0.06496732493355302,0.872411581210362
245,2019,MY,Capital A Berhad,industrials,37.0737135807405,80.9523809523809,7.0,57.1428571428571,14.2857142857143,0.0,0.0,1389424294.30179,0.02129,3152033993.64148,6259407679.13915,1.26299225179122,1.0,9524225.0,-43.8786673716404,0.0,16.06934911083734,0.5035674548162641,22.55735139763584,0.02129,0.5035674548162641,1.26299225179122
246,2021,MY,Ajiya Bhd,industrials,26.4193815587579,100.0,7.0,71.4285714285714,28.5714285714286,0.0,0.0,81924741.1335255,0.09343,200238.095238095,115618809.52381,0.725027511516482,0.0,11784.0,-73.5806184412421,0.0,9.374497958142467,0.001731881655439973,18.56580921311005,0.09343,0.001731881655439973,0.725027511516482
246,2022,MY,Ajiya Bhd,industrials,43.3975052252371,100.0,7.0,69.2307692307692,14.2857142857143,0.0,0.0,110065756.718182,0.0781,2763381.04884087,110355419.986496,1.253277676485,0.0,4243.59,-56.6024947747629,0.0,8.353164888092568,0.0250407370039371,18.51921680578614,0.0781,0.0250407370039371,1.253277676485
246,2023,MY,Ajiya Bhd,industrials,45.3948848143145,100.0,7.0,57.1428571428571,14.2857142857143,0.0,0.0,101528161.333333,0.06346,1072972.72922482,124667335.409062,0.943057053777274,0.0,4190.02,-54.6051151856855,0.0,8.34046078617448,0.008606686953756984,18.64115943094012,0.06346,0.008606686953756984,0.943057053777274
246,2024,MY,Ajiya Bhd,industrials,45.6087392695169,100.0,7.0,57.1428571428571,14.2857142857143,0.0,0.0,96801693.6615935,0.05236,3562225.60429722,172440678.827216,0.642148780620454,0.0,5721.83,-54.3912607304831,0.0,8.652043963277062,0.02065768720306731,18.96556384443495,0.05236,0.02065768720306731,0.642148780620454
247,2019,ID,AKR Corporindo Tbk PT,energy,41.297808915623,100.0,3.0,33.3333333333333,0.0,0.0,0.0,1139227365.94828,0.0347,332139935.662824,1542438485.08646,1.90229392318639,1.0,23189.863,-58.702191084377,0.0,10.05147052251328,0.2153343156788558,21.15663043293981,0.0347,0.2153343156788558,1.90229392318639
247,2020,ID,AKR Corporindo Tbk PT,energy,51.707866175244,100.0,3.0,25.0,0.0,0.0,0.0,909311242.564102,0.0499,293192797.364672,1330738804.48718,1.43422061982109,1.0,36496.109,-48.292133824756,0.0,10.50496093114838,0.2203233244390572,21.00900011704708,0.0499,0.2203233244390572,1.43422061982109
247,2021,ID,AKR Corporindo Tbk PT,energy,54.9064233250065,100.0,3.0,50.0,0.0,0.0,0.0,1156704950.66246,0.05269,214563213.403509,1649725314.80702,1.73608897310924,1.0,41532.45,-45.0935766749935,0.0,10.63423032838343,0.130059962999724,21.22387463512572,0.05269,0.130059962999724,1.73608897310924
247,2022,ID,AKR Corporindo Tbk PT,energy,51.7628404394214,100.0,3.0,66.6666666666667,0.0,0.0,0.0,1805516507.54899,0.09480000000000001,193804256.537103,1746714297.20527,2.5191342282686,1.0,37172.38,-48.2371595605786,0.0,10.52332129137328,0.1109536097844899,21.28100231563178,0.09480000000000001,0.1109536097844899,2.5191342282686
247,2023,ID,AKR Corporindo Tbk PT,energy,59.1203082892214,100.0,3.0,33.3333333333333,0.0,0.0,0.0,1923246186.09938,0.09679,300666849.041897,1965223976.42092,2.58486162925698,1.0,32997.1,-40.8796917107786,0.0,10.40417495779917,0.1529936804401673,21.39887205868349,0.09679,0.1529936804401673,2.58486162925698
247,2024,ID,AKR Corporindo Tbk PT,energy,55.0471379375393,100.0,3.0,25.0,0.0,0.0,0.0,1393818447.11717,0.07019,330460658.359229,2057718108.63891,1.91334813827784,1.0,35800.27,-44.9528620624607,0.0,10.48571071425979,0.1605956894541858,21.44486349152607,0.07019,0.1605956894541858,1.91334813827784
248,2014,PH,Ayala Land Inc,real_estate,81.1563397114059,71.4285714285714,9.0,33.3333333333333,11.1111111111111,0.0,0.0,10920068165.4425,0.05,2785825005.58659,8691496379.88827,4.52717068075017,1.0,265618.0,9.727768282834504,0.0,12.4898144653724,0.3205230588409222,22.88561095701405,0.05,0.3205230588409222,4.52717068075017
248,2015,PH,Ayala Land Inc,real_estate,78.4211666609917,100.0,11.0,36.3636363636364,18.1818181818182,0.0,0.0,11004273757.414,0.04242,2793094051.17271,9431594882.72921,3.8230554153711,1.0,315649.0,-21.5788333390083,0.0,12.66238611572486,0.2961422840889107,22.96733104789446,0.04242,0.2961422840889107,3.8230554153711
248,2016,PH,Ayala Land Inc,real_estate,87.1128294697086,100.0,9.0,33.3333333333333,11.1111111111111,0.0,0.0,9692681325.05853,0.04272,3224466555.01523,10824128715.2687,3.21592091216597,1.0,391459.0,-12.8871705302914,0.0,12.87763606351383,0.2978961762037016,23.10504361939873,0.04272,0.2978961762037016,3.21592091216597
248,2017,PH,Ayala Land Inc,real_estate,86.9684828057843,100.0,9.0,30.0,11.1111111111111,0.0,0.0,13361608054.8462,0.04558,3489320207.29536,11485129839.7263,3.96942112952712,1.0,278690.0,-13.0315171942157,0.0,12.53785533195081,0.3038119948131569,23.16431897818041,0.04558,0.3038119948131569,3.96942112952712
248,2018,PH,Ayala Land Inc,real_estate,89.4613253896696,100.0,10.0,40.0,20.0,0.0,0.0,11653331650.5393,0.04706,3565825023.82314,12746721593.2914,3.21644102553576,1.0,292239.0,-10.5386746103304,0.0,12.58532723961825,0.2797444815692714,23.26853994554935,0.04706,0.2797444815692714,3.21644102553576
248,2019,PH,Ayala Land Inc,real_estate,88.9553628922738,100.0,9.0,45.4545454545455,11.1111111111111,0.0,0.0,13470266102.8597,0.048,4512548588.35143,14095227601.1846,3.19322740056358,1.0,288451.0,-11.0446371077262,0.0,12.57228050648436,0.3201472665806534,23.36910210903622,0.048,0.3201472665806534,3.19322740056358
248,2020,PH,Ayala Land Inc,real_estate,88.2883053597214,100.0,9.0,33.3333333333333,11.1111111111111,0.0,0.0,12811287882.5906,0.0121,4784560737.34639,15028001957.9254,2.72324916995961,1.0,276997.0,-11.71169464027859,0.0,12.53176195478592,0.3183763717054302,23.43318109494329,0.0121,0.3183763717054302,2.72324916995961
248,2021,PH,Ayala Land Inc,real_estate,87.7710721349358,100.0,9.0,45.4545454545455,22.2222222222222,1.0,0.0,10833994957.0606,0.01667,4725124396.94058,14619814924.495,2.34991415223593,1.0,175239.0,-12.22892786506419,0.0,12.07390603545184,0.3232000145927836,23.40564363212465,0.01667,0.3232000145927836,2.34991415223593
248,2022,PH,Ayala Land Inc,real_estate,86.6459330419925,100.0,9.0,44.4444444444444,22.2222222222222,0.0,0.0,8381525826.81936,0.02439,4575919112.62799,14004931201.7244,1.82713044774218,1.0,140337.0,-13.35406695800749,0.0,11.85180195192111,0.3267362792945792,23.3626753332383,0.02439,0.3267362792945792,1.82713044774218
248,2023,PH,Ayala Land Inc,real_estate,84.0665292022761,100.0,9.0,40.0,33.3333333333333,0.0,0.0,9293672877.02842,0.03014,4997055029.97039,15285485700.8738,1.88864739069059,1.0,120181.0,-15.9334707977239,1.0,11.69675421870536,0.3269150308834957,23.45016956809275,0.03014,0.3269150308834957,1.88864739069059
248,2024,PH,Ayala Land Inc,real_estate,82.2466315357777,100.0,9.0,46.1538461538462,22.2222222222222,0.0,0.0,6651471607.34268,0.032,5181726961.22322,15819873820.5111,1.29202758428877,1.0,111635.0,-17.75336846422231,0.0,11.62298989983254,0.3275454039655425,23.48453282330665,0.032,0.3275454039655425,1.29202758428877
249,2019,TH,Amata Corporation PCL,real_estate,70.442035733264,100.0,7.0,57.1428571428571,0.0,0.0,0.0,716322328.843243,0.05019,451565334.979839,1223031081.14919,1.52596750882673,1.0,17994.0,-29.55796426673599,0.0,9.797793647977064,0.3692182005346399,20.92459810718722,0.05019,0.3692182005346399,1.52596750882673
249,2020,TH,Amata Corporation PCL,real_estate,77.9088285534467,100.0,7.0,57.1428571428571,0.0,0.0,0.0,626085504.342017,0.02879,535323235.685752,1338936584.55393,1.1979008202026,1.0,16228.0,-22.0911714465533,0.0,9.694493424326337,0.3998122404460971,21.01514154223065,0.02879,0.3998122404460971,1.1979008202026
249,2021,TH,Amata Corporation PCL,real_estate,74.7832473234119,100.0,7.0,57.1428571428571,0.0,0.0,0.0,724355128.974205,0.0327,490004052.60307,1368367592.23593,1.3626158619932,1.0,17182.0,-25.2167526765881,0.0,9.751617603198001,0.3580938743239287,21.0368843278261,0.0327,0.3580938743239287,1.3626158619932
249,2022,TH,Amata Corporation PCL,real_estate,69.8844334547631,100.0,7.0,57.1428571428571,0.0,0.0,0.0,707743426.755273,0.05028,453564093.441202,1377025347.50072,1.25880929830051,1.0,15847.0,-30.1155665452369,0.0,9.670735486942808,0.3293796256288338,21.04319146429455,0.05028,0.3293796256288338,1.25880929830051
249,2023,TH,Amata Corporation PCL,real_estate,71.4713480261046,100.0,6.0,57.1428571428571,0.0,0.0,1.0,897913018.096906,0.0358,541371683.173217,1676509108.12227,1.50665056496984,1.0,15218.0,-28.52865197389541,0.0,9.630234216736469,0.3229160405693031,21.23997955667553,0.0358,0.3229160405693031,1.50665056496984
249,2024,TH,Amata Corporation PCL,real_estate,73.3523000098976,100.0,7.0,75.0,14.2857142857143,0.0,1.0,967871779.859485,0.04049000000000001,539238019.935785,1895531658.31874,1.50390591934503,1.0,13394.0,-26.6476999901024,0.0,9.502562124469996,0.2844785090078988,21.36276519461117,0.04049000000000001,0.2844785090078988,1.50390591934503
250,2023,MY,Analabs Resources Bhd,materials,28.130407616255,100.0,6.0,66.6666666666667,16.6666666666667,0.0,0.0,43416052.2875817,0.08134000000000001,37663941.2997904,138274842.767296,0.433431357943584,0.0,4479.96,-71.869592383745,0.0,8.407369396797742,0.2723846257643221,18.74475387674291,0.08134000000000001,0.2723846257643221,0.433431357943584
251,2023,MY,Ancom Nyle Bhd,materials,36.4888890001074,100.0,8.0,63.6363636363636,12.5,0.0,0.0,245402148.892792,0.0645,88392586.1695209,261158031.649686,1.86270311469308,1.0,31284.88,-63.5111109998926,0.0,10.3508901927211,0.3384639775815494,19.38063626730257,0.0645,0.3384639775815494,1.86270311469308
251,2024,MY,Ancom Nyle Bhd,materials,36.403886823676,100.0,8.0,66.6666666666667,12.5,0.0,0.0,263467678.379588,0.067,76169642.8571428,261047406.462585,1.81748809006297,1.0,37811.5,-63.596113176324,0.0,10.5403685681425,0.291784714084336,19.38021258274978,0.067,0.291784714084336,1.81748809006297
252,2024,MY,Ann Joo Resources Bhd,materials,60.2829951664189,100.0,6.0,44.4444444444444,20.0,1.0,0.0,134357772.404879,-0.09124080000000001,319864592.658908,681960832.587287,0.57406805260688,1.0,1011501.6,-39.7170048335811,0.0,13.82694651739788,0.4690366035324576,20.34048278393464,-0.09535,0.4690366035324576,0.57406805260688
253,2014,ID,Aneka Tambang Tbk PT,materials,67.1722563596457,100.0,10.0,41.6666666666667,0.0,1.0,1.0,816268351.454619,-0.03771,647428761.389338,1777389634.89499,0.843030329440188,1.0,813372.5,-32.8277436403543,0.0,13.60894446317953,0.3642582069111643,21.29841162764086,-0.03771,0.3642582069111643,0.843030329440188
253,2015,ID,Aneka Tambang Tbk PT,materials,62.8949478966231,100.0,6.0,28.5714285714286,0.0,0.0,1.0,547580560.497097,-0.044,733428137.903518,2202165461.73377,0.411955354104063,1.0,1993456.0,-37.1050521033769,0.0,14.50538037382683,0.3330486063141179,21.51270701399238,-0.044,0.3330486063141179,0.411955354104063
253,2016,ID,Aneka Tambang Tbk PT,materials,74.3301659366598,100.0,6.0,25.0,0.0,1.0,1.0,1596698918.25353,0.00215,735311015.144766,2225800728.43356,1.16833058333788,1.0,661411.0,-25.6698340633402,0.0,13.40213071077949,0.3303579721901933,21.52338256577174,0.00215,0.3303579721901933,1.16833058333788
253,2017,ID,Aneka Tambang Tbk PT,materials,72.519400528545,100.0,6.0,33.3333333333333,0.0,0.0,1.0,1107204419.69222,0.00455,692879860.818282,2212626129.89311,0.812272272940925,1.0,994961.0,-27.48059947145499,0.0,13.81045881939265,0.3131481868795224,21.51744594108277,0.00455,0.3131481868795224,0.812272272940925
253,2018,ID,Aneka Tambang Tbk PT,materials,69.7735489742988,100.0,6.0,50.0,0.0,0.0,1.0,1263039162.80488,0.02762,690170379.478261,2239676580.52174,0.996486823169183,1.0,1182500.0,-30.22645102570119,0.0,13.98314139934823,0.308156269293794,21.52959730869338,0.02762,0.308156269293794,0.996486823169183
253,2019,ID,Aneka Tambang Tbk PT,materials,64.6886038437939,100.0,5.0,33.3333333333333,0.0,0.0,1.0,1450132354.09483,0.02439,616537613.32853,2175425628.96254,1.11318578561401,1.0,1292550.04,-35.3113961562061,0.0,14.0721276002826,0.2834101084037318,21.50049017381901,0.02439,0.2834101084037318,1.11318578561401
253,2020,ID,Aneka Tambang Tbk PT,materials,71.2987566274468,100.0,6.0,25.0,0.0,0.0,1.0,3311932317.86859,0.0371,552193889.74359,2259936823.0057,2.44227552721624,1.0,1274792.68,-28.70124337255319,0.0,14.05829411943164,0.2443404099275554,21.53860269541762,0.0371,0.2443404099275554,2.44227552721624
253,2021,ID,Aneka Tambang Tbk PT,materials,72.4841791301786,100.0,6.0,28.5714285714286,0.0,0.0,1.0,3790341439.27445,0.05759,422100000.0,2309905543.85965,2.5948559314093,1.0,1320021.1,-27.5158208698214,0.0,14.09315827928328,0.1827347447699995,21.56047247054004,0.05759,0.1827347447699995,2.5948559314093
253,2022,ID,Aneka Tambang Tbk PT,materials,69.9457116603672,100.0,5.0,25.0,0.0,0.0,1.0,3064636555.03534,0.1148,202677481.529072,2161083906.19981,2.01168106768046,1.0,1179946.99,-30.05428833963281,0.0,13.98098007170393,0.0937851052185536,21.49387574120458,0.1148,0.0937851052185536,2.01168106768046
253,2023,ID,Aneka Tambang Tbk PT,materials,75.421850513359,100.0,5.0,40.0,0.0,0.0,1.0,2661413046.84151,0.0805,171976615.784346,2783457551.15297,1.33708165405484,1.0,1611396.25,-24.578149486641,0.0,14.2926115971536,0.0617852482474933,21.74695971530197,0.0805,0.0617852482474933,1.33708165405484
253,2024,ID,Aneka Tambang Tbk PT,materials,73.9552572848936,100.0,5.0,40.0,0.0,0.0,1.0,2271972486.39957,0.08349000000000001,6078495.96022374,2767100372.90242,1.16494324391374,1.0,1534418.05,-26.04474271510639,0.0,14.24366174659791,0.002196702374712915,21.74106581208512,0.08349000000000001,0.002196702374712915,1.16494324391374
254,2014,TH,Airports of Thailand PCL,industrials,48.2857633719703,100.0,18.0,65.2173913043478,16.6666666666667,0.0,0.0,12263523287.6712,0.07965,1068777457.80382,4743641012.64651,3.51827381518847,1.0,141189.341,-51.7142366280297,0.0,11.85785711252331,0.2253074073173892,22.28007082390811,0.07965,0.2253074073173892,3.51827381518847
254,2015,TH,Airports of Thailand PCL,industrials,53.5746358175601,100.0,19.0,72.4137931034483,15.7894736842105,0.0,0.0,13699701219.5122,0.105,891917513.888889,4390089577.44775,3.69681500561958,1.0,142472.221,-46.4253641824399,0.0,11.86690231933662,0.2031661309306175,22.20261546871091,0.105,0.2031661309306175,3.69681500561958
254,2016,TH,Airports of Thailand PCL,industrials,56.4209159153134,100.0,17.0,68.1818181818182,23.5294117647059,0.0,0.0,15864142299.1071,0.11796,927054148.32273,4980231084.0081,4.74771864492448,1.0,148419.446,-43.5790840846866,0.0,11.90779763886657,0.1861468138094176,22.32874212931768,0.11796,0.1861468138094176,4.74771864492448
254,2017,TH,Airports of Thailand PCL,industrials,56.956879155287,100.0,13.0,72.2222222222222,15.3846153846154,0.0,0.0,29844165898.6175,0.11798,717020488.205282,5354439837.09484,6.41559109452174,1.0,217866.281,-43.043120844713,0.0,12.29163676366242,0.1339113912977153,22.40119192979005,0.11798,0.1339113912977153,6.41559109452174
254,2018,TH,Airports of Thailand PCL,industrials,62.4121074612323,100.0,15.0,77.7777777777778,13.3333333333333,0.0,0.0,28207013675.4763,0.1375,556638060.148515,5807814119.52351,6.50239934402344,1.0,216070.0,-37.5878925387677,0.0,12.28335770823972,0.09584295376763594,22.48247010974249,0.1375,0.09584295376763594,6.50239934402344
254,2019,TH,Airports of Thailand PCL,industrials,67.6342362881141,88.8888888888889,15.0,81.25,13.3333333333333,0.0,0.0,35427963426.8537,0.12964,449564330.173259,6485176816.70481,6.93867591455301,1.0,231889.47,-21.2546526007748,0.0,12.35401611470944,0.06932183082738022,22.59278491983346,0.12964,0.06932183082738022,6.93867591455301
254,2020,TH,Airports of Thailand PCL,industrials,65.8846353707745,100.0,14.0,70.5882352941177,14.2857142857143,0.0,0.0,29702231963.9279,0.02323,351988731.36076,5492359841.64557,5.67468466865152,1.0,217895.04,-34.1153646292255,0.0,12.29176875793844,0.0640869756369241,22.42662384376282,0.02323,0.0640869756369241,5.67468466865152
254,2021,TH,Airports of Thailand PCL,industrials,59.6461105167995,100.0,14.0,72.2222222222222,21.4285714285714,0.0,0.0,26137603479.3041,-0.0824,1901810997.7131,5794053033.91743,7.75679589804145,1.0,174368.06,-40.3538894832005,0.0,12.0689236314826,0.3282350000216105,22.48009788949942,-0.0824,0.3282350000216105,7.75679589804145
254,2022,TH,Airports of Thailand PCL,industrials,52.1584734152055,100.0,15.0,63.1578947368421,33.3333333333333,0.0,0.0,30957165559.087,-0.05853,1629780767.96399,4866638028.35584,10.2217988814762,1.0,181473.62,-47.8415265847945,1.0,12.10886557777091,0.3348884298499185,22.30566919239086,-0.05853,0.3348884298499185,10.2217988814762
254,2023,TH,Airports of Thailand PCL,industrials,62.6051560221179,100.0,15.0,68.75,33.3333333333333,0.0,0.0,24914494308.2312,0.04629,1683789124.37688,5357740099.78088,9.02031886437146,1.0,227326.58,-37.3948439778821,1.0,12.33414294097137,0.314272266481486,22.40180809994587,0.04629,0.314272266481486,9.02031886437146
254,2024,TH,Airports of Thailand PCL,industrials,52.0715320968404,66.6666666666667,13.0,68.75,23.0769230769231,0.0,0.0,24882879098.3607,0.09548999999999999,1674258826.58228,6364613782.74159,7.35943529425903,1.0,287778.75,-14.5951345698263,0.0,12.56994723471217,0.2630574114524015,22.5740193888338,0.09548999999999999,0.2630574114524015,7.35943529425903
255,2014,PH,Aboitiz Power Corp,utilities,42.3604097001504,100.0,12.0,30.7692307692308,0.0,0.0,0.0,6909115898.00338,0.08134999999999999,2181075106.14525,4843821698.32402,3.35831294416343,0.0,1816220.0,-57.6395902998496,0.0,14.41226797618032,0.4502798083793856,22.30096985319102,0.08134999999999999,0.4502798083793856,3.35831294416343
255,2015,PH,Aboitiz Power Corp,utilities,45.7997222523009,100.0,11.0,36.3636363636364,0.0,0.0,0.0,6472548189.69065,0.07665,2449020511.72708,5170346396.58848,3.11193844886801,0.0,789100.0,-54.2002777476991,0.0,13.57864833450913,0.473666621900421,22.36620552449663,0.07665,0.473666621900421,3.11193844886801
256,2023,TH,AP Thailand PCL,real_estate,27.2726794089519,100.0,13.0,53.8461538461538,7.69230769230769,1.0,0.0,1037614252.58319,0.07957,1001213193.9738,2443775161.28093,0.872213047949951,0.0,4156.58,-72.7273205910481,0.0,8.33244789974851,0.4096993904500624,21.61680987782129,0.07957,0.4096993904500624,0.872213047949951
256,2024,TH,AP Thailand PCL,real_estate,27.3130290368735,100.0,13.0,53.8461538461538,7.69230769230769,1.0,0.0,745953920.06733,0.0595,967365121.336836,2477907667.8634,0.583582921605239,0.0,1568.52,-72.6869709631265,0.0,7.357887778585461,0.39039595134348,21.63068035870993,0.0595,0.39039595134348,0.583582921605239
257,2022,MY,Advance Synergy Bhd,industrials,35.6864684653309,100.0,9.0,33.3333333333333,44.4444444444444,0.0,0.0,100592980.6875,-0.01673,41651363.6363636,189535681.818182,0.90632288469296,1.0,3247.072,-64.3135315346691,1.0,8.085508946171752,0.2197547355559096,19.06008785931661,-0.01673,0.2197547355559096,0.90632288469296
257,2023,MY,Advance Synergy Bhd,industrials,43.1091828672412,100.0,8.0,36.3636363636364,50.0,0.0,0.0,77143200.875817,0.00909,36038344.2265795,162835076.252723,0.841784285337308,1.0,3477.072,-56.8908171327588,1.0,8.153945839299935,0.2213180664505437,18.90824844442319,0.00909,0.2213180664505437,0.841784285337308
258,2021,TH,Asian Sea Corporation PCL,consumer_staples,23.0737716694484,100.0,9.0,33.3333333333333,44.4444444444444,0.0,0.0,437077603.662267,0.15373,67050551.9109239,221327043.244057,3.60340974516244,0.0,91841.0,-76.9262283305516,1.0,11.42781409999586,0.3029478500600008,19.21515199929071,0.15373,0.3029478500600008,3.60340974516244
258,2022,TH,Asian Sea Corporation PCL,consumer_staples,30.6613882344846,100.0,8.0,40.0,50.0,0.0,0.0,322247892.467495,0.1132,26316026.9864201,287361204.334008,1.76500993165969,0.0,78027.94,-69.3386117655154,1.0,11.26482224665979,0.09157821789970035,19.47625053409803,0.1132,0.09157821789970035,1.76500993165969
258,2023,TH,Asian Sea Corporation PCL,consumer_staples,47.7348219243045,100.0,8.0,44.4444444444444,37.5,0.0,0.0,165146191.916229,0.03189,10216381.8631732,262561723.377001,0.90560265289673,0.0,75704.6,-52.2651780756955,1.0,11.23459420376165,0.03891040069273136,19.38599674902995,0.03189,0.03891040069273136,0.90560265289673
258,2024,TH,Asian Sea Corporation PCL,consumer_staples,43.1740351970255,100.0,8.0,50.0,37.5,0.0,0.0,191844404.272541,0.0931,1184296.84763573,268877329.042615,1.00919720909695,0.0,76751.39,-56.8259648029745,1.0,11.24832677603463,0.004404599122777019,19.40976580769081,0.0931,0.004404599122777019,1.00919720909695
259,2018,ID,Astra International Tbk PT,industrials,44.5967488173357,100.0,10.0,42.8571428571429,10.0,0.0,0.0,22877171046.1354,0.06769,5976626086.95652,23979895652.1739,2.43143131705331,1.0,5900000.0,-55.4032511826643,0.0,15.59046290887595,0.2492348663082989,23.90048163508401,0.06769,0.2492348663082989,2.43143131705331
259,2019,ID,Astra International Tbk PT,industrials,40.8551528411986,100.0,10.0,33.3333333333333,10.0,0.0,0.0,20139986026.9037,0.0623,6649927953.89049,25357204610.951,1.89620760309306,1.0,4936800.0,-59.1448471588014,0.0,15.41222790598899,0.2622500411980976,23.95632873216505,0.0623,0.2622500411980976,1.89620760309306
259,2020,ID,Astra International Tbk PT,industrials,46.1061145398446,100.0,10.0,35.7142857142857,10.0,0.0,0.0,17372749833.9387,0.0476,5661039886.03989,24088532763.5328,1.56694252719675,1.0,4314574.0,-53.8938854601554,0.0,15.2775091522494,0.2350097426693434,23.90500174526472,0.0476,0.2350097426693434,1.56694252719675
259,2022,ID,Astra International Tbk PT,industrials,58.2585064323873,100.0,10.0,40.0,10.0,0.0,0.0,14825329450.5622,0.07418999999999999,4543591390.94122,26552971410.2152,1.20096726846811,1.0,4859101.0,-41.7414935676127,0.0,15.396363999342,0.1711142350416291,24.00240749589429,0.07418999999999999,0.1711142350416291,1.20096726846811
259,2023,ID,Astra International Tbk PT,industrials,53.4697750069464,100.0,10.0,45.4545454545455,10.0,0.0,0.0,14857556040.3378,0.07879,6061058785.31991,28931796037.6746,1.15149051168445,1.0,5034027.0,-46.5302249930536,0.0,15.43173081819102,0.2094947295158337,24.0882070361946,0.07879,0.2094947295158337,1.15149051168445
259,2024,ID,Astra International Tbk PT,industrials,49.9095976094383,100.0,13.0,30.7692307692308,15.3846153846154,0.0,0.0,12298165553.9988,0.07416,6256867619.63953,29392479801.1187,0.930590905570802,1.0,5026390.0,-50.0904023905617,0.0,15.43021259057343,0.2128730771263944,24.10400468949384,0.07416,0.2128730771263944,0.930590905570802
260,2021,ID,ALAM SUTERA REALTY Tbk PT,real_estate,29.187341543835,100.0,6.0,50.0,16.6666666666667,0.0,0.0,223147895.258044,0.0068,523089389.964912,1539226295.7193,0.337230183009314,1.0,29008.0,-70.812658456165,0.0,10.27532693299463,0.3398391720695401,21.154545721747,0.0068,0.3398391720695401,0.337230183009314
260,2022,ID,ALAM SUTERA REALTY Tbk PT,real_estate,28.6046182300132,100.0,5.0,40.0,20.0,0.0,0.0,201985602.446515,0.0491,424637262.769033,1432632526.24478,0.298707735733192,1.0,33826.0,-71.3953817699868,0.0,10.42898501653399,0.2964034775073083,21.08277951623198,0.0491,0.2964034775073083,0.298707735733192
260,2023,ID,ALAM SUTERA REALTY Tbk PT,real_estate,22.7305629309162,100.0,5.0,33.3333333333333,20.0,0.0,0.0,209321438.75492,0.02839,406289928.937967,1444380439.36343,0.288787700770111,1.0,39145.0,-77.2694370690838,0.0,10.57502797934201,0.281290107415902,21.09094630488002,0.02839,0.281290107415902,0.288787700770111
261,2022,MY,Ais Real Estate Investment Trust,real_estate,41.0354552904617,100.0,7.0,42.8571428571429,14.2857142857143,0.0,0.0,667610620.004546,0.047,351368181.818182,967198409.090909,1.14217364618081,1.0,3051.56,-58.9645447095383,0.0,8.023408214252331,0.3632844910781446,20.68991421240299,0.047,0.3632844910781446,1.14217364618081
261,2023,MY,Ais Real Estate Investment Trust,real_estate,57.4659580331741,100.0,9.0,55.5555555555556,33.3333333333333,1.0,0.0,681483870.285403,0.04961,338774291.938998,985379738.562092,1.10686792316849,1.0,3144.4,-42.5340419668259,1.0,8.053378371919601,0.3438007487685426,20.70853764622492,0.04961,0.3438007487685426,1.10686792316849
261,2024,MY,Ais Real Estate Investment Trust,real_estate,71.5291305999643,100.0,6.0,55.5555555555556,50.0,1.0,0.0,778458244.196509,0.04294,391773500.447628,1176937779.76723,1.05427409055996,1.0,2957.76,-28.4708694000357,1.0,7.992187504076413,0.3328752863427593,20.88618180041791,0.04294,0.3328752863427593,1.05427409055996
262,2021,TH,Bangkok Aviation Fuel Services PCL,industrials,50.4967238246092,100.0,15.0,26.3157894736842,0.0,0.0,0.0,487587039.637073,-0.0356,453654763.195907,741722566.927475,3.38212171941474,1.0,3552.0,-49.5032761753908,0.0,8.17526610411206,0.6116232448948328,20.42448583219441,-0.0356,0.6116232448948328,3.38212171941474
262,2022,TH,Bangkok Aviation Fuel Services PCL,industrials,54.9451395995014,100.0,15.0,25.0,20.0,0.0,0.0,584816609.58538,-0.01164,429839575.787345,685479713.955504,4.4486599207158,1.0,2790.0,-45.0548604004986,0.0,7.933796874815411,0.6270638897641351,20.34562946346604,-0.01164,0.6270638897641351,4.4486599207158
262,2023,TH,Bangkok Aviation Fuel Services PCL,industrials,66.3407440500972,100.0,15.0,35.2941176470588,20.0,0.0,0.0,444721484.433742,-0.00594,387422962.445415,661629807.68559,3.41221576645306,1.0,3387.0,-33.6592559499028,0.0,8.127699852817772,0.585558507106319,20.31021675459717,-0.00594,0.585558507106319,3.41221576645306
263,2014,TH,Banpu PCL,energy,74.0568071681869,100.0,12.0,50.0,0.0,1.0,0.0,2756542134.98781,0.01155,3236015000.0,6902921000.0,0.954790543371604,1.0,6000000.0,-25.94319283181311,0.0,15.60727002719233,0.4687892270533011,22.65521049230268,0.01155,0.4687892270533011,0.954790543371604
263,2015,TH,Banpu PCL,energy,73.0373262251674,100.0,13.0,50.0,0.0,1.0,0.0,1612701952.41677,-0.00661,3341228000.0,6552894000.0,0.654814872495101,1.0,7240000.0,-26.9626737748326,0.0,15.7951317643619,0.5098858611172408,22.6031726210756,-0.00661,0.5098858611172408,0.654814872495101
263,2016,TH,Banpu PCL,energy,71.3464185858931,100.0,13.0,46.1538461538462,7.69230769230769,0.0,0.0,3725428713.07026,0.0069,3184741000.0,6973069000.0,1.20151414733398,1.0,7519461.0,-28.6535814141069,0.0,15.83300501782529,0.4567201328425117,22.66532128044681,0.0069,0.4567201328425117,1.20151414733398
263,2017,TH,Banpu PCL,energy,65.4933562600288,100.0,13.0,40.0,7.69230769230769,0.0,1.0,4355723478.14649,0.04312000000000001,3858736000.0,8223496000.0,1.18458541133519,1.0,8069190.0,-34.5066437399712,0.0,15.90356366346134,0.4692330366549701,22.83026125973458,0.04312000000000001,0.4692330366549701,1.18458541133519
263,2018,TH,Banpu PCL,energy,75.8755569056423,100.0,13.0,30.7692307692308,7.69230769230769,0.0,1.0,3306898172.19357,0.0445,4021917000.0,8453593000.0,0.923181321306515,1.0,8403270.0,-24.1244430943577,0.0,15.9441314737758,0.4757642105552042,22.85785739504117,0.0445,0.4757642105552042,0.923181321306515
263,2019,TH,Banpu PCL,energy,80.522236349373,100.0,12.0,33.3333333333333,8.33333333333333,0.0,1.0,2889827021.18725,0.00957,4434336000.0,8068983000.0,1.00033195336335,1.0,8981647.0,-19.477763650627,0.0,16.01069383103365,0.5495532708397081,22.81129328898196,0.00957,0.5495532708397081,1.00033195336335
263,2020,TH,Banpu PCL,energy,87.1636264158661,100.0,13.0,42.8571428571429,7.69230769230769,1.0,1.0,2626068546.61629,-0.01504,5434262000.0,9376660000.0,0.895278587672709,1.0,7803803.0,-12.8363735841339,0.0,15.87012173694163,0.5795519939935969,22.9614894597951,-0.01504,0.5795519939935969,0.895278587672709
263,2021,TH,Banpu PCL,energy,82.4168139909422,100.0,13.0,42.8571428571429,7.69230769230769,0.0,1.0,2151192323.68326,0.0667,6043476000.0,10945557000.0,0.909852650343883,1.0,7654367.0,-17.5831860090578,0.0,15.85078689260323,0.5521396489918238,23.11619945744407,0.0667,0.5521396489918238,0.909852650343883
263,2022,TH,Banpu PCL,energy,86.4335523892074,100.0,13.0,38.4615384615385,7.69230769230769,1.0,1.0,3346489772.19301,0.17138,6067539000.0,12637841000.0,0.98164129288787,1.0,7239161.0,-13.56644761079259,0.0,15.79501587366893,0.4801088255501869,23.25996140411393,0.17138,0.4801088255501869,0.98164129288787
263,2023,TH,Banpu PCL,energy,84.0845797976952,100.0,13.0,35.7142857142857,7.69230769230769,1.0,1.0,1988573804.14478,0.0123,6542334000.0,13000283000.0,0.518861071206801,1.0,8776664.0,-15.9154202023048,0.0,15.98760693896841,0.5032455062709019,23.28823696340177,0.0123,0.5032455062709019,0.518861071206801
263,2024,TH,Banpu PCL,energy,81.712974396565,100.0,13.0,42.8571428571429,15.3846153846154,1.0,1.0,1759760431.79157,-0.00158,6210644000.0,12399311000.0,0.528204629940788,1.0,8613863.0,-18.287025603435,0.0,15.96888344012795,0.5008862185971462,23.24090674349751,-0.00158,0.5008862185971462,0.528204629940788
264,2014,MY,British American Tobacco (Malaysia) Bhd,consumer_staples,67.6469304723985,58.974358974359,8.0,40.0,25.0,0.0,0.0,5268116650.74964,0.3684360000000003,105992846.924177,367399141.630901,35.1261376110899,1.0,27687.0,8.672571498039495,0.0,10.22871826793369,0.288495085899412,19.7219593944086,0.67946,0.288495085899412,35.1261376110899
264,2015,MY,British American Tobacco (Malaysia) Bhd,consumer_staples,71.3981010321433,100.0,8.0,37.5,25.0,0.0,0.0,3697194389.88112,0.3684360000000003,71095571.0955711,281351981.351981,29.0162760723277,1.0,22211.0,-28.6018989678567,0.0,10.00834294063851,0.2526926263463135,19.45511704612188,0.7306999999999999,0.2526926263463135,29.0162760723277
264,2016,MY,British American Tobacco (Malaysia) Bhd,consumer_staples,80.9533315768736,100.0,8.0,30.0,25.0,0.0,0.0,2812822979.44698,0.3684360000000003,29061210.8373286,266636637.306277,20.5640721078733,1.0,19368.0,-19.04666842312641,0.0,9.871377498617894,0.1089918142192399,19.40139738052164,0.60039,0.1089918142192399,20.5640721078733
264,2017,MY,British American Tobacco (Malaysia) Bhd,consumer_staples,84.8754978831102,100.0,7.0,57.1428571428571,28.5714285714286,0.0,0.0,2824233432.2453,0.04398,93471810.0890208,258292037.586548,29.8905263268089,1.0,8094.33,-15.1245021168898,0.0,8.998919095546137,0.3618842104557731,19.36960143136773,0.04398,0.3618842104557731,29.8905263268089
264,2019,MY,British American Tobacco (Malaysia) Bhd,consumer_staples,77.9335536865879,40.2777777777778,7.0,55.5555555555556,28.5714285714286,0.0,0.0,1053018439.71631,0.32469,109366837.857667,251441672.780631,11.0808104359194,1.0,2362.0,37.6557759088101,0.0,7.767263996757308,0.4349590767839169,19.34272160323384,0.32469,0.4349590767839169,11.0808104359194
264,2020,MY,British American Tobacco (Malaysia) Bhd,consumer_staples,80.2634459303285,100.0,7.0,50.0,28.5714285714286,0.0,0.0,1000065273.63184,0.22269,133215174.129353,284569402.985075,10.7886249158032,1.0,1940.0,-19.7365540696715,0.0,7.570443252057374,0.4681289440535525,19.46648772900384,0.22269,0.4681289440535525,10.7886249158032
264,2021,MY,British American Tobacco (Malaysia) Bhd,consumer_staples,82.5836823730415,100.0,7.0,50.0,28.5714285714286,0.0,0.0,958623775.216138,0.22469,190901056.676273,334305475.504323,10.4352413717381,1.0,2002.0,-17.4163176269585,0.0,7.601901959875166,0.5710377803064264,19.62756573027002,0.22469,0.5710377803064264,10.4352413717381
264,2022,MY,British American Tobacco (Malaysia) Bhd,consumer_staples,81.8787632319421,100.0,7.0,57.1428571428571,28.5714285714286,0.0,0.0,728101500.0,0.0454,165627727.272727,308913863.636364,8.49467194858089,1.0,1825.0,-18.1212367680579,0.0,7.509335266016592,0.536161521930575,19.54857303754329,0.0454,0.536161521930575,8.49467194858089
264,2023,MY,British American Tobacco (Malaysia) Bhd,consumer_staples,82.2321706893743,100.0,7.0,57.1428571428571,28.5714285714286,0.0,0.0,577902766.884532,0.15349,128903050.108932,256823093.681917,7.02558725920982,1.0,1372.0,-17.7678293106257,0.0,7.22402480828583,0.5019137814319076,19.36389805440464,0.15349,0.5019137814319076,7.02558725920982
264,2024,MY,British American Tobacco (Malaysia) Bhd,consumer_staples,80.1921248097595,100.0,7.0,50.0,28.5714285714286,0.0,0.0,476735407.341092,0.15419,133342211.280215,267752014.324082,5.49072091602503,1.0,848.0,-19.80787519024049,0.0,6.742880635791903,0.4980063795853282,19.40557179041634,0.15419,0.4980063795853282,5.49072091602503
265,2020,TH,Bangchak Corporation PCL,energy,74.0840060297713,100.0,16.0,52.9411764705882,6.25,0.0,0.0,947381998.470274,-0.0304,2368241295.23968,4937503060.35286,0.767964006254502,1.0,1174801.67,-25.9159939702287,0.0,13.97660989982415,0.4796435093389962,22.32012558699176,-0.0304,0.4796435093389962,0.767964006254502
265,2021,TH,Bangchak Corporation PCL,energy,69.9152391160527,100.0,16.0,56.25,6.25,0.0,0.0,1042810729.28164,0.04679000000000001,2686208557.29762,6072383546.31357,0.787743346836837,1.0,905187.229,-30.0847608839473,0.0,13.71589708415768,0.4423647710672635,22.52701704143375,0.04679000000000001,0.4423647710672635,0.787743346836837
265,2022,TH,Bangchak Corporation PCL,energy,83.2107760688306,100.0,15.0,47.6190476190476,13.3333333333333,1.0,0.0,1253195014.31667,0.0816,2687697246.40277,7002148114.09997,0.816662348850392,1.0,840251.4,-16.7892239311694,0.0,13.64145641175675,0.3838389595031063,22.66948281236855,0.0816,0.3838389595031063,0.816662348850392
265,2023,TH,Bangchak Corporation PCL,energy,80.3806442123453,100.0,16.0,66.6666666666667,12.5,1.0,0.0,1748282467.29422,0.04541000000000001,4089757807.30713,9910591336.65211,0.963411299305384,1.0,945665.57,-19.6193557876547,0.0,13.75964426544649,0.412665366614611,23.01686985420961,0.04541000000000001,0.412665366614611,0.963411299305384
265,2024,TH,Bangchak Corporation PCL,energy,82.1706540728898,51.219512195122,15.0,61.9047619047619,20.0,1.0,0.0,1451089978.10304,0.0266,4047738361.2376,9239397562.93053,0.829686703377274,1.0,960241.72,30.9511418777678,0.0,13.77494032341648,0.4380954855192688,22.94674252165743,0.0266,0.4380954855192688,0.829686703377274
266,2023,TH,BEC World PCL,communication_services,61.6043274723488,100.0,13.0,38.4615384615385,38.4615384615385,1.0,1.0,284880326.911851,0.022,66802714.4687045,274851770.684134,1.58788994044903,1.0,2779.0,-38.3956725276512,1.0,7.929846429742503,0.2430499694523552,19.43174249461561,0.022,0.2430499694523552,1.58788994044903
266,2024,TH,BEC World PCL,communication_services,57.9902627347336,100.0,12.0,38.4615384615385,41.6666666666667,1.0,1.0,228337236.533958,0.0134,65163088.7915937,268684567.600701,1.28460666178269,1.0,2931.0,-42.0097372652664,1.0,7.983098940710892,0.2425263548758567,19.40904863836992,0.0134,0.2425263548758567,1.28460666178269
267,2017,TH,Bangkok Dusit Medical Services PCL,health_care,43.9595358567512,100.0,16.0,55.5555555555556,12.5,0.0,0.0,9946574245.34562,0.08897000000000001,1208460245.77573,3767333056.83564,5.17380058572306,0.0,94736.77,-56.0404641432488,0.0,11.45885748258855,0.3207734032389407,22.04963317609247,0.08897000000000001,0.3207734032389407,5.17380058572306
267,2018,TH,Bangkok Dusit Medical Services PCL,health_care,47.9116936863328,100.0,18.0,50.0,11.1111111111111,0.0,0.0,11941921019.9877,0.07177,1235674648.34519,4129253044.72626,5.54770024483502,0.0,103507.94,-52.0883063136672,0.0,11.54740360372096,0.299248952525046,22.14136236672096,0.07177,0.299248952525046,5.54770024483502
267,2019,TH,Bangkok Dusit Medical Services PCL,health_care,63.9260190295448,92.8571428571429,18.0,44.4444444444444,11.1111111111111,1.0,0.0,13800669648.2966,0.07019,820886648.655914,4491321808.43414,4.92990247515896,1.0,109173.75,-28.93112382759811,0.0,11.60069592878054,0.1827717281612713,22.22541288478278,0.07019,0.1827717281612713,4.92990247515896
267,2020,TH,Bangkok Dusit Medical Services PCL,health_care,56.9823816209493,100.0,18.0,44.4444444444444,11.1111111111111,0.0,0.0,11040535718.6373,0.03549,807110836.251665,4528969748.43542,3.76012906085622,1.0,104150.45,-43.0176183790507,0.0,11.55359176737109,0.1782106927365743,22.2337603219741,0.03549,0.1782106927365743,3.76012906085622
267,2021,TH,Bangkok Dusit Medical Services PCL,health_care,53.5050766455498,100.0,18.0,47.3684210526316,11.1111111111111,0.0,0.0,10963288649.82,0.06,566642158.290701,3865591887.75203,4.3594156207702,1.0,104610.25,-46.4949233544502,0.0,11.55799681816384,0.1465861308551696,22.07538064768843,0.06,0.1465861308551696,4.3594156207702
267,2022,TH,Bangkok Dusit Medical Services PCL,health_care,58.9228964278506,100.0,17.0,44.4444444444444,11.7647058823529,0.0,0.0,13316037415.6313,0.09339,681706853.97284,4089652143.83126,5.12763552687593,1.0,242540.83,-41.0771035721494,0.0,12.39892534632087,0.1666906695233508,22.13172575297613,0.09339,0.1666906695233508,5.12763552687593
267,2023,TH,Bangkok Dusit Medical Services PCL,health_care,57.5098478546206,100.0,15.0,41.1764705882353,13.3333333333333,0.0,0.0,12872243216.1778,0.1008,527918951.965065,4186096360.98981,4.6206468643554,1.0,184209.73,-42.4901521453794,0.0,12.12383022442672,0.1261124700531828,22.15503448053083,0.1008,0.1261124700531828,4.6206468643554
267,2024,TH,Bangkok Dusit Medical Services PCL,health_care,54.6961381276077,100.0,15.0,40.0,13.3333333333333,0.0,0.0,11397952178.791,0.1083,535840600.758902,4422477290.01751,3.89211655367284,1.0,196445.69,-45.3038618723923,0.0,12.18814128532114,0.1211629965785037,22.20996584888441,0.1083,0.1211629965785037,3.89211655367284
268,2022,TH,Bumrungrad Hospital PCL,health_care,57.4785804695154,100.0,12.0,50.0,27.2727272727273,0.0,0.0,4870576502.31869,0.2189,1828417.2493499,700919142.473274,8.55209692310924,1.0,26416.0,-42.5214195304846,0.0,10.18172516615991,0.002608599392646232,20.3679030923735,0.2189,0.002608599392646232,8.55209692310924
268,2023,TH,Bumrungrad Hospital PCL,health_care,55.9958290280035,100.0,11.0,45.4545454545455,27.2727272727273,0.0,0.0,5151335551.83888,0.2621,2653399.41775837,850425189.141194,7.41440503093095,1.0,28192.0,-44.0041709719965,0.0,10.24679352873591,0.003120085636736511,20.56124700489811,0.2621,0.003120085636736511,7.41440503093095
268,2024,TH,Bumrungrad Hospital PCL,health_care,59.504861650704,100.0,11.0,45.4545454545455,27.2727272727273,0.0,0.0,4642439415.36885,0.25129,4070171.80385289,953095290.922358,5.76951705187134,1.0,29608.0,-40.495138349296,0.0,10.29579987406599,0.004270477299194272,20.67522544709443,0.25129,0.004270477299194272,5.76951705187134
269,2018,TH,Berli Jucker PCL,consumer_staples,37.7244006131822,100.0,16.0,44.4444444444444,18.75,0.0,0.0,6242678425.7606,0.02091,4946069929.84844,10023507483.7921,1.8295114682066,0.0,1056089.0,-62.2755993868178,0.0,13.87008301999999,0.4934470231948427,23.02819891963317,0.02091,0.4934470231948427,1.8295114682066
269,2019,TH,Berli Jucker PCL,consumer_staples,36.7619180550632,100.0,16.0,50.0,18.75,0.0,0.0,5620817493.58717,0.0224,5298201825.67204,10947729919.422,1.46278172326571,0.0,1168236.02,-63.2380819449368,0.0,13.97100549387434,0.4839543781832504,23.11639795842175,0.0224,0.4839543781832504,1.46278172326571
269,2020,TH,Berli Jucker PCL,consumer_staples,51.4001825156881,100.0,16.0,50.0,18.75,0.0,0.0,4651667845.36573,0.01229,5474335886.68442,10857414634.1545,1.21445804362512,0.0,1198362.0,-48.5998174843119,0.0,13.99646618229709,0.504202526213159,23.10811405995731,0.01229,0.504202526213159,1.21445804362512
269,2021,TH,Berli Jucker PCL,consumer_staples,56.2895300265152,100.0,16.0,50.0,18.75,0.0,0.0,3726505628.94421,0.0109,4932939364.85104,9927134299.5787,1.07220541886794,0.0,1085259.0,-43.7104699734848,0.0,13.89732922614749,0.4969147405470671,23.01853768317999,0.0109,0.4969147405470671,1.07220541886794
269,2022,TH,Berli Jucker PCL,consumer_staples,68.2714938052235,100.0,17.0,52.9411764705882,23.5294117647059,0.0,0.0,4081907935.2716,0.01505,4758137159.20254,9709464809.10142,1.19429476791994,1.0,1236207.0,-31.7285061947765,0.0,14.02755837870543,0.4900514346313277,22.99636700023334,0.01505,0.4900514346313277,1.19429476791994
269,2023,TH,Berli Jucker PCL,consumer_staples,64.6509575184221,100.0,18.0,50.0,27.7777777777778,0.0,0.0,2924545168.56392,0.01419,4838182618.0786,9868116755.25473,0.837293645803474,1.0,1242926.0,-35.3490424815779,0.0,14.0329788353337,0.4902842901106017,23.01257486724749,0.01419,0.4902842901106017,0.837293645803474
269,2024,TH,Berli Jucker PCL,consumer_staples,59.6696070552956,100.0,17.0,47.3684210526316,23.5294117647059,0.0,0.0,2733655242.58489,0.01179,4698310571.33684,9836900262.28838,0.778184698335883,1.0,1203807.0,-40.3303929447044,0.0,14.00099959299832,0.4776210438311246,23.00940648438816,0.01179,0.4776210438311246,0.778184698335883
270,2020,MY,Sports Toto Bhd,consumer_discretionary,42.7167895808583,100.0,6.0,33.3333333333333,16.6666666666667,0.0,0.0,750729255.212208,0.04878999999999999,346410322.279309,679347734.70341,3.98801242932585,0.0,6370.0,-57.2832104191417,0.0,8.759354748566208,0.509916062987308,20.33664368212314,0.04878999999999999,0.509916062987308,3.98801242932585
270,2021,MY,Sports Toto Bhd,consumer_discretionary,43.2689443911329,100.0,8.0,30.0,12.5,0.0,0.0,628793695.97667,0.0635,318671807.228916,691912530.120482,3.27484858518242,0.0,5979.0,-56.7310556088671,0.0,8.696008608880904,0.4605666082870706,20.3549701040326,0.0635,0.4605666082870706,3.27484858518242
270,2022,MY,Sports Toto Bhd,consumer_discretionary,51.6378849906346,100.0,8.0,44.4444444444444,12.5,0.0,0.0,511601213.213562,0.05309999999999999,337466636.404902,740083749.432592,2.73870278231144,1.0,4469.0,-48.3621150093654,0.0,8.404919948933452,0.4559843891500538,20.4222739126676,0.05309999999999999,0.4559843891500538,2.73870278231144
270,2023,MY,Sports Toto Bhd,consumer_discretionary,64.9911409369206,100.0,7.0,50.0,14.2857142857143,0.0,0.0,453225551.947712,0.06209,371826795.28403,843761414.790997,1.66252649051187,1.0,6367.0,-35.0088590630794,0.0,8.758883680017025,0.4406776474557478,20.55338032870068,0.06209,0.4406776474557478,1.66252649051187
270,2024,MY,Sports Toto Bhd,consumer_discretionary,61.0070289451061,100.0,7.0,42.8571428571429,14.2857142857143,0.0,0.0,468746956.181737,0.05625,352287804.878049,839962672.322375,1.80943528139464,1.0,5956.0,-38.9929710548939,0.0,8.6921543938039,0.4194088814732972,20.54886801110279,0.05625,0.4194088814732972,1.80943528139464
271,2022,MY,Berjaya Land Bhd,consumer_discretionary,54.7529351922397,100.0,8.0,33.3333333333333,12.5,0.0,0.0,301156666.490909,0.01363,984302995.914662,2971178847.02678,0.282846572968889,1.0,31486.0,-45.2470648077603,0.0,10.35729828157457,0.3312836576295773,21.81222462920067,0.01363,0.3312836576295773,0.282846572968889
274,2024,MY,Symphony Life Bhd,real_estate,45.637325916597,100.0,7.0,55.5555555555556,14.2857142857143,0.0,1.0,44096384.545658,0.05816,32995715.8962796,264176775.648253,0.253498361000636,1.0,2105.37,-54.362674083403,0.0,7.652246502641895,0.1249001386110218,19.3921290417536,0.05816,0.1249001386110218,0.253498361000636
276,2019,ID,Barito Pacific Tbk PT,materials,15.7374712986454,100.0,3.0,33.3333333333333,33.3333333333333,0.0,0.0,9671641665.45551,0.0062,2535660000.0,7182435000.0,8.19146091011358,0.0,179809.1,-84.2625287013546,1.0,12.0996510115298,0.3530362613793233,22.69490429900301,0.0062,0.3530362613793233,8.19146091011358
276,2020,ID,Barito Pacific Tbk PT,materials,45.5197209177498,100.0,4.0,50.0,25.0,0.0,0.0,7328495195.69906,0.0049,2880017000.0,7689555000.0,5.46257533373751,1.0,377157.13,-54.4802790822502,0.0,12.84041717004806,0.3745362377926941,22.76312875142937,0.0049,0.3745362377926941,5.46257533373751
276,2021,ID,Barito Pacific Tbk PT,materials,53.9899822641846,100.0,4.0,50.0,25.0,0.0,0.0,5627910479.91288,0.01289,3097152000.0,9241551000.0,3.19516124297766,1.0,442189.79,-46.0100177358154,0.0,12.99949445803897,0.3351333558620193,22.94697556565643,0.01289,0.3351333558620193,3.19516124297766
276,2022,ID,Barito Pacific Tbk PT,materials,51.5005475998976,100.0,4.0,50.0,25.0,0.0,0.0,4554605062.37342,0.00019,3970480000.0,9248254000.0,2.8845476792207,1.0,394045.43,-48.4994524001024,0.0,12.88422148620154,0.4293221185317791,22.94770061389719,0.00019,0.4293221185317791,2.8845476792207
276,2023,ID,Barito Pacific Tbk PT,materials,52.1788003277164,100.0,4.0,50.0,25.0,0.0,0.0,8111942164.80109,0.0108,4272270000.0,10149666000.0,4.80752601838955,1.0,397145.19,-47.8211996722836,0.0,12.89205721069497,0.4209271516914941,23.04070663548884,0.0108,0.4209271516914941,4.80752601838955
276,2024,ID,Barito Pacific Tbk PT,materials,48.4481549217726,100.0,4.0,50.0,25.0,0.0,0.0,5355575982.6708,0.005500000000000001,4642935000.0,10532564000.0,3.10105708730907,1.0,385237.21,-51.5518450782274,0.0,12.86161455340997,0.4408171647473493,23.07773762822908,0.005500000000000001,0.4408171647473493,3.10105708730907
277,2022,ID,Bumi Resources Tbk PT,energy,85.2320705179696,100.0,8.0,50.0,0.0,0.0,0.0,3840837068.03694,-0.09050000000000001,578386537.0,4488046969.0,2.43343096548991,1.0,2696371.54,-14.7679294820304,0.0,14.80741755309189,0.1288726568583289,22.2246834705755,-0.09050000000000001,0.1288726568583289,2.43343096548991
277,2023,ID,Bumi Resources Tbk PT,energy,82.7623287065478,100.0,8.0,50.0,0.0,0.0,0.0,2050162948.36473,-0.08483,502587112.0,4202694216.0,1.32856842845458,1.0,3039911.79,-17.23767129345219,0.0,14.92733905651405,0.1195868854999276,22.15899163657539,-0.08483,0.1195868854999276,1.32856842845458
277,2024,ID,Bumi Resources Tbk PT,energy,76.9043763578007,100.0,8.0,55.5555555555556,0.0,0.0,0.0,2716526736.76528,-0.05746,474875905.0,4163401077.0,1.69144900100428,1.0,3473076.04,-23.0956236421993,0.0,15.06055122610213,0.1140596104524666,22.1495981437806,-0.05746,0.1140596104524666,1.69144900100428
278,2023,MY,Can-One Bhd,materials,38.9625803373492,100.0,10.0,60.0,20.0,0.0,0.0,101728058.823529,0.03005,383900871.459695,976737690.631808,0.252192172582976,1.0,146100.0,-61.0374196626508,0.0,11.89204659773879,0.3930439821681977,20.69972868944667,0.03005,0.3930439821681977,0.252192172582976
279,2020,MY,Carlsberg Brewery Malaysia Bhd,consumer_staples,49.5379547524914,100.0,8.0,30.0,25.0,0.0,0.0,1767558089.55224,0.25787,31935074.6268657,158345024.875622,42.01405290619211,0.0,766000.0,-50.4620452475086,0.0,13.54893744872273,0.2016803158289962,18.88028691192439,0.25787,0.2016803158289962,42.3301631707186
279,2023,MY,Carlsberg Brewery Malaysia Bhd,consumer_staples,65.2983937974718,100.0,7.0,45.4545454545455,28.5714285714286,0.0,0.0,1284274823.52941,0.3634000000000001,28613507.6252723,221636383.442266,25.7304546942588,1.0,14761.0,-34.7016062025282,0.0,9.599743846536997,0.1291011303328085,19.21654868456927,0.3634000000000001,0.1291011303328085,25.7304546942588
279,2024,MY,Carlsberg Brewery Malaysia Bhd,consumer_staples,64.7744493680623,100.0,7.0,50.0,28.5714285714286,0.0,0.0,1413776562.22023,0.31309,20626678.603402,253667412.712623,22.7059636661658,1.0,14281.0,-35.22555063193769,0.0,9.566685261452934,0.0813138683555295,19.35153456820197,0.31309,0.0813138683555295,22.7059636661658
280,2022,MY,CB Industrial Product Holding Bhd,industrials,32.404511040214,100.0,7.0,50.0,14.2857142857143,0.0,0.0,123312171.25,-0.00526,39774545.4545455,273876136.363636,0.671047230546947,1.0,891.0,-67.595488959786,0.0,6.792344427470809,0.1452282260975644,19.42818650507672,-0.00526,0.1452282260975644,0.671047230546947
281,2024,MY,Hong Seng Consolidated Bhd,health_care,34.2574632044775,100.0,6.0,50.0,16.6666666666667,0.0,0.0,11434947.0053715,0.15281,2801307.5535513,79640253.8895152,0.240936166609586,0.0,1288.03,-65.7425367955225,0.0,7.160869198318512,0.03517451812041621,18.19303022511997,0.15281,0.03517451812041621,0.169988114220505
283,2022,MY,Duopharma Biotech Bhd,health_care,57.908843326614,100.0,10.0,60.0,40.0,0.0,1.0,348433159.295455,0.05884,97655000.0,277708863.636364,2.33982496008986,1.0,32539.4,-42.091156673386,1.0,10.39020694175853,0.3516452399872655,19.44208386979562,0.05884,0.3516452399872655,2.33982496008986
283,2023,MY,Duopharma Biotech Bhd,health_care,61.5740426672246,100.0,10.0,60.0,40.0,1.0,1.0,264062633.607843,0.04102,119253159.041394,293057734.204793,1.76394462126868,1.0,39350.89,-38.4259573327754,1.0,10.58027387112472,0.4069271857471544,19.49588019263807,0.04102,0.4069271857471544,1.76394462126868
283,2024,MY,Duopharma Biotech Bhd,health_care,61.9310925924005,100.0,10.0,63.6363636363636,50.0,1.0,1.0,269119978.457923,0.04602999999999999,114831244.404655,308378021.486124,1.69558500857362,1.0,39619.6,-38.0689074075995,1.0,10.58707922429042,0.3723716880057291,19.54683693085618,0.04602999999999999,0.3723716880057291,1.69558500857362
284,2020,TH,Central Plaza Hotel PCL,consumer_discretionary,71.9214833066461,100.0,12.0,46.1538461538462,8.33333333333333,0.0,0.0,1068637274.5491,-0.0882,679328362.183755,1177754061.25166,3.22440205708688,1.0,104331.02,-28.0785166933539,0.0,11.5553240080844,0.5767998468727823,20.88687512385235,-0.0882,0.5767998468727823,3.22440205708688
284,2021,TH,Central Plaza Hotel PCL,consumer_discretionary,79.6449830763924,100.0,13.0,38.4615384615385,23.0769230769231,1.0,0.0,1265371925.61488,-0.04128999999999999,674841941.739392,1462309439.12128,2.33384269629742,1.0,76326.18,-20.35501692360759,0.0,11.24277127768665,0.4614905188226871,21.10328283054403,-0.04128999999999999,0.4614905188226871,2.33384269629742
284,2022,TH,Central Plaza Hotel PCL,consumer_discretionary,70.7803073155765,100.0,14.0,40.0,21.4285714285714,0.0,0.0,1960054897.42849,0.008199999999999999,598365418.433979,1391666923.11471,3.66330100642571,1.0,69106.91,-29.21969268442351,0.0,11.1434100047561,0.4299630956915816,21.05376809085515,0.008199999999999999,0.4299630956915816,3.66330100642571
284,2023,TH,Central Plaza Hotel PCL,consumer_discretionary,72.2232823795452,100.0,13.0,35.7142857142857,30.7692307692308,0.0,0.0,1723949211.90893,0.02439,739000505.03639,1577979986.11354,3.00189641693698,1.0,112771.82,-27.7767176204548,1.0,11.63312176414017,0.4683205817182125,21.1794113762184,0.02439,0.4683205817182125,3.00189641693698
284,2024,TH,Central Plaza Hotel PCL,consumer_discretionary,69.9493638325845,100.0,14.0,28.5714285714286,28.5714285714286,1.0,0.0,1363436768.14988,0.03049,861940303.64857,1773515254.96206,2.24847983439303,1.0,130011.92,-30.0506361674155,0.0,11.77538141754193,0.4860067040511636,21.29622943375475,0.03049,0.4860067040511636,2.24847983439303
285,2022,MY,CJ Century Logistics Holdings Bhd,industrials,31.9721284565555,100.0,9.0,27.2727272727273,11.1111111111111,0.0,0.0,65500340.1477273,0.0364,40127954.5454545,174603863.636364,0.63519084366609,1.0,10106.66,-68.0278715434445,0.0,9.220949891457375,0.2298228327239445,18.97803032962646,0.0364,0.2298228327239445,0.63519084366609
286,2022,TH,Seafresh Industry PCL,consumer_staples,70.83247490468,100.0,9.0,44.4444444444444,33.3333333333333,0.0,0.0,63753137.7058654,0.01346,53141357.7000867,151790281.854955,0.971850087986701,1.0,11750.0,-29.16752509532,1.0,9.371608519572305,0.3500972331737717,18.83801040147565,0.01346,0.3500972331737717,0.971850087986701
286,2023,TH,Seafresh Industry PCL,consumer_staples,69.9005177853947,100.0,9.0,44.4444444444444,33.3333333333333,0.0,0.0,49791667.4839463,0.00378,50497161.6302766,152590791.673945,0.712716212971866,1.0,8536.0,-30.0994822146053,1.0,9.05204779298159,0.3309319066787372,18.8432703320971,0.00378,0.3309319066787372,0.712716212971866
287,2024,MY,Chin Teck Plantations Bhd,consumer_staples,25.5344033804013,100.0,7.0,37.5,14.2857142857143,0.0,0.0,169312379.140555,0.0931,2462605.6044465,223499928.90227,0.777406357771593,0.0,62463.35,-74.4655966195987,0.0,11.04233526372477,0.01101837309990074,19.2249216539072,0.0931,0.01101837309990074,0.777406357771593
288,2024,MY,Chin Well Holdings Bhd,industrials,31.0995769346163,100.0,9.0,33.3333333333333,33.3333333333333,0.0,0.0,61676480.4297225,0.0121,405637.327677625,157177760.127253,0.528722348232894,0.0,30233.0,-68.9004230653837,1.0,10.31668932201601,0.002580755237568064,18.87288795293337,0.0121,0.002580755237568064,0.528722348232894
289,2020,TH,CH Karnchang PCL,industrials,38.9957762406234,100.0,10.0,20.0,10.0,0.0,0.0,939167938.383434,0.0074,1415683033.52197,2755459979.69374,1.06478459376243,1.0,1808.55,-61.0042237593766,0.0,7.500280698231429,0.5137737597188106,21.73685022739103,0.0074,0.5137737597188106,1.06478459376243
289,2024,TH,CH Karnchang PCL,industrials,49.7771715375702,100.0,10.0,40.0,10.0,0.0,0.0,952073183.325527,0.01379,1589556181.31932,3301281108.669,1.25031940885392,1.0,16455.0,-50.2228284624298,0.0,9.70838466137744,0.4814967671626704,21.91757644483118,0.01379,0.4814967671626704,1.25031940885392
290,2024,MY,Cahya Mata Sarawak Bhd,materials,41.1175619318867,37.5,11.0,50.0,9.09090909090909,1.0,0.0,288679235.452104,0.0278,57817591.7636526,1018073410.92211,0.379173807710292,1.0,82765.0,3.617561931886698,0.0,11.32376054569427,0.05679118140536141,20.74117786536482,0.0278,0.05679118140536141,0.379173807710292
292,2014,TH,CP All PCL,consumer_staples,24.8138463071364,100.0,15.0,33.3333333333333,0.0,0.0,0.0,11621972824.6575,0.03221,6032835879.14894,9921277974.04255,12.4025384692698,0.0,715606.555,-75.1861536928636,0.0,13.48088579072008,0.608070441623841,23.01794757797406,0.03221,0.608070441623841,12.4025384692698
292,2015,TH,CP All PCL,consumer_staples,35.2378885977382,100.0,15.0,33.3333333333333,0.0,0.0,0.0,9772359420.98115,0.04175,5260588084.70294,9136117112.60411,9.44010770272119,0.0,1021629.79,-64.76211140226181,0.0,13.83690974341627,0.5758012971884386,22.93550130858308,0.04175,0.5758012971884386,9.44010770272119
292,2016,TH,CP All PCL,consumer_staples,55.4011724425298,86.3636363636363,15.0,37.5,0.0,0.0,0.0,15665285553.8504,0.04894999999999999,5276394311.27232,9828907719.36384,12.4093116017478,1.0,1131651.73,-30.9624639211065,0.0,13.93918883139792,0.5368240766852805,23.008593647878,0.04894999999999999,0.5368240766852805,12.4093116017478
292,2017,TH,CP All PCL,consumer_staples,58.6357256231149,100.0,15.0,33.3333333333333,0.0,0.0,0.0,21250347274.8387,0.05588,5131735417.66513,11069080358.7404,12.4800443436262,1.0,1066918.55,-41.3642743768851,0.0,13.88028519185004,0.4636099162125057,23.12742150512483,0.05588,0.4636099162125057,12.4800443436262
292,2018,TH,CP All PCL,consumer_staples,62.7436093121368,100.0,15.0,37.5,6.66666666666667,0.0,0.0,18979355183.6202,0.05703,4771518709.58862,11560210858.5834,9.51271658803641,1.0,1494142.68,-37.2563906878632,0.0,14.21706314212291,0.4127536052723286,23.17083494038618,0.05703,0.4127536052723286,9.51271658803641
292,2019,TH,CP All PCL,consumer_staples,60.745138413413,100.0,15.0,31.25,6.66666666666667,0.0,0.0,21677657728.5571,0.0596,4895987374.83199,12621554242.2043,8.79079436824033,1.0,1431281.28,-39.254861586587,0.0,14.1740806010677,0.3879068521102301,23.25867184354476,0.0596,0.3879068521102301,8.79079436824033
292,2020,TH,CP All PCL,consumer_staples,58.3330187864629,100.0,15.0,33.3333333333333,6.66666666666667,0.0,0.0,17477142736.1723,0.0333,9752582102.43009,17421915103.4621,6.80888149832371,1.0,1820361.44,-41.6669812135371,0.0,14.41454563274251,0.5597881773911323,23.58099473938107,0.0333,0.5597881773911323,6.80888149832371
292,2021,TH,CP All PCL,consumer_staples,62.708939676009,100.0,16.0,37.5,6.25,0.0,0.0,15896910003.9592,0.0178,13911426370.3882,28043712441.1074,6.29278995422492,1.0,1842112.47,-37.291060323991,0.0,14.42642355256531,0.496062224272289,24.0570302883913,0.0178,0.496062224272289,6.29278995422492
292,2022,TH,CP All PCL,consumer_staples,56.9078951826949,100.0,16.0,37.5,6.25,1.0,0.0,17714437070.2398,0.01429,12911934481.566,26699262942.9067,6.7543812378555,1.0,2037394.74,-43.0921048173051,0.0,14.52718246141297,0.4836064017638496,24.00790179683701,0.01429,0.4836064017638496,6.7543812378555
292,2023,TH,CP All PCL,consumer_staples,63.6491533266723,100.0,16.0,41.1764705882353,6.25,1.0,0.0,14683411426.9702,0.02,12446186912.198,26972087181.4265,4.97867930084442,1.0,2175995.21,-36.3508466733277,0.0,14.59299668566878,0.4614469332120758,24.01806836010725,0.02,0.4614469332120758,4.97867930084442
292,2024,TH,CP All PCL,consumer_staples,64.7445687304892,100.0,16.0,41.1764705882353,6.25,1.0,0.0,14660652814.7248,0.0271,12393134969.3228,27557509923.0006,4.28383053588686,1.0,2209477.44,-35.25543126951079,0.0,14.60826659304595,0.4497189696729091,24.03954092788516,0.0271,0.4497189696729091,4.28383053588686
293,2014,TH,Charoen Pokphand Foods PCL,consumer_staples,54.7193329499285,100.0,15.0,37.5,13.3333333333333,0.0,0.0,6422988360.63927,0.01753,5955276869.30091,12667594528.8754,1.71290348409024,1.0,820000.0,-45.2806670500715,0.0,13.61705961924044,0.4701189997616387,23.26231295760151,0.01753,0.4701189997616387,1.71290348409024
293,2015,TH,Charoen Pokphand Foods PCL,consumer_staples,49.5719261393569,100.0,15.0,33.3333333333333,13.3333333333333,0.0,0.0,3927268219.39025,0.00863,7166881232.64853,13721897168.2399,1.16185893490099,1.0,890000.0,-50.4280738606431,0.0,13.69897674170832,0.5222952150695808,23.3422587272532,0.00863,0.5222952150695808,1.16185893490099
293,2017,TH,Charoen Pokphand Foods PCL,consumer_staples,67.603803268064,51.7857142857143,15.0,37.5,13.3333333333333,0.0,0.0,6349303141.01383,0.02596,8869750875.57604,18233393179.7235,1.29038162601338,1.0,910000.0,15.8180889823497,0.0,13.72119987849303,0.4864564038162504,23.6265205399526,0.02596,0.4864564038162504,1.29038162601338
293,2018,TH,Charoen Pokphand Foods PCL,consumer_staples,69.3307332401076,100.0,15.0,29.4117647058824,13.3333333333333,0.0,0.0,6510035730.51629,0.0087,10216316826.477,19427493071.4507,1.33758572986795,1.0,930000.0,-30.66926675989239,0.0,13.74293986512944,0.5258690243204972,23.68995506841143,0.0087,0.5258690243204972,1.33758572986795
293,2019,TH,Charoen Pokphand Foods PCL,consumer_staples,73.6026620321832,100.0,14.0,33.3333333333333,7.14285714285714,1.0,0.0,7909457768.45357,0.02117,11219815087.3656,21305462331.9892,1.46851810348211,1.0,920000.0,-26.3973379678168,0.0,13.73212894902522,0.5266168324598874,23.78222932429598,0.02117,0.5266168324598874,1.46851810348211
293,2020,TH,Charoen Pokphand Foods PCL,consumer_staples,68.0770249431309,58.3333333333333,18.0,27.2727272727273,11.1111111111111,1.0,1.0,7693745283.85938,0.018,13851906291.6112,25356827063.9148,1.23744052162539,1.0,808296.0,9.743691609797594,0.0,13.60268360705201,0.5462791640569176,23.95631384291157,0.018,0.5462791640569176,1.23744052162539
293,2023,TH,Charoen Pokphand Foods PCL,consumer_staples,68.0328812109628,100.0,15.0,37.5,13.3333333333333,1.0,1.0,4813366732.80794,-0.0136,14995972925.7642,25828758427.9476,0.73249481653307,1.0,1491287.0,-31.9671187890372,0.0,14.2151500634863,0.580592093406164,23.97475437584306,-0.0136,0.580592093406164,0.73249481653307
293,2024,TH,Charoen Pokphand Foods PCL,consumer_staples,61.3338255773537,76.7605633802817,14.0,33.3333333333333,14.2857142857143,1.0,1.0,5615613692.5644,0.0216,14445324051.3719,25590307384.7052,0.80577995019549,1.0,1560876.75,-15.426737802928,0.0,14.26075824058283,0.5644841945120821,23.96547949895317,0.0216,0.5644841945120821,0.80577995019549
294,2019,ID,Charoen Pokphand Indonesia Tbk PT,consumer_staples,19.2598963186002,100.0,3.0,33.3333333333333,0.0,0.0,0.0,7657112068.96552,0.1275,363691498.559078,2097219596.54179,5.10403077502572,0.0,105166.15,-80.7401036813998,0.0,11.56329675944646,0.1734160309958895,21.46387830276442,0.1275,0.1734160309958895,5.10403077502572
294,2020,ID,Charoen Pokphand Indonesia Tbk PT,consumer_staples,21.6530080031116,100.0,3.0,33.3333333333333,0.0,0.0,0.0,7620865384.61538,0.12699,317271794.871795,2219322720.79772,4.58564298825986,0.0,131574.07,-78.34699199688839,0.0,11.78732524198495,0.1429588369003648,21.52046790556226,0.12699,0.1429588369003648,4.58564298825986
294,2022,ID,Charoen Pokphand Indonesia Tbk PT,consumer_staples,27.1489517184187,100.0,3.0,33.3333333333333,0.0,0.0,0.0,5952373915.83681,0.07780000000000001,600273048.506264,2560073562.47992,3.52136200668076,1.0,959532.0,-72.8510482815813,0.0,13.77420094457726,0.2344749218552864,21.66330183036875,0.07780000000000001,0.2344749218552864,3.52136200668076
294,2023,ID,Charoen Pokphand Indonesia Tbk PT,consumer_staples,28.7764165545392,70.2380952380952,3.0,33.3333333333333,0.0,0.0,0.0,5352383890.87366,0.0574,622086391.685612,2661305618.70737,3.05043809907688,1.0,810663.0,-41.461678683556,0.0,13.60560771036354,0.2337523309283686,21.70208267342088,0.0574,0.2337523309283686,3.05043809907688
294,2024,ID,Charoen Pokphand Indonesia Tbk PT,consumer_staples,25.839635053267,100.0,4.0,50.0,0.0,0.0,0.0,4839087414.75511,0.08869999999999999,530345742.697327,2659477936.60659,2.57827131231829,1.0,946831.0,-74.160364946733,0.0,13.76087589795331,0.199417237269519,21.70139567604402,0.08869999999999999,0.199417237269519,2.57827131231829
295,2014,TH,Central Pattana PCL,real_estate,62.7559826743886,100.0,14.0,35.7142857142857,7.14285714285714,0.0,0.0,6216255707.76256,0.08773,487022758.085106,2706236708.96657,4.97807100144202,1.0,383077.0,-37.2440173256114,0.0,12.85599129234249,0.1799631039189788,21.71882483846664,0.08773,0.1799631039189788,4.97807100144202
295,2015,TH,Central Pattana PCL,real_estate,73.0852056015608,100.0,12.0,43.75,16.6666666666667,0.0,0.0,5846341463.41464,0.08205,629000638.895058,2860761581.01055,4.5918946911228,1.0,205719.0,-26.9147943984392,0.0,12.23426643890095,0.219871744318122,21.77435371339669,0.08205,0.219871744318122,4.5918946911228
295,2016,TH,Central Pattana PCL,real_estate,73.7565735040269,100.0,12.0,38.4615384615385,8.33333333333333,0.0,0.0,7106417410.71428,0.08907,499561598.214286,2916499669.86607,4.89447449542676,1.0,259099.57,-26.2434264959731,0.0,12.46496770695793,0.171288069522472,21.79364999096272,0.08907,0.171288069522472,4.89447449542676
295,2017,TH,Central Pattana PCL,real_estate,79.6545455970721,100.0,11.0,33.3333333333333,9.09090909090909,1.0,0.0,11754285714.2857,0.08945,294219341.536098,3704257771.52074,6.19086839728348,1.0,253723.01,-20.3454544029279,0.0,12.44399843914901,0.0794273400188642,22.03274874405206,0.08945,0.0794273400188642,6.19086839728348
295,2018,TH,Central Pattana PCL,real_estate,80.5668683604288,100.0,11.0,36.3636363636364,9.09090909090909,0.0,0.0,10309711124.7695,0.07946,943031488.246211,5001788630.06496,5.10418860704524,1.0,261977.0,-19.4331316395712,0.0,12.47601199263025,0.18853885239728,22.33306141142481,0.07946,0.18853885239728,5.10418860704524
295,2019,TH,Central Pattana PCL,real_estate,79.153890233601,100.0,11.0,36.3636363636364,9.09090909090909,0.0,0.0,9331262525.0501,0.07078999999999999,1143430890.5914,5710115395.19489,3.87334210518357,1.0,336786.0,-20.846109766399,0.0,12.72720299279039,0.2002465469530803,22.46550506972622,0.07078999999999999,0.2002465469530803,3.87334210518357
295,2020,TH,Central Pattana PCL,real_estate,79.7573149075969,100.0,12.0,33.3333333333333,16.6666666666667,0.0,0.0,7157715430.86172,0.04878999999999999,3075494007.98935,7378571537.9494,3.10340071861266,1.0,271234.0,-20.24268509240309,0.0,12.51073719592194,0.4168142833841886,22.72184589828048,0.04878999999999999,0.4168142833841886,3.10340071861266
295,2021,TH,Central Pattana PCL,real_estate,71.1408088976409,100.0,13.0,30.7692307692308,15.3846153846154,0.0,0.0,7605638872.22555,0.0295,3853094005.77791,7927199595.12489,3.45547859750241,1.0,203117.0,-28.85919110235911,0.0,12.22153744667516,0.4860599205988841,22.7935656696348,0.0295,0.4860599205988841,3.45547859750241
295,2022,TH,Central Pattana PCL,real_estate,73.6255261959516,100.0,14.0,35.2941176470588,28.5714285714286,0.0,0.0,9206818838.48599,0.04009,3716122230.71367,7878992416.78706,3.89604866986765,1.0,255612.0,-26.37447380404841,0.0,12.45141594874029,0.4716494234460821,22.78746586675069,0.04009,0.4716494234460821,3.89604866986765
295,2023,TH,Central Pattana PCL,real_estate,76.788148008349,100.0,14.0,26.6666666666667,28.5714285714286,0.0,1.0,9169877408.05604,0.0545,3590230675.69141,8147677555.28384,3.40468311225367,1.0,276928.0,-23.211851991651,0.0,12.53151282358456,0.4406446685366328,22.82099876104778,0.0545,0.4406446685366328,3.40468311225367
295,2024,TH,Central Pattana PCL,real_estate,78.2822558293038,100.0,14.0,28.5714285714286,28.5714285714286,0.0,1.0,7488758782.20141,0.0573,3695753654.23234,8880211408.11442,2.54336732563612,1.0,292754.0,-21.71774417069619,0.0,12.58708794490206,0.4161785665209831,22.90709120088719,0.0573,0.4161785665209831,2.54336732563612
296,2022,TH,Crown Seal PCL,materials,34.5405462783576,100.0,14.0,27.7777777777778,7.14285714285714,0.0,0.0,72494533.4151979,0.14677,1058430.39583935,136164725.657324,0.645036492494684,0.0,24274.0,-65.4594537216424,0.0,10.09716109766631,0.007773161446401515,18.72937592883605,0.14677,0.007773161446401515,0.645036492494684
297,2023,MY,Hetar Retail Bhd,materials,38.5554208729366,100.0,5.0,50.0,40.0,0.0,0.0,41326532.4618736,0.12324,41844.4444444444,35728055.5555556,1.25245065339863,1.0,2865.0,-61.4445791270634,1.0,7.96032362914884,0.001473925181377779,17.39144680801932,0.12324,0.001171192884521188,1.25245065339863
298,2024,ID,Ciputra Development Tbk PT,real_estate,44.3601822629665,100.0,6.0,50.0,50.0,0.0,0.0,1126161274.01736,0.04669,494490739.589807,2922479925.41952,0.830916689819373,1.0,145481.0,-55.6398177370335,1.0,11.88780077287439,0.1692024418333081,21.79569838231155,0.04669,0.1692024418333081,0.830916689819373
299,2021,MY,D & O Green Technologies Bhd,information_technology,37.8901241728988,100.0,9.0,44.4444444444444,11.1111111111111,0.0,1.0,1752915014.07301,0.1073,43347502.401537,309904178.674352,13.5676245673647,1.0,20498.0,-62.1098758271012,0.0,9.928082599391509,0.1398738880739219,19.55177370661141,0.1073,0.1398738880739219,13.5676245673647
299,2022,MY,D & O Green Technologies Bhd,information_technology,34.8265049081214,100.0,10.0,45.4545454545455,10.0,0.0,0.0,1203517959.8,0.05202,97790681.8181818,363380454.545455,8.90981468582062,1.0,29573.0,-65.1734950918786,0.0,10.29461706187693,0.2691137638112818,19.71096092751966,0.05202,0.2691137638112818,8.90981468582062
299,2023,MY,D & O Green Technologies Bhd,information_technology,32.2704969196263,100.0,10.0,50.0,20.0,0.0,0.0,976603958.056645,0.02616,107106971.67756,386995860.566449,6.82319906966266,1.0,31641.0,-67.7295030803737,0.0,10.36220902694472,0.2767651610556936,19.77392455472613,0.02616,0.2767651610556936,6.82319906966266
299,2024,MY,D & O Green Technologies Bhd,information_technology,45.7849912748994,100.0,10.0,50.0,20.0,0.0,0.0,759796569.695613,0.022,113751342.882722,408175917.636526,3.81829747907789,1.0,34224.0,-54.2150087251006,0.0,10.44068243132219,0.2786821514149586,19.82720881011883,0.022,0.2786821514149586,3.81829747907789
300,2022,MY,Sciente Packaging (Ayer Keroh) Bhd,materials,36.1280021796489,100.0,6.0,50.0,16.6666666666667,0.0,0.0,191547977.454545,0.07418999999999999,17679631.294964,143593525.179856,2.00790534136339,0.0,158800.0,-63.8719978203511,0.0,11.97540082779517,0.1231227610912096,18.78249712428508,0.07418999999999999,0.1231227610912096,2.00790534136339
301,2024,MY,Dayang Enterprise Holdings Bhd,energy,36.7702310965912,100.0,12.0,50.0,27.2727272727273,0.0,0.0,541571819.744852,0.1188,29220680.3939123,610678603.40197,1.29061971296128,0.0,2110.34,-63.2297689034088,0.0,7.654604350929628,0.04784952384303241,20.23008136139483,0.1188,0.04784952384303241,1.29061971296128
302,2022,MY,Deleum Bhd,energy,51.2668898647447,100.0,7.0,50.0,14.2857142857143,0.0,0.0,82135943.1818182,0.06371,1997089.09090909,162230815.0,0.929633259808072,0.0,993.4,-48.7331101352553,0.0,6.90113340267325,0.01231017110349282,18.9045306631057,0.06371,0.01231017110349282,0.929633259808072
302,2023,MY,Deleum Bhd,energy,65.3587087694927,100.0,7.0,66.6666666666667,14.2857142857143,0.0,0.0,83547623.6383442,0.06849,525073.420479303,135214416.993464,0.927655064686256,1.0,1429.8,-34.64129123050731,0.0,7.265289853332751,0.003883265055269099,18.72237235045512,0.06849,0.003883265055269099,0.927655064686256
302,2024,MY,Deleum Bhd,energy,63.199118403464,100.0,7.0,57.1428571428571,14.2857142857143,0.0,0.0,124025029.095792,0.1096,3382222.02327663,164049073.410922,1.1967401304046,1.0,1750.3,-36.800881596536,0.0,7.46754248079679,0.02061713579329153,18.91567616914405,0.1096,0.02061713579329153,1.1967401304046
303,2015,TH,Delta Electronics Thailand PCL,information_technology,41.745243224609,100.0,10.0,30.0,10.0,0.0,0.0,2644808577.35588,0.16406,5272925.15269295,1214960495.14159,3.12276430819935,1.0,38486.0,-58.254756775391,0.0,10.55804981778051,0.004339997204665037,20.91797739892356,0.16406,0.004339997204665037,3.12276430819935
303,2016,TH,Delta Electronics Thailand PCL,information_technology,68.4912799694894,100.0,10.0,45.4545454545455,10.0,0.0,1.0,2836540221.56808,0.12247,8959238.78348214,1292390222.82366,3.18777442153166,1.0,40346.0,-31.5087200305106,0.0,10.6052475361943,0.006932301579864693,20.9797592267542,0.12247,0.006932301579864693,3.18777442153166
303,2017,TH,Delta Electronics Thailand PCL,information_technology,68.4516279159331,100.0,8.0,45.4545454545455,0.0,0.0,1.0,2807087656.69739,0.10665,7025070.78341014,1413751951.21352,2.81498532616917,1.0,43033.1,-31.5483720840669,0.0,10.66972486599856,0.004969097144219707,21.06951296556237,0.10665,0.004969097144219707,2.81498532616917
303,2020,TH,Delta Electronics Thailand PCL,information_technology,84.1508128528658,100.0,9.0,33.3333333333333,11.1111111111111,0.0,1.0,20248078303.4068,0.13769,6011338.11584554,1904757915.77896,16.1180383044178,1.0,41023.32,-15.8491871471342,0.0,10.62189596447994,0.003155959120079138,21.36762075911869,0.13769,0.003155959120079138,16.1180383044178
303,2021,TH,Delta Electronics Thailand PCL,information_technology,92.0651555061114,100.0,9.0,44.4444444444444,11.1111111111111,0.0,1.0,15414553838.2723,0.10589,65613023.7436052,2086619748.8715,12.4122661533251,1.0,43520.05,-7.934844493888605,0.0,10.68097703042622,0.03144464811046214,21.45881124857115,0.10589,0.03144464811046214,12.4122661533251
303,2022,TH,Delta Electronics Thailand PCL,information_technology,90.2276097768667,100.0,9.0,44.4444444444444,11.1111111111111,0.0,1.0,29914092447.8474,0.1914,56103712.7708755,2628849388.12482,18.9343679666046,1.0,54763.63,-9.7723902231333,0.0,10.91078156646758,0.02134154699934892,21.68981209239765,0.1914,0.02134154699934892,18.9343679666046
303,2023,TH,Delta Electronics Thailand PCL,information_technology,87.5424834670317,100.0,9.0,44.4444444444444,11.1111111111111,0.0,1.0,32040158211.3252,0.185,104112775.720524,3148325789.17031,16.2528777793,1.0,64465.51,-12.4575165329683,0.0,11.07388563108332,0.0330692509900512,21.87013665298866,0.185,0.0330692509900512,16.2528777793
303,2024,TH,Delta Electronics Thailand PCL,information_technology,77.9669239702357,100.0,9.0,41.6666666666667,22.2222222222222,0.0,1.0,55686679196.4286,0.16379,42503545.0963222,3593014751.16754,23.7955191835856,1.0,76071.29,-22.0330760297643,0.0,11.2394262059125,0.01182949362579455,22.00225745059888,0.16379,0.01182949362579455,23.7955191835856
304,2022,MY,WAVEFRONT Bhd,information_technology,32.3409588801868,21.4285714285714,5.0,57.1428571428571,40.0,0.0,0.0,61587153.3579545,-0.09039,33623356.0090703,176026077.097506,0.696173562330764,0.0,15694.0,10.9123874516154,1.0,9.661033752687418,0.1910134939293417,18.98614270735377,-0.09039,0.1910134939293417,0.696173562330764
305,2023,MY,RGB International Bhd,consumer_discretionary,35.336440360879,100.0,5.0,66.6666666666667,40.0,0.0,0.0,87435067.560383,0.07992,758557.952069717,95021565.795207,1.58285180940874,0.0,506.76,-64.66355963912099,1.0,6.228037518733853,0.007983008338386902,18.36961443217291,0.07992,0.007983008338386902,1.58285180940874
306,2021,MY,Dialog Group Bhd,energy,44.0122894326004,100.0,8.0,40.0,37.5,0.0,0.0,3552417807.79059,0.0677,472832289.156627,1922219277.10843,3.54669553372275,0.0,11347.0,-55.9877105673996,1.0,9.336708670790989,0.2459824926258687,21.37674622897263,0.0677,0.2459824926258687,3.54669553372275
306,2022,MY,Dialog Group Bhd,energy,60.5564849690324,100.0,9.0,60.0,44.4444444444444,0.0,0.0,3143742379.75,0.0604,541938946.890604,2007956196.09623,2.37786445675627,0.0,11912.0,-39.4435150309676,1.0,9.385301574363845,0.2698958014842232,21.42038322384484,0.0604,0.2698958014842232,2.37786445675627
306,2023,MY,Dialog Group Bhd,energy,60.1553051073046,100.0,8.0,50.0,37.5,1.0,1.0,2546196095.80392,0.05623,468326259.378349,1996063451.23258,2.08454839961558,0.0,16966.0,-39.8446948926954,1.0,9.73896662036768,0.2346249359403655,21.4144428035251,0.05623,0.2346249359403655,2.08454839961558
306,2024,MY,Dialog Group Bhd,energy,57.0464013742052,100.0,9.0,60.0,33.3333333333333,1.0,1.0,2337765535.29543,0.06236,366634994.697773,1936435630.96501,2.26874613445681,0.0,19576.0,-42.9535986257948,1.0,9.882059605122508,0.1893349765078754,21.38411481648282,0.06236,0.1893349765078754,2.26874613445681
307,2014,MY,CelcomDigi Bhd,communication_services,63.4592647452452,100.0,7.0,42.8571428571429,14.2857142857143,0.0,0.0,13725822603.7196,0.3684360000000003,299755650.9299,1231302718.16881,42.01405290619211,1.0,132924.55,-36.5407352547548,0.0,11.79753695299912,0.2434459426644455,20.93133856632081,0.504,0.2434459426644455,69.9157019662254
307,2015,MY,CelcomDigi Bhd,communication_services,60.0004766227061,100.0,7.0,40.0,28.5714285714286,0.0,0.0,9786713286.71328,0.3684360000000003,301610023.310023,1086787412.58741,42.01405290619211,1.0,133634.0,-39.9995233772939,0.0,11.8028599987253,0.2775243988076321,20.80649185336199,0.38425,0.2775243988076321,80.8395685475641
307,2016,MY,CelcomDigi Bhd,communication_services,68.0055120788041,100.0,7.0,42.8571428571429,42.8571428571429,0.0,0.0,8374010480.5441,0.35138,508835544.653808,1225991303.3783,42.01405290619211,1.0,140924.0,-31.9944879211959,1.0,11.85597601695156,0.415040093067282,20.92701558094286,0.35138,0.415040093067282,72.3193136518574
307,2017,MY,CelcomDigi Bhd,communication_services,63.4139996050385,48.6111111111111,8.0,30.0,25.0,0.0,1.0,9805267062.31454,0.26063,668723788.328388,1442535361.02868,42.01405290619211,1.0,156188.0,14.8028884939274,0.0,11.9588156888527,0.4635753177319115,21.08966806975746,0.26063,0.4635753177319115,76.4432697535077
307,2018,MY,CelcomDigi Bhd,communication_services,65.5543963055652,100.0,8.0,30.0,50.0,0.0,1.0,8471549636.80387,0.25581,652313317.191283,1502676997.57869,42.01405290619211,1.0,165507.0,-34.44560369443479,1.0,12.01676876897731,0.434100820231078,21.13051401948456,0.25581,0.434100820231078,51.9728515659816
307,2019,MY,CelcomDigi Bhd,communication_services,66.7649151345498,100.0,7.0,37.5,42.8571428571429,1.0,1.0,8480435314.25776,0.19955,1259427488.38347,1993015651.74859,42.01405290619211,1.0,183807.92,-33.2350848654502,1.0,12.12164657829092,0.6319205206835682,21.41291473150729,0.19955,0.6319205206835682,52.5411864173082
307,2020,MY,CelcomDigi Bhd,communication_services,63.3525106156785,100.0,7.0,33.3333333333333,57.1428571428571,1.0,1.0,8007089552.23881,0.15053,1356227114.42786,2036500995.02488,42.01405290619211,1.0,196496.62,-36.6474893843215,1.0,12.1884005091257,0.6637159521299296,21.43449897364819,0.15053,0.6659594656428297,53.1289613373475
307,2021,MY,CelcomDigi Bhd,communication_services,67.8290373018429,100.0,6.0,50.0,50.0,1.0,1.0,8140970220.9414,0.145,1190988232.46878,1882760566.76273,42.01405290619211,1.0,217106.02,-32.1709626981571,1.0,12.28814108463901,0.6325755135803581,21.35600492333882,0.145,0.6325755135803581,53.5689171016307
307,2022,MY,CelcomDigi Bhd,communication_services,63.8107970989087,100.0,10.0,38.4615384615385,30.0,1.0,1.0,10665007261.8182,0.1346,3383456136.36364,8531644772.72727,2.89457936021858,1.0,278932.73,-36.1892029010913,1.0,12.53872592062043,0.3965772399689429,22.86704800198732,0.1346,0.3965772399689429,2.89457936021858
307,2023,MY,CelcomDigi Bhd,communication_services,66.1899339665306,100.0,10.0,30.7692307692308,30.0,1.0,1.0,10428007100.4444,0.04197,2831581481.48148,7936131808.27887,2.92790440347359,1.0,521510.22,-33.8100660334694,1.0,13.16448415054638,0.3567961760070077,22.79469181569716,0.04197,0.3567961760070077,2.92790440347359
307,2024,MY,CelcomDigi Bhd,communication_services,70.0666671842593,100.0,10.0,36.3636363636364,30.0,1.0,1.0,9504937089.65085,0.03797,2921396821.84423,8059874216.65175,2.64174797757764,1.0,561755.56,-29.9333328157407,1.0,13.23882208763989,0.3624618379041954,22.8101637874687,0.03797,0.3624618379041954,2.64174797757764
308,2022,MY,DKSH Holdings (Malaysia) Bhd,industrials,23.6449351806216,100.0,6.0,57.1428571428571,16.6666666666667,0.0,0.0,154134704.652447,0.0382,117105000.0,666138636.363636,0.815570325020444,1.0,59567.0,-76.3550648193784,0.0,10.99485700843465,0.1757967390080553,20.31700836954997,0.0382,0.1757967390080553,0.815570325020444
308,2023,MY,DKSH Holdings (Malaysia) Bhd,industrials,35.52834611263,100.0,6.0,55.5555555555556,33.3333333333333,0.0,0.0,157314594.352941,0.03719,128850108.932462,669046187.363835,0.809832789948331,1.0,62686.0,-64.47165388737,1.0,11.04589341620265,0.1925877635446293,20.32136365511722,0.03719,0.1925877635446293,0.809832789948331
308,2024,MY,DKSH Holdings (Malaysia) Bhd,industrials,42.4873352346905,100.0,6.0,37.5,50.0,0.0,0.0,176430255.147717,0.0379,149314682.184423,779034243.5094,0.797907175182474,1.0,67089.0,-57.5126647653095,1.0,11.11377537509483,0.191666391340885,20.4735655611608,0.0379,0.191666391340885,0.797907175182474
309,2021,PH,DMCI Holdings Inc,industrials,42.2717119688512,100.0,9.0,22.2222222222222,33.3333333333333,0.0,0.0,1664588003.18651,0.08769,1042282957.44264,4219366307.11904,0.967107087463452,1.0,6438854.83,-57.7282880311488,1.0,15.67786126083986,0.2470235769016,22.16295078952876,0.08769,0.2470235769016,0.967107087463452
309,2022,PH,DMCI Holdings Inc,industrials,48.2304465575452,100.0,9.0,22.2222222222222,33.3333333333333,0.0,0.0,2585709711.61792,0.13638,945114837.434884,4324770684.39016,1.39459436537885,1.0,3415000.0,-51.7695534424548,1.0,15.04368805098703,0.2185352487812092,22.18762495497434,0.13638,0.2185352487812092,1.39459436537885
310,2022,MY,DRB-HICOM Bhd,consumer_discretionary,46.8382332661795,100.0,6.0,66.6666666666667,16.6666666666667,0.0,0.0,702995291.272727,0.0152,2035622500.0,11702088181.8182,0.4199428297185,1.0,282061.0,-53.1617667338205,0.0,12.54987863858491,0.1739537822969744,23.18303313990346,0.0152,0.1739537822969744,0.4199428297185
310,2023,MY,DRB-HICOM Bhd,consumer_discretionary,50.1407299691208,100.0,5.0,50.0,0.0,1.0,0.0,585446514.35512,0.0043,1841658823.52941,12764560784.3137,0.35345800835872,1.0,321208.0,-49.8592700308792,0.0,12.67984416734483,0.144279059393302,23.26993847923855,0.0043,0.144279059393302,0.35345800835872
310,2024,MY,DRB-HICOM Bhd,consumer_discretionary,69.0909009282226,100.0,6.0,66.6666666666667,16.6666666666667,1.0,1.0,480280467.012086,0.0015,2213195837.06356,13935518800.3581,0.289882061919245,1.0,324827.0,-30.9090990717774,0.0,12.69104801189353,0.1588168957876679,23.35770672720941,0.0015,0.1588168957876679,0.289882061919245
311,2022,TH,Diamond Building Products PCL,materials,37.7125953159474,100.0,12.0,33.3333333333333,0.0,0.0,0.0,198873633.487431,0.17379,20168320.8032361,108078919.011846,2.88326256868265,1.0,51275.0,-62.2874046840526,0.0,10.84495858294058,0.1866073512543695,18.49837224982532,0.17379,0.1866073512543695,2.88326256868265
312,2022,MY,Dufu Technology Corp Bhd,industrials,55.8770896334245,100.0,6.0,66.6666666666667,16.6666666666667,0.0,0.0,221232500.877273,0.12973,12987369.3181818,96454254.3181818,2.78468407152626,1.0,6821.37,-44.1229103665755,0.0,8.827815610429266,0.1346479676815422,18.38457940539644,0.12973,0.1346479676815422,2.78468407152626
313,2021,MY,DutaLand Bhd,real_estate,22.7237415228342,100.0,7.0,62.5,0.0,0.0,0.0,71119431.7122959,-0.0426,1673253.01204819,326611325.301205,0.263798876068324,1.0,105.0,-77.2762584771658,0.0,4.653960350157523,0.005123071009571072,19.60428141426564,-0.0426,0.005123071009571072,0.263798876068324
313,2022,MY,DutaLand Bhd,real_estate,20.1869043559508,100.0,7.0,57.1428571428571,0.0,0.0,0.0,57689866.2954545,-0.03055,1809804.81162052,291303449.841126,0.240936166609586,1.0,112.0,-79.8130956440492,0.0,4.718498871295094,0.006212781937898673,19.48987606477449,-0.03055,0.006212781937898673,0.222852282077152
313,2023,MY,DutaLand Bhd,real_estate,21.2684737702416,100.0,8.0,37.5,12.5,0.0,0.0,54380135.4041394,-0.006919999999999999,963344.051446946,275076741.693462,0.240936166609586,1.0,105.0,-78.7315262297584,0.0,4.653960350157523,0.003502091981736755,19.43256067740415,-0.006919999999999999,0.003502091981736755,0.185171935151403
314,2022,MY,Eastern & Oriental Bhd,real_estate,64.2865279446358,100.0,6.0,50.0,16.6666666666667,0.0,0.0,136164349.568103,0.08525,352663492.063492,891452834.46712,0.258420047913602,1.0,6645.0,-35.71347205536421,0.0,8.801619971147346,0.3956053292200278,20.60836308805424,0.08525,0.3956053292200278,0.258420047913602
314,2023,MY,Eastern & Oriental Bhd,real_estate,60.8655915939252,100.0,6.0,50.0,16.6666666666667,0.0,0.0,231032227.293412,0.03351,319000317.628375,856096770.77819,1.0165350255408,1.0,9602.0,-39.1344084060748,0.0,9.169726689090886,0.3726217975783327,20.56789397769087,0.03351,0.3726217975783327,1.0165350255408
314,2024,MY,Eastern & Oriental Bhd,real_estate,55.7735381383141,100.0,6.0,50.0,16.6666666666667,0.0,0.0,537555494.758281,0.0391,392989627.959414,1031606313.41601,0.923114857007064,1.0,10605.0,-44.2264618616859,0.0,9.269080866998783,0.3809492272862189,20.75438295197601,0.0391,0.3809492272862189,0.923114857007064
315,2023,TH,Eastern Water Resources Development and Management PCL,utilities,50.73339129699,100.0,13.0,37.5,7.69230769230769,0.0,1.0,202988065.464682,0.0506,438671658.369723,846482088.937409,0.605116152829341,1.0,62195.72,-49.26660870301,0.0,11.03804146607034,0.5182291085690762,20.55659960035013,0.0506,0.5182291085690762,0.605116152829341
316,2023,MY,EG Industries Bhd,consumer_discretionary,47.2249932553226,100.0,6.0,57.1428571428571,16.6666666666667,0.0,0.0,611505848.366013,0.03493,96559485.5305466,259878456.59164,1.07587254655668,1.0,13911.0,-52.7750067446774,0.0,9.54043517305957,0.3715563298202719,19.37572460503193,0.03493,0.3715563298202719,1.07587254655668
317,2016,TH,Electricity Generating PCL,utilities,37.9784585636191,100.0,18.0,31.5789473684211,5.55555555555556,0.0,0.0,2923173409.59821,0.04445,2809410736.49554,5503752883.76116,1.27806487923086,1.0,5975517.0,-62.0215414363809,0.0,15.60318117923524,0.5104536478708401,22.42869603899706,0.04445,0.5104536478708401,1.27806487923086
317,2017,TH,Electricity Generating PCL,utilities,49.657132035851,100.0,17.0,33.3333333333333,11.7647058823529,0.0,1.0,3493592626.72811,0.05945,3035768079.93856,6154609673.33333,1.31862994206531,1.0,6251966.0,-50.342867964149,0.0,15.64840653224896,0.4932511143788573,22.54046717837914,0.05945,0.4932511143788573,1.31862994206531
317,2018,TH,Electricity Generating PCL,utilities,55.6826099090733,100.0,16.0,43.4782608695652,12.5,0.0,1.0,4012394591.27228,0.10361,2845243710.42376,6385023464.86236,1.30251519599754,1.0,5835653.0,-44.3173900909267,0.0,15.57949672832384,0.4456120993261055,22.57722100142218,0.10361,0.4456120993261055,1.30251519599754
317,2019,TH,Electricity Generating PCL,utilities,63.2114817593147,100.0,18.0,31.8181818181818,11.1111111111111,1.0,1.0,5767552438.20975,0.0629,3009583651.00806,7006807952.11693,1.65259680887751,1.0,6673515.0,-36.7885182406853,0.0,15.71365726558993,0.4295227829241117,22.67014807795534,0.0629,0.4295227829241117,1.65259680887751
317,2020,TH,Electricity Generating PCL,utilities,61.815180674229,100.0,15.0,30.0,13.3333333333333,1.0,1.0,3384920257.18103,0.04128999999999999,3111056669.04128,7138405287.54993,0.991210259215594,1.0,7041257.0,-38.184819325771,0.0,15.76729726333223,0.4358195624542731,22.68875523926914,0.04128999999999999,0.4358195624542731,0.991210259215594
317,2021,TH,Electricity Generating PCL,utilities,71.7210950396679,100.0,15.0,31.5789473684211,20.0,1.0,1.0,2771283968.20636,0.0719,3320699849.53355,7280529641.88986,0.814473749697926,1.0,6325496.0,-28.2789049603321,0.0,15.66009900847558,0.4561069060727801,22.70846944951548,0.0719,0.4561069060727801,0.814473749697926
317,2022,TH,Electricity Generating PCL,utilities,60.8475404917788,100.0,16.0,38.0952380952381,12.5,1.0,1.0,2623958754.69517,0.0433,3334611470.67322,7340165674.6605,0.753690281067266,1.0,6240255.0,-39.1524595082212,0.0,15.64653160489526,0.4542964857298611,22.71662725079774,0.0433,0.4542964857298611,0.753690281067266
317,2023,TH,Electricity Generating PCL,utilities,65.2764774571967,100.0,17.0,35.0,17.6470588235294,1.0,1.0,1966944541.73964,0.01159,3525753682.67831,7081009315.86608,0.642232580579948,1.0,6118391.0,-34.72352254280329,0.0,15.62680971142528,0.4979168258934954,22.68068229322965,0.01159,0.4979168258934954,0.642232580579948
317,2024,TH,Electricity Generating PCL,utilities,65.4365503534294,100.0,16.0,31.5789473684211,18.75,1.0,1.0,1803173448.47775,0.02229,3538055837.71162,7036271307.6474,0.590155092420711,1.0,5690275.0,-34.5634496465706,0.0,15.55426913533885,0.5028310710342095,22.67434422300546,0.02229,0.5028310710342095,0.590155092420711
318,2022,MY,Engte Group Bhd,industrials,43.1133377978376,100.0,7.0,50.0,28.5714285714286,0.0,0.0,67169700.2328366,0.02194,133611818.181818,348247954.545455,0.362474067651224,1.0,20610.0,-56.8866622021624,0.0,9.933531673884504,0.3836686373541308,19.66842529708348,0.02194,0.3836686373541308,0.362474067651224
318,2023,MY,Engte Group Bhd,industrials,40.6443060951611,100.0,8.0,50.0,37.5,0.0,0.0,72920785.3708787,0.006500000000000001,141193028.32244,348778867.102397,0.413449934798022,1.0,36587.0,-59.3556939048389,1.0,10.50744826503727,0.4048210532233523,19.66994866072782,0.006500000000000001,0.4048210532233523,0.413449934798022
318,2024,MY,Engte Group Bhd,industrials,41.4113642097911,100.0,8.0,50.0,37.5,0.0,0.0,110220906.71889,0.0068,131235452.10385,351222694.717995,0.598652580127543,1.0,51039.0,-58.5886357902089,1.0,10.84034532535025,0.3736531097719128,19.67693103813285,0.0068,0.3736531097719128,0.598652580127543
320,2019,TH,Erawan Group PCL,consumer_discretionary,28.360030462354,100.0,11.0,36.3636363636364,18.1818181818182,1.0,0.0,779476112.986957,0.0256,341520362.5,599269553.763441,2.59958368621767,0.0,45206.8,-71.639969537646,0.0,10.71900279698286,0.5698943995322907,20.21122206114013,0.0256,0.5698943995322907,2.59958368621767
320,2020,TH,Erawan Group PCL,consumer_discretionary,40.478618026397,100.0,11.0,36.3636363636364,18.1818181818182,1.0,0.0,471615830.326985,-0.08789,548109870.206392,706215593.142477,2.37704038651914,0.0,29049.53,-59.521381973603,0.0,10.27675758314745,0.6637159521299296,20.37543112156381,-0.08789,0.7761225828609145,2.37704038651914
320,2021,TH,Erawan Group PCL,consumer_discretionary,49.9819203335952,100.0,11.0,36.3636363636364,18.1818181818182,1.0,1.0,407758824.205159,-0.09124080000000001,449205199.759254,675600746.012639,2.26123488133189,0.0,13001.88,-50.0180796664048,0.0,9.472849241372492,0.6637159521299296,20.33111284711969,-0.09390000000000001,0.6648974300434688,2.26123488133189
320,2022,TH,Erawan Group PCL,consumer_discretionary,59.4005473412737,100.0,11.0,36.3636363636364,18.1818181818182,1.0,1.0,586575775.898295,-0.0102,411288625.10835,627327698.353077,3.56259916751961,0.0,16343.79,-40.5994526587263,0.0,9.701603287663076,0.6556200629879817,20.25697960696716,-0.0102,0.6556200629879817,3.56259916751961
320,2023,TH,Erawan Group PCL,consumer_discretionary,61.6857257989711,100.0,12.0,33.3333333333333,16.6666666666667,1.0,1.0,694415896.037653,0.0327,446819574.614265,689226511.033479,3.75865484274095,0.0,21431.77,-38.3142742010289,0.0,9.972629679550586,0.6482913345052116,20.3510805282646,0.0327,0.6482913345052116,3.75865484274095
320,2024,TH,Erawan Group PCL,consumer_discretionary,69.2255165569563,100.0,11.0,35.7142857142857,18.1818181818182,1.0,1.0,546489180.877635,0.05129,428721045.913602,766085164.565091,2.14285136513615,1.0,20541.0,-30.77448344304371,0.0,9.930178167789173,0.5596258297952922,20.4568039024191,0.05129,0.5596258297952922,2.14285136513615
321,2022,MY,Petron Malaysia Refining & Marketing Bhd,energy,50.6279921962362,100.0,9.0,55.5555555555556,33.3333333333333,0.0,0.0,265704545.454545,0.06636,262119090.909091,1082785909.09091,0.527420116672133,1.0,208893.0,-49.3720078037638,1.0,12.24957743812731,0.2420784096914985,20.80280310222014,0.06636,0.2420784096914985,0.527420116672133
322,2023,MY,Evergreen Fibreboard Bhd,materials,27.5218050385327,100.0,8.0,50.0,37.5,1.0,1.0,56243859.5697168,-0.02569,52271319.8257081,317281361.655773,0.258625456688766,0.0,184964.0,-72.4781949614673,1.0,12.12791649052988,0.1647475274088701,19.5752995143799,-0.02569,0.1647475274088701,0.258625456688766
323,2018,ID,LSMART Telecom Sejahtera Tbk PT,communication_services,56.6415243044915,100.0,9.0,36.3636363636364,11.1111111111111,0.0,0.0,1453944461.528,0.00621,1604929252.17391,4007927234.78261,1.15368525194272,1.0,540166.6,-43.3584756955085,0.0,13.19963288947692,0.4004387201058957,22.11154004556981,0.00621,0.4004387201058957,1.15368525194272
323,2019,ID,LSMART Telecom Sejahtera Tbk PT,communication_services,62.6626395750105,100.0,9.0,40.0,11.1111111111111,0.0,0.0,2418611733.65302,0.01179,1940143299.71182,4519109654.17867,1.76064926234311,1.0,603526.0,-37.3373604249895,0.0,13.31054440061326,0.4293198103564126,22.2315808322236,0.01179,0.4293198103564126,1.76064926234311
323,2020,ID,LSMART Telecom Sejahtera Tbk PT,communication_services,69.0589602974506,100.0,9.0,33.3333333333333,11.1111111111111,0.0,0.0,2081724658.61111,0.02279,2395136680.91168,4825127991.45299,1.51918516440037,1.0,600060.0,-30.9410397025494,0.0,13.30478492919862,0.4963882170906794,22.29710309811154,0.02279,0.4963882170906794,1.51918516440037
323,2021,ID,LSMART Telecom Sejahtera Tbk PT,communication_services,63.1430083968131,100.0,9.0,27.2727272727273,11.1111111111111,0.0,0.0,2383261061.33333,0.0183,2501658807.01754,5105493473.68421,1.68343780131213,1.0,609757.0,-36.8569916031869,0.0,13.32081579612707,0.4899935373362256,22.35358294866784,0.0183,0.4899935373362256,1.68343780131213
323,2022,ID,LSMART Telecom Sejahtera Tbk PT,communication_services,57.1466833395,100.0,8.0,33.3333333333333,12.5,0.0,0.0,1805001067.97944,0.0139,2824270671.37809,5607820623.19306,1.09177162366364,1.0,627438.0,-42.8533166605,0.0,13.34940014032569,0.5036307081038492,22.44742800028859,0.0139,0.5036307081038492,1.09177162366364
323,2023,ID,LSMART Telecom Sejahtera Tbk PT,communication_services,54.8176769012801,100.0,7.0,37.5,14.2857142857143,0.0,0.0,1705544743.74797,0.01449,2982658915.23222,5696301006.8204,0.993097317846812,1.0,654095.03,-45.1823230987199,0.0,13.39100792569387,0.5236132907409506,22.46308285495835,0.01449,0.5236132907409506,0.993097317846812
323,2024,ID,LSMART Telecom Sejahtera Tbk PT,communication_services,61.6718132422483,100.0,7.0,42.8571428571429,14.2857142857143,0.0,0.0,1831306199.39554,0.02089,2864388688.62648,5356032628.96209,1.12860433742708,1.0,700084.49,-38.3281867577517,0.0,13.45895630674188,0.5347967212032372,22.40148935679601,0.02089,0.5347967212032372,1.12860433742708
324,2017,MY,Fraser & Neave Holdings Bhd,consumer_staples,55.6058512016655,100.0,11.0,36.3636363636364,0.0,0.0,0.0,2434462914.57288,0.10047,89854704.9063759,765939322.114245,4.23853687449532,1.0,68883.0,-44.3941487983345,0.0,11.14016469216013,0.1173130851388427,20.4566135106172,0.10047,0.1173130851388427,4.23853687449532
324,2018,MY,Fraser & Neave Holdings Bhd,consumer_staples,57.7043618772704,100.0,10.0,35.7142857142857,20.0,0.0,0.0,2957639932.64143,0.11712,81103214.8900169,808619289.340102,6.00104444490712,1.0,70002.0,-42.2956381227296,0.0,11.15627909205191,0.1002983925305611,20.5108387701178,0.11712,0.1002983925305611,6.00104444490712
324,2019,MY,Fraser & Neave Holdings Bhd,consumer_staples,61.9375230974636,100.0,11.0,45.4545454545455,18.1818181818182,0.0,0.0,3106787739.79549,0.1198,29464994.0262844,837238948.626045,5.06087282609899,1.0,81593.0,-38.0624769025364,0.0,11.30949875295879,0.03519305220407874,20.5456200699409,0.1198,0.03519305220407874,5.06087282609899
324,2020,MY,Fraser & Neave Holdings Bhd,consumer_staples,62.7935086769991,100.0,11.0,54.5454545454545,18.1818181818182,0.0,0.0,2909771272.29638,0.11689,28009872.381411,847594750.782567,4.37582751957648,1.0,71610.0,-37.2064913230009,0.0,11.17899000800099,0.03304630232260176,20.5579131913031,0.11689,0.03304630232260176,4.37582751957648
324,2021,MY,Fraser & Neave Holdings Bhd,consumer_staples,76.7411342553642,100.0,11.0,54.5454545454545,27.2727272727273,0.0,1.0,2166404345.78626,0.1105,15542891.2783751,867800716.845878,3.47396980806785,1.0,76897.0,-23.2588657446358,0.0,11.25022214302925,0.01791066886285544,20.58147265737782,0.1105,0.01791066886285544,3.47396980806785
324,2022,MY,Fraser & Neave Holdings Bhd,consumer_staples,70.0641649009162,100.0,11.0,53.8461538461538,36.3636363636364,0.0,1.0,1788336781.28329,0.098,66909169.3635383,904127292.340884,2.65628342178753,1.0,76462.0,-29.9358350990838,1.0,11.24454916437626,0.07400414734777354,20.62248071855523,0.098,0.07400414734777354,2.65628342178753
324,2023,MY,Fraser & Neave Holdings Bhd,consumer_staples,69.1729011384402,100.0,11.0,50.0,36.3636363636364,1.0,1.0,2237023310.2148,0.11539,163604133.375945,1089084265.47353,2.77563672529313,1.0,73588.0,-30.8270988615598,1.0,11.20623724794567,0.1502217400090805,20.80860305666722,0.11539,0.1502217400090805,2.77563672529313
324,2024,MY,Fraser & Neave Holdings Bhd,consumer_staples,71.7694569157331,100.0,11.0,54.5454545454545,27.2727272727273,1.0,1.0,2313298602.99463,0.10254,184651298.228585,1328434117.93254,3.2021285125401,1.0,80794.0,-28.2305430842669,0.0,11.29965798432623,0.138999213988843,21.00726673061532,0.10254,0.138999213988843,3.2021285125401
325,2023,MY,UEM Edgenta Bhd,industrials,61.1804022787034,100.0,10.0,58.3333333333333,40.0,0.0,0.0,179369888.823529,0.0105,113918518.518519,643642701.525054,0.508446938539827,0.0,7642.8,-38.8195977212966,1.0,8.94151930716532,0.1769903057217913,20.28265431880739,0.0105,0.1769903057217913,0.508446938539827
325,2024,MY,UEM Edgenta Bhd,industrials,67.6043938107091,100.0,9.0,54.5454545454545,33.3333333333333,0.0,0.0,150764427.999105,0.0173,103356535.362578,673747090.42077,0.419080845595646,0.0,17547.78,-32.3956061892909,1.0,9.772682725166257,0.153405538713391,20.32836536169322,0.0173,0.153405538713391,0.419080845595646
327,2022,MY,Eco World Development Group Bhd,real_estate,65.8659487745241,100.0,13.0,53.8461538461538,30.7692307692308,0.0,0.0,431617784.260227,0.01642,595802158.273381,1988939060.51629,0.375932204713292,1.0,5939.0,-34.1340512254759,1.0,8.68929604801586,0.2995577743436354,21.41086719809664,0.01642,0.2995577743436354,0.375932204713292
327,2023,MY,Eco World Development Group Bhd,real_estate,79.4243026328693,100.0,12.0,57.1428571428571,33.3333333333333,0.0,1.0,673548551.20915,0.02069,535143217.135657,1869559638.80722,0.622980387457744,1.0,6919.0,-20.5756973671307,1.0,8.842026529498812,0.2862402493226044,21.34896875281256,0.02069,0.2862402493226044,0.622980387457744
327,2024,MY,Eco World Development Group Bhd,real_estate,72.4315479285453,100.0,11.0,61.5384615384615,36.3636363636364,0.0,1.0,1382852663.62802,0.03406,521554742.857143,2039588800.0,1.07857989574329,1.0,6862.0,-27.5684520714547,1.0,8.833754223418396,0.2557156338851944,21.4360140558574,0.03406,0.2557156338851944,1.07857989574329
328,2023,MY,Formosa Prosonic Industries Bhd,consumer_discretionary,30.2354962662686,100.0,6.0,57.1428571428571,0.0,0.0,0.0,160736673.511983,0.08731,145098.039215686,152379520.697168,1.35267794740817,0.0,19299.0,-69.7645037337314,0.0,9.86780856007911,0.001473925181377779,18.8418848135597,0.08731,0.0009522148288157904,1.35267794740817
330,2022,MY,Frontken Corporation Bhd,industrials,30.7389515753327,100.0,6.0,50.0,16.6666666666667,0.0,0.0,1106106872.5,0.16175,11962765.6818182,183141032.045455,8.82189083481057,0.0,11805.0,-69.26104842466731,0.0,9.376278449519614,0.06531996433682366,19.02576708090949,0.16175,0.06531996433682366,8.82189083481057
330,2023,MY,Frontken Corporation Bhd,industrials,58.559314917823,100.0,5.0,50.0,20.0,0.0,1.0,1115401888.23529,0.13238,7217358.38779957,192902994.553377,7.94834930835225,1.0,12103.0,-41.440685082177,0.0,9.401208634738603,0.03741444452176454,19.07769800161952,0.13238,0.03741444452176454,7.94834930835225
330,2024,MY,Frontken Corporation Bhd,industrials,59.2219267846777,100.0,6.0,50.0,33.3333333333333,0.0,1.0,1586548298.45568,0.146,6441883.6168308,221249630.259624,9.79316253379886,1.0,13725.0,-40.7780732153223,1.0,9.526974266377731,0.02911590681200964,19.21480217070797,0.146,0.02911590681200964,9.79316253379886
331,2021,MY,Kerjaya Prospek Group Bhd,industrials,30.8933337195523,100.0,7.0,55.5555555555556,28.5714285714286,0.0,0.0,354539431.027885,0.06459,8393127.04130644,331915506.003842,1.47235535434749,1.0,7617.0,-69.1066662804477,0.0,8.938137870372788,0.02528693866206205,19.62039099450172,0.06459,0.02528693866206205,1.47235535434749
331,2022,MY,Kerjaya Prospek Group Bhd,industrials,39.3843233527292,100.0,8.0,55.5555555555556,37.5,0.0,0.0,331024332.660995,0.07509,2720549.77272727,322659808.409091,1.31586172746185,0.0,8717.0,-60.6156766472708,1.0,9.073030421011577,0.00843163512103114,19.59210910141635,0.07509,0.00843163512103114,1.31586172746185
331,2023,MY,Kerjaya Prospek Group Bhd,industrials,36.8272522666759,100.0,8.0,50.0,37.5,0.0,0.0,420383614.724889,0.08612,6677704.13943355,356156399.782135,1.66542511812593,0.0,9236.0,-63.1727477333241,1.0,9.130864170474386,0.01874935883089109,19.69088051757195,0.08612,0.01874935883089109,1.66542511812593
331,2024,MY,Kerjaya Prospek Group Bhd,industrials,36.3868686707786,100.0,8.0,50.0,37.5,0.0,0.0,626797037.345569,0.08949,6258309.31065354,497943530.886303,2.45408814537761,0.0,8783.0,-63.6131313292214,1.0,9.080573313917117,0.01256831130934507,20.02599723676502,0.08949,0.01256831130934507,2.45408814537761
332,2018,MY,Gamuda Bhd,industrials,54.0451844578973,100.0,9.0,33.3333333333333,33.3333333333333,0.0,0.0,1260342363.1034,0.05019,1411936992.37017,4093623184.83879,2.26638093959435,1.0,14081.69,-45.9548155421027,1.0,9.55263065091829,0.3449113239341235,22.13269627911871,0.05019,0.3449113239341235,2.26638093959435
332,2019,MY,Gamuda Bhd,industrials,60.8966006104679,100.0,7.0,40.0,42.8571428571429,0.0,0.0,2128297272.91005,0.0415,1246947393.93939,4164949333.33333,2.05069689967927,1.0,10829.98,-39.1033993895321,1.0,9.290073493271263,0.2993907714458129,22.14996994762528,0.0415,0.2993907714458129,2.05069689967927
332,2020,MY,Gamuda Bhd,industrials,58.7118240355711,100.0,7.0,57.1428571428571,42.8571428571429,1.0,0.0,2192180021.24809,0.0291,1293228699.55157,4372797970.26198,1.8885096592858,1.0,6010.22,-41.2881759644289,1.0,8.70121663251652,0.2957439855091432,22.19866890896444,0.0291,0.2957439855091432,1.8885096592858
332,2021,MY,Gamuda Bhd,industrials,74.0138642317963,100.0,7.0,57.1428571428571,42.8571428571429,1.0,1.0,1577757022.13129,0.0318,1241944286.39165,4367821242.29493,1.38444826341535,1.0,16583.0,-25.9861357682037,1.0,9.716133353214099,0.2843395408139712,22.19753015016856,0.0318,0.2843395408139712,1.38444826341535
332,2022,MY,Gamuda Bhd,industrials,76.3373213238234,100.0,7.0,62.5,42.8571428571429,1.0,1.0,2229239515.90909,0.04169,1076994154.67626,4555468974.82014,1.74295524455682,1.0,26575.0,-23.6626786761766,1.0,10.18772620321015,0.2364178442722864,22.23959432060661,0.04169,0.2364178442722864,1.74295524455682
332,2023,MY,Gamuda Bhd,industrials,73.0238835175158,100.0,7.0,62.5,57.1428571428571,1.0,1.0,2724448668.0,0.08324999999999999,1547017972.04349,5292249389.83803,2.12207479638784,1.0,28142.0,-26.9761164824842,1.0,10.2450184013482,0.2923176626963221,22.38950920790847,0.08324999999999999,0.2923176626963221,2.12207479638784
332,2024,MY,Gamuda Bhd,industrials,79.8789738406933,100.0,7.0,57.1428571428571,42.8571428571429,1.0,1.0,6034055405.72068,0.0362,1729987151.56794,5805261324.04181,1.91936630346509,1.0,67923.0,-20.12102615930669,1.0,11.12612998962109,0.2980033206090828,22.48203046814449,0.0362,0.2980033206090828,1.91936630346509
334,2015,MY,Genting Bhd,consumer_discretionary,36.7627698782814,100.0,6.0,57.1428571428571,0.0,0.0,0.0,6008644140.55625,0.0246,4313449883.44988,20846736596.7366,0.784762055893717,0.0,45183.0,-63.2372301217186,0.0,10.71847618887996,0.2069124758896372,23.76046325479885,0.0246,0.2069124758896372,0.784762055893717
334,2016,MY,Genting Bhd,consumer_discretionary,51.9548567489744,100.0,7.0,57.1428571428571,0.0,0.0,0.0,6276316991.46168,0.02454,4005950496.15342,20413973241.164,0.821825191295173,1.0,38192.0,-48.0451432510256,0.0,10.55038134857861,0.1962357081998899,23.73948546611879,0.02454,0.1962357081998899,0.821825191295173
334,2017,MY,Genting Bhd,consumer_discretionary,46.2337771196483,100.0,8.0,62.5,12.5,0.0,0.0,8277931467.25017,0.02432,6720895153.31355,23148516320.4748,0.982746706631099,1.0,3143816.0,-53.7662228803517,0.0,14.9609479066456,0.2903380527834925,23.86519652559651,0.02432,0.2903380527834925,0.982746706631099
334,2019,MY,Genting Bhd,consumer_discretionary,48.6772037780813,100.0,7.0,77.7777777777778,14.2857142857143,0.0,0.0,5516682825.90741,0.02419,8084959647.83566,24948985081.9271,0.632035181277285,1.0,4393100.0,-51.3227962219187,0.0,15.2955456861862,0.3240596609956835,23.94009898023749,0.02419,0.3240596609956835,0.632035181277285
334,2020,MY,Genting Bhd,consumer_discretionary,50.6492085455424,100.0,8.0,62.5,12.5,0.0,0.0,4230103514.86524,-0.0017,9146119402.98508,24786318407.9602,0.510677022104101,1.0,4190000.0,-49.3507914544576,0.0,15.24821129189832,0.3689987053522147,23.93355766078917,-0.0017,0.3689987053522147,0.510677022104101
334,2021,MY,Genting Bhd,consumer_discretionary,69.2600031358991,100.0,8.0,62.5,12.5,0.0,0.0,4348007872.79779,-0.00808,9783525456.29203,24603290105.6676,0.565390565049096,1.0,4477395.0,-30.7399968641009,0.0,15.31455196205577,0.3976511033391548,23.92614601507461,-0.00808,0.3976511033391548,0.565390565049096
334,2022,MY,Genting Bhd,consumer_discretionary,71.1754358905284,100.0,8.0,62.5,12.5,0.0,0.0,3947385118.98182,0.0022,9071522727.27273,23297636363.6364,0.544599832790436,1.0,4186954.0,-28.82456410947159,0.0,15.24748405855449,0.3893752390020052,23.87161774875156,0.0022,0.3893752390020052,0.544599832790436
334,2023,MY,Genting Bhd,consumer_discretionary,71.5490895311901,100.0,8.0,50.0,12.5,0.0,0.0,3902235289.18954,0.0102,8676884531.59041,23275359477.1242,0.528187193143234,1.0,4578307.0,-28.45091046880989,0.0,15.3368398370977,0.3727927184161577,23.87066110476468,0.0102,0.3727927184161577,0.528187193143234
334,2024,MY,Genting Bhd,consumer_discretionary,70.32602866449,77.9220779220779,8.0,55.5555555555556,12.5,0.0,0.0,3349332798.1513,0.008329999999999999,9044359892.56938,23521262309.7583,0.460803712359014,1.0,4556120.0,-7.596049257587907,0.0,15.33198194209611,0.3845184741134039,23.88117062816925,0.008329999999999999,0.3845184741134039,0.460803712359014
335,2022,TH,GFPT PCL,consumer_staples,65.1642457410947,100.0,9.0,33.3333333333333,22.2222222222222,0.0,0.0,463707275.353944,0.0916,139598116.611673,676532251.331696,0.973869088274826,1.0,52165.0,-34.8357542589053,0.0,10.86216705090207,0.2063436241759148,20.33249067824762,0.0916,0.2063436241759148,0.973869088274826
335,2023,TH,GFPT PCL,consumer_staples,68.0389375626921,100.0,9.0,33.3333333333333,22.2222222222222,0.0,0.0,420868111.500292,0.05648,150536769.467831,737494858.013391,0.819006022038772,1.0,49764.0,-31.9610624373079,0.0,10.81504711003438,0.2041190766717151,20.41876967396871,0.05648,0.2041190766717151,0.819006022038772
335,2024,TH,GFPT PCL,consumer_staples,61.6811575116943,100.0,10.0,30.0,30.0,0.0,0.0,350526655.444965,0.07639,139054583.835377,768143885.028897,0.618899731820473,1.0,56235.0,-38.3188424883057,1.0,10.93729461783812,0.1810267406218379,20.45948762386211,0.07639,0.1810267406218379,0.618899731820473
336,2020,ID,Gudang Garam Tbk PT,consumer_staples,24.6815766894616,100.0,4.0,50.0,25.0,0.0,0.0,5618775498.5755,0.09752000000000001,440590669.515669,5569188675.21367,1.34798978196523,0.0,168906.0,-75.3184233105384,0.0,12.03709762614362,0.07911218226032989,22.44051522052999,0.09752000000000001,0.07911218226032989,1.34798978196523
336,2021,ID,Gudang Garam Tbk PT,consumer_staples,25.4662764776119,100.0,4.0,50.0,25.0,0.0,0.0,4127381198.73817,0.06669,708982666.666667,6313289052.63158,0.993065818417045,0.0,145060.0,-74.5337235223881,0.0,11.8849027289174,0.1123000484780814,22.56592262217292,0.06669,0.1123000484780814,0.993065818417045
336,2022,ID,Gudang Garam Tbk PT,consumer_staples,24.7993439790092,100.0,4.0,50.0,25.0,0.0,0.0,2225093735.94603,0.03109,651234757.46868,5689856537.10247,0.598618045797475,0.0,148006.0,-75.2006560209908,0.0,11.90500809246505,0.1144553914887137,22.46195087160378,0.03109,0.1144553914887137,0.598618045797475
336,2023,ID,Gudang Garam Tbk PT,consumer_staples,24.0514513375985,100.0,4.0,50.0,25.0,0.0,0.0,2540246092.8873,0.05879,870140759.987009,6005249951.28288,0.642545308320824,0.0,132042.0,-75.94854866240149,0.0,11.79087533277759,0.1448966765823168,22.5158999154727,0.05879,0.1448966765823168,0.642545308320824
336,2024,ID,Gudang Garam Tbk PT,consumer_staples,23.5019739420258,100.0,4.0,50.0,25.0,0.0,0.0,1583525616.86299,0.0111,582684773.151025,5279010316.96706,0.41252750941869,0.0,108917.0,-76.4980260579742,0.0,11.59834140325744,0.1103776537958717,22.38700447712716,0.0111,0.1103776537958717,0.41252750941869
337,2022,ID,Gajah Tunggal Tbk PT,consumer_discretionary,37.4847345333887,100.0,6.0,50.0,0.0,0.0,0.0,125376678.44523,-0.01868,377171924.188885,1221716158.0469,0.269587930756256,1.0,654083.43,-62.5152654666113,0.0,13.39099019111047,0.3087230382479773,20.92352239415807,-0.01868,0.3087230382479773,0.269587930756256
337,2023,ID,Gajah Tunggal Tbk PT,consumer_discretionary,42.4300433792433,100.0,7.0,50.0,14.2857142857143,0.0,0.0,234281779.798636,0.03461,322944072.750893,1232590971.09451,0.431801339287585,1.0,660039.72,-57.5699566207567,0.0,13.40005529400994,0.2620042498478848,20.93238427137595,0.03461,0.2620042498478848,0.431801339287585
338,2022,MY,George Kent (Malaysia) Bhd,industrials,50.1621669855875,100.0,6.0,50.0,16.6666666666667,0.0,0.0,67208240.7102273,0.09734999999999999,45258276.6439909,183069160.997732,0.495016255258775,1.0,1303.2,-49.8378330144125,0.0,7.172578057287835,0.247219555698688,19.02537456835789,0.09734999999999999,0.247219555698688,0.495016255258775
338,2023,MY,George Kent (Malaysia) Bhd,industrials,49.4109769187725,100.0,6.0,57.1428571428571,33.3333333333333,0.0,0.0,57063205.9313726,0.05400000000000001,43774483.8538909,166434303.864479,0.495231284619258,1.0,2107.6,-50.5890230812275,1.0,7.65330513833513,0.2630135905728591,18.93011121813649,0.05400000000000001,0.2630135905728591,0.495231284619258
338,2024,MY,George Kent (Malaysia) Bhd,industrials,50.185069035851,100.0,6.0,33.3333333333333,33.3333333333333,0.0,0.0,48535942.2616383,0.05112,45805636.9785795,169708229.988726,0.374465035021644,1.0,1036.8,-49.814930964149,1.0,6.94389432559801,0.2699081652175763,18.94959122631032,0.05112,0.2699081652175763,0.374465035021644
339,2014,PH,Globe Telecom Inc,communication_services,50.2539138461048,100.0,11.0,25.0,0.0,0.0,0.0,5306080531.35343,0.08559,1458677162.01117,4011328536.31285,4.35315741691334,1.0,169845.93,-49.7460861538952,0.0,12.04264701098194,0.3636394149236061,22.11238832920892,0.08559,0.3636394149236061,4.35315741691334
339,2015,PH,Globe Telecom Inc,communication_services,50.4944454432872,100.0,11.0,33.3333333333333,0.0,0.0,0.0,5413114260.01169,0.08063000000000001,1540060938.16631,4172276140.72495,4.26809237489354,1.0,243716.79,-49.5055545567128,0.0,12.4037621334239,0.3691176916920744,22.15172756094654,0.08063000000000001,0.3691176916920744,4.26809237489354
339,2016,PH,Globe Telecom Inc,communication_services,55.5233981318988,100.0,13.0,30.7692307692308,7.69230769230769,0.0,0.0,4176624541.40567,0.07189,2133388304.84877,5041730260.90115,3.24967162569988,1.0,253125.8,-44.4766018681012,0.0,12.44164187733177,0.4231460618576314,22.34101516584811,0.07189,0.4231460618576314,3.24967162569988
339,2017,PH,Globe Telecom Inc,communication_services,58.3342066980572,60.5263157894737,11.0,28.5714285714286,9.09090909090909,0.0,0.0,5219463707.97165,0.05135,2631784720.97165,5557882385.89751,3.90192347844679,1.0,290129.0,-2.192109091416498,0.0,12.5780809306424,0.4735229244234284,22.43848300681531,0.05135,0.4735229244234284,3.90192347844679
339,2018,PH,Globe Telecom Inc,communication_services,55.1544260452833,100.0,11.0,27.2727272727273,9.09090909090909,0.0,1.0,4972319209.17272,0.0649,2826031961.12064,5707987592.91024,3.54425804667218,1.0,309990.56,-44.8455739547167,0.0,12.64429712438477,0.4951012795877113,22.46513236292694,0.0649,0.4951012795877113,3.54425804667218
339,2019,PH,Globe Telecom Inc,communication_services,52.3591116961938,100.0,11.0,30.7692307692308,9.09090909090909,0.0,1.0,5470123062.73095,0.07437,2754715735.43929,6007714452.12241,3.39234000186897,1.0,388556.83,-47.6408883038062,0.0,12.87019471865816,0.4585297382877613,22.51631022233641,0.07437,0.4585297382877613,3.39234000186897
339,2020,PH,Globe Telecom Inc,communication_services,54.2166127955014,100.0,11.0,27.2727272727273,9.09090909090909,0.0,1.0,5826389736.84817,0.06347,3526699062.69527,7077272172.46407,3.35339434595297,1.0,474436.73,-45.7833872044986,0.0,13.06988354778323,0.4983133298754273,22.68015438403504,0.06347,0.4983133298754273,3.35339434595297
339,2021,PH,Globe Telecom Inc,communication_services,58.738154970452,100.0,11.0,27.2727272727273,9.09090909090909,1.0,1.0,8991803247.56714,0.0532,4509372720.1412,8991171739.55678,5.30479531471443,1.0,460525.86,-41.261845029548,0.0,13.04012428945258,0.5015333763787599,22.91950901504087,0.0532,0.5015333763787599,5.30479531471443
339,2022,PH,Globe Telecom Inc,communication_services,58.5387699910498,79.7297297297297,11.0,21.4285714285714,9.09090909090909,1.0,1.0,5628171790.681,0.0378,5163216382.25256,9981631471.16939,2.60795925212938,1.0,574078.5,-21.1909597386799,0.0,13.26052142553285,0.5172717904047871,23.02401238797442,0.0378,0.5172717904047871,2.60795925212938
339,2023,PH,Globe Telecom Inc,communication_services,62.5137309909874,100.0,11.0,25.0,9.09090909090909,1.0,1.0,4478825718.20611,0.03241,6114682801.32881,11042611847.3316,1.93657888496587,1.0,571579.22,-37.4862690090126,0.0,13.25615837028325,0.553735192893373,23.12502743018888,0.03241,0.553735192893373,1.93657888496587
339,2024,PH,Globe Telecom Inc,communication_services,61.0349568972191,100.0,11.0,40.0,18.1818181818182,1.0,1.0,5445303748.29039,0.03899,6294644655.27929,10910464270.9553,2.31895082040127,1.0,465898.41,-38.9650431027809,0.0,13.05172288504955,0.5769364620015518,23.11298819051065,0.03899,0.5769364620015518,2.31895082040127
344,2024,MY,Beshom Holdings Bhd,consumer_staples,71.6432626970811,100.0,6.0,77.7777777777778,33.3333333333333,1.0,1.0,56420482.2918532,0.02509,2488404.45269017,83022495.3617811,0.700780221117138,1.0,2174.57,-28.3567373029189,1.0,7.684586222827911,0.02997265309656896,18.23462215749449,0.02509,0.02997265309656896,0.700780221117138
345,2020,TH,Hana Microelectronics PCL,information_technology,37.5136460822304,100.0,6.0,50.0,16.6666666666667,0.0,0.0,1068601692.88577,0.07690000000000001,620478.328894807,838220111.151798,1.48026780385205,0.0,111527.249,-62.4863539177696,0.0,11.62202422567523,0.001473925181377779,20.54679128642892,0.07690000000000001,0.0007402331686389723,1.48026780385205
345,2021,TH,Hana Microelectronics PCL,information_technology,51.359144311134,100.0,6.0,50.0,16.6666666666667,0.0,0.0,2136526068.08638,0.0583,326489.798374962,838187376.527235,3.08923109150199,0.0,102336.613,-48.640855688866,0.0,11.5360227862476,0.001473925181377779,20.54675223312618,0.0583,0.0003895188683557482,3.08923109150199
345,2022,TH,Hana Microelectronics PCL,information_technology,50.9066366951113,100.0,6.0,50.0,16.6666666666667,0.0,0.0,1197667185.49552,0.073,7926125.05056342,858231948.309737,1.73711401474352,0.0,92806.595,-49.0933633048887,0.0,11.43827298305951,0.009235411319951085,20.57038495694337,0.073,0.009235411319951085,1.73711401474352
345,2023,TH,Hana Microelectronics PCL,information_technology,56.9002939138121,100.0,8.0,54.5454545454545,12.5,0.0,0.0,1376117181.69877,0.05416000000000001,38122471.4992722,1027829895.31295,1.61753273911614,0.0,69517.0,-43.0997060861879,0.0,11.14932660595867,0.03709025362379132,20.75071551880201,0.05416000000000001,0.03709025362379132,1.61753273911614
345,2024,TH,Hana Microelectronics PCL,information_technology,54.887990909464,100.0,8.0,50.0,12.5,0.0,0.0,640180225.468384,-0.01868,26050738.5580852,949090846.847636,0.807606080780238,0.0,58493.0,-45.112009090536,0.0,10.97666236794069,0.0274480979819915,20.67101508102054,-0.01868,0.0274480979819915,0.807606080780238
346,2020,MY,Hartalega Holdings Bhd,health_care,40.8576002982836,100.0,8.0,50.0,25.0,0.0,0.0,10073727191.3332,0.3684360000000003,83667551.2665862,1656445838.35947,6.15259031940341,0.0,694932.0,-59.1423997017164,0.0,13.4515692780335,0.05051028492996176,21.22794008273713,0.56859,0.05051028492996176,6.15259031940341
346,2021,MY,Hartalega Holdings Bhd,health_care,50.0115071517752,100.0,9.0,55.5555555555556,33.3333333333333,0.0,0.0,4590303957.31783,0.3684360000000003,58003093.028789,1510206043.3024,3.23641715874483,0.0,645458.0,-49.9884928482248,1.0,13.37771542131153,0.03840740360298942,21.13551193098259,0.4909000000000001,0.03840740360298942,3.23641715874483
346,2022,MY,Hartalega Holdings Bhd,health_care,64.4161050004286,75.9259259259259,8.0,55.5555555555556,37.5,0.0,0.0,1288824583.57691,-0.0374,35010884.3537415,1202929024.94331,1.39937296082961,1.0,810432.0,-11.50982092549729,1.0,13.60532271781028,0.02910469664275616,20.90802527381387,-0.0374,0.02910469664275616,1.39937296082961
346,2023,MY,Hartalega Holdings Bhd,health_care,67.8684989790521,74.3589743589744,8.0,62.5,37.5,0.0,0.0,1962224279.49425,0.0024,15110640.5505558,1113312016.94018,2.0195759798358,1.0,658386.0,-6.490475379922287,1.0,13.39754666444942,0.0135726915012431,20.8306052086227,0.0024,0.0135726915012431,2.0195759798358
346,2024,MY,Hartalega Holdings Bhd,health_care,63.0847662204825,100.0,9.0,55.5555555555556,33.3333333333333,0.0,0.0,3030225404.84557,0.0149,1544983.08906426,1068795490.41714,1.49251469446327,1.0,492635.0,-36.9152337795175,1.0,13.10752381370767,0.001473925181377779,20.78979814144241,0.0149,0.001445536683974283,1.49251469446327
347,2023,MY,Hektar Real Estate Investment Trust,real_estate,40.1251256737502,100.0,4.0,54.5454545454545,50.0,0.0,0.0,82335467.8540305,0.015,122489815.904139,286459576.470588,0.561770698399855,1.0,21863.0,-59.8748743262498,1.0,9.992550989276888,0.4275989562412675,19.47310798982083,0.015,0.4275989562412675,0.561770698399855
347,2024,MY,Hektar Real Estate Investment Trust,real_estate,43.1372867226838,100.0,5.0,71.4285714285714,20.0,0.0,0.0,88105217.0143241,0.0179,133901648.612355,320954260.519248,0.530458941142672,1.0,23819.28,-56.8627132773162,0.0,10.0782506157522,0.4171985391180833,19.5868091803473,0.0179,0.4171985391180833,0.530458941142672
349,2022,MY,Hiap Teck Venture Bhd,materials,30.202050766591,100.0,8.0,50.0,0.0,0.0,0.0,115190769.170455,0.0858,137942221.223022,455957284.172662,0.397033606707456,0.0,6919.97,-69.797949233409,0.0,8.842166713342202,0.3025332109197887,19.93790968803093,0.0858,0.3025332109197887,0.397033606707456
349,2023,MY,Hiap Teck Venture Bhd,materials,32.0589886479358,100.0,8.0,50.0,0.0,0.0,0.0,161826112.5,0.01578,120549145.773242,419881961.393388,0.467296044146218,1.0,9489.0,-67.94101135206421,0.0,9.15788851197376,0.2871024641620633,19.85548418543988,0.01578,0.2871024641620633,0.467296044146218
349,2024,MY,Hiap Teck Venture Bhd,materials,36.0368214577031,100.0,9.0,63.6363636363636,11.1111111111111,0.0,0.0,134951677.5235,0.0533,123882186.41115,456372386.759582,0.541335376820297,1.0,8760.0,-63.9631785422969,0.0,9.077951183930438,0.2714497853184343,19.93881967184224,0.0533,0.2714497853184343,0.541335376820297
350,2023,MY,Hong Leong Industries Bhd,industrials,55.5665761514302,100.0,7.0,57.1428571428571,28.5714285714286,0.0,1.0,627262437.621824,0.1103,1590568.06002144,579375991.425509,1.34571105370979,0.0,117403.0,-44.4334238485698,0.0,11.67336773971233,0.002745312342176922,20.17746220548122,0.1103,0.002745312342176922,1.34571105370979
350,2024,MY,Hong Leong Industries Bhd,industrials,61.2317973413421,100.0,6.0,57.1428571428571,33.3333333333333,0.0,1.0,1049468006.4906,0.1408,1233722.16330859,595399575.821845,1.68656546615179,1.0,92555.0,-38.7682026586579,1.0,11.43555834139378,0.002072091102190747,20.20474329412017,0.1408,0.002072091102190747,1.68656546615179
351,2016,TH,Home Product Center PCL,consumer_discretionary,49.2309362231972,100.0,13.0,33.3333333333333,7.69230769230769,0.0,0.0,3742807473.63281,0.08356,470845043.526786,1443812278.48772,7.66949218173422,1.0,92638.0,-50.7690637768028,0.0,11.43645470362732,0.3261123696911341,21.09055286791889,0.08356,0.3261123696911341,7.66949218173422
351,2017,TH,Home Product Center PCL,consumer_discretionary,55.0607600373535,100.0,12.0,30.7692307692308,8.33333333333333,0.0,0.0,5171592464.51613,0.09516,462758653.794163,1565264098.83257,9.03339126782539,1.0,90438.0,-44.9392399626465,0.0,11.41241981203858,0.2956425399006499,21.17132039994895,0.09516,0.2956425399006499,9.03339126782539
351,2018,TH,Home Product Center PCL,consumer_discretionary,62.0619452243957,100.0,11.0,33.3333333333333,9.09090909090909,0.0,0.0,6143153349.10879,0.10614,533937972.997216,1695371324.68296,10.0380277772635,1.0,92862.0,-37.9380547756043,0.0,11.43886979914081,0.3149386598815243,21.25116762439578,0.10614,0.3149386598815243,10.0380277772635
351,2019,TH,Home Product Center PCL,consumer_discretionary,62.4289432527223,100.0,12.0,33.3333333333333,8.33333333333333,0.0,0.0,7028028336.67335,0.1156,449873346.774194,1748956886.18952,9.95450832883968,1.0,84562.0,-37.5710567472777,0.0,11.34524027210926,0.2572238059877738,21.28228538212989,0.1156,0.2572238059877738,9.95450832883968
351,2020,TH,Home Product Center PCL,consumer_discretionary,69.7660592888029,100.0,12.0,30.7692307692308,8.33333333333333,1.0,0.0,6017749263.27655,0.09300000000000001,599270732.157124,1867202835.35286,8.35471404533292,1.0,84730.0,-30.23394071119711,0.0,11.34722500919251,0.3209457059569402,21.34770733800059,0.09300000000000001,0.3209457059569402,8.35471404533292
351,2021,TH,Home Product Center PCL,consumer_discretionary,66.8857046000865,100.0,12.0,33.3333333333333,8.33333333333333,1.0,0.0,5719627215.43191,0.0949,555836052.60307,1763055881.91393,8.33065929241391,1.0,63015.0,-33.1142953999135,0.0,11.05112807227159,0.3152685393044196,21.29031443691819,0.0949,0.3152685393044196,8.33065929241391
351,2022,TH,Home Product Center PCL,consumer_discretionary,65.7472502120822,100.0,12.0,33.3333333333333,8.33333333333333,1.0,1.0,5889730407.03554,0.10046,616400593.498989,1883407809.1881,8.40734898777535,1.0,64508.0,-34.25274978791779,0.0,11.07454452610041,0.327279408363878,21.35634863735643,0.10046,0.327279408363878,8.40734898777535
351,2023,TH,Home Product Center PCL,consumer_discretionary,65.5829054632245,100.0,12.0,33.3333333333333,8.33333333333333,0.0,1.0,4491214737.08406,0.096,715916704.279476,2010127780.43668,6.02020087984393,1.0,71461.0,-34.41709453677549,0.0,11.1769071253222,0.3561548232142487,21.42146412935332,0.096,0.3561548232142487,6.02020087984393
351,2024,TH,Home Product Center PCL,consumer_discretionary,67.5636153144647,100.0,11.0,40.0,27.2727272727273,1.0,1.0,3618889386.27049,0.09380000000000001,688538672.037361,2033417073.55517,4.61231453044627,1.0,68574.0,-32.4363846855353,0.0,11.13566873312565,0.3386116311266823,21.4329835023252,0.09380000000000001,0.3386116311266823,4.61231453044627
352,2020,ID,Hanjaya Mandala Sampoerna Tbk PT,consumer_staples,75.8519227143881,100.0,7.0,37.5,14.2857142857143,0.0,0.0,12468568784.5085,0.17064,22185897.4358974,3538036324.78632,5.78870539155462,0.0,98160.0,-24.1480772856119,0.0,11.49435407938479,0.006270681078221354,21.98683769967096,0.17064,0.006270681078221354,5.78870539155462
352,2021,ID,Hanjaya Mandala Sampoerna Tbk PT,consumer_staples,71.1880714356018,100.0,4.0,50.0,0.0,0.0,0.0,7868695703.36488,0.1389,29889473.6842105,3725644070.17544,3.84520513361021,0.0,40694.0,-28.8119285643982,0.0,10.61383594041585,0.008022632629746354,22.03850557857671,0.1389,0.008022632629746354,3.84520513361021
352,2022,ID,Hanjaya Mandala Sampoerna Tbk PT,consumer_staples,74.8472978324354,100.0,4.0,50.0,0.0,0.0,0.0,6277364895.34211,0.11724,34131191.7764215,3519883841.9531,3.46846297104085,1.0,5540.0,-25.1527021675646,0.0,8.61974977974133,0.009696681285221876,21.98169382656678,0.11724,0.009696681285221876,3.46846297104085
352,2023,ID,Hanjaya Mandala Sampoerna Tbk PT,consumer_staples,76.0233686751376,100.0,4.0,50.0,0.0,0.0,0.0,6762239611.91945,0.14708,33911010.068204,3593131796.03768,3.48527590093932,1.0,11630.0,-23.9766313248624,0.0,9.36134324551271,0.009437730646451464,22.00229002574033,0.14708,0.009437730646451464,3.48527590093932
352,2024,ID,Hanjaya Mandala Sampoerna Tbk PT,consumer_staples,74.2373739779114,100.0,4.0,50.0,0.0,0.0,0.0,4579167937.47675,0.1213,29422125.543816,3374189310.13052,2.60477029886382,1.0,12590.82,-25.7626260220886,0.0,9.440723255973852,0.008719761352891578,21.93942092801143,0.1213,0.008719761352891578,2.60477029886382
353,2021,TH,Haad Thip PCL,consumer_staples,51.7514471189603,100.0,12.0,41.6666666666667,33.3333333333333,0.0,0.0,1711841091.78164,0.09960000000000001,13293283.2681312,163344301.715318,1.9769307096763,0.0,17431.0,-48.2485528810397,1.0,9.766005509214866,0.08138198350683323,18.91137081150524,0.09960000000000001,0.08138198350683323,1.9769307096763
353,2022,TH,Haad Thip PCL,consumer_staples,47.462768586338,100.0,12.0,41.6666666666667,33.3333333333333,0.0,0.0,1300640046.22941,0.0767,18385417.3938168,170910802.398151,1.49959253821433,1.0,17183.0,-52.537231413662,1.0,9.751675801946746,0.1075731734673297,18.95665235497149,0.0767,0.1075731734673297,1.49959253821433
354,2023,MY,Hap Seng Plantations Holdings Bhd,consumer_staples,22.5880626563882,100.0,12.0,50.0,16.6666666666667,0.0,1.0,299782135.076253,0.0377,14690631.8082789,528768191.721133,0.704407168320746,1.0,279636.85,-77.4119373436118,0.0,12.54124707607957,0.02778274495003397,20.08606069287927,0.0377,0.02778274495003397,0.704407168320746
354,2024,MY,Hap Seng Plantations Holdings Bhd,consumer_staples,24.9015098706586,100.0,10.0,50.0,20.0,0.0,1.0,356311548.791406,0.0815,14246642.7931961,580951432.408236,0.756749730135346,1.0,270003.0,-75.0984901293414,0.0,12.50618834902989,0.02452294976559237,20.18017771822094,0.0815,0.02452294976559237,0.756749730135346
355,2022,MY,Hup Seng Industries Bhd,consumer_staples,40.4285634332129,100.0,9.0,40.0,33.3333333333333,0.0,0.0,127030000.0,0.12419,111795.909090909,48371806.3636364,3.96122772974891,1.0,9639.82,-59.5714365667871,1.0,9.173657715231094,0.002311179124684328,17.69442768881215,0.12419,0.002311179124684328,3.96122772974891
357,2018,PH,International Container Terminal Services Inc,industrials,41.1578554619675,100.0,7.0,28.5714285714286,0.0,0.0,0.0,3679482499.85722,0.04882,2985470224.0,5453474382.0,5.85861188287841,1.0,43310.86,-58.8421445380325,0.0,10.67615869085752,0.5474437055859264,22.41951874378834,0.04882,0.5474437055859264,5.85861188287841
357,2019,PH,International Container Terminal Services Inc,industrials,57.0451402595397,100.0,6.0,28.5714285714286,0.0,1.0,0.0,4945985834.43179,0.07679,3512544465.0,5750877511.0,10.9974886993377,1.0,154220.0,-42.9548597404603,0.0,11.94613543338695,0.6107840861297037,22.47261829072055,0.07679,0.6107840861297037,10.9974886993377
357,2020,PH,International Container Terminal Services Inc,industrials,56.3958397180663,50.0,7.0,42.8571428571429,0.0,1.0,0.0,5131750775.69416,0.0682,3705412294.0,6195324052.0,11.8376156367692,1.0,144282.0,6.395839718066298,0.0,11.87952499685653,0.5980982209968183,22.54706065929546,0.0682,0.5980982209968183,11.8376156367692
357,2021,PH,International Container Terminal Services Inc,industrials,53.7930479628546,100.0,7.0,42.8571428571429,0.0,1.0,0.0,7880670706.08222,0.06878999999999999,4156270107.0,6266459777.0,14.9757899190452,1.0,285268.0,-46.2069520371454,0.0,12.56118436827507,0.6632564884968861,22.55847740326071,0.06878999999999999,0.6632564884968861,14.9757899190452
357,2022,PH,International Container Terminal Services Inc,industrials,56.727868869413,100.0,7.0,55.5555555555556,0.0,0.0,0.0,7187054888.15135,0.09289,4578982319.0,7053619704.0,8.52342460971295,1.0,276000.0,-43.272131130587,0.0,12.52815614469929,0.6491677338946029,22.67680675520036,0.09289,0.6491677338946029,8.52342460971295
357,2023,PH,International Container Terminal Services Inc,industrials,60.371001086104,100.0,7.0,42.8571428571429,0.0,0.0,0.0,9006932559.91803,0.0716,4541905620.0,7244858924.0,8.92356034813849,1.0,300737.0,-39.628998913896,0.0,12.61399140763253,0.626914294349343,22.70355794034176,0.0716,0.626914294349343,8.92356034813849
357,2024,PH,International Container Terminal Services Inc,industrials,60.8144048243699,66.6666666666667,8.0,37.5,0.0,0.0,0.0,13512900952.5109,0.1141,4921033794.0,7649351924.0,10.5735466986552,1.0,231963.0,-5.852261842296798,0.0,12.3543331551711,0.6433268913357424,22.75788676537928,0.1141,0.6433268913357424,10.5735466986552
359,2017,MY,IJM Corporation Bhd,industrials,54.5736463903266,100.0,9.0,55.5555555555556,0.0,0.0,0.0,2453213632.46457,0.0164,1531324443.29363,5498002848.26515,0.936137409386476,1.0,21900.0,-45.4263536096734,0.0,9.994241915804592,0.2785237631837217,22.42765074474411,0.0164,0.2785237631837217,0.936137409386476
359,2018,MY,IJM Corporation Bhd,industrials,53.5927714448798,100.0,11.0,72.7272727272727,18.1818181818182,0.0,0.0,1278377382.14584,0.0189,1632877205.88235,5638719117.64706,0.759410452286147,1.0,22026.0,-46.4072285551202,0.0,9.999978852724889,0.2895830013543433,22.45292276986356,0.0189,0.2895830013543433,0.759410452286147
359,2019,MY,IJM Corporation Bhd,industrials,57.9376105607902,100.0,12.0,66.6666666666667,16.6666666666667,0.0,0.0,1731277113.70505,0.0108,1618097611.87109,5437808254.11547,0.540829765023531,1.0,19334.0,-42.0623894392098,0.0,9.869620483024551,0.2975643009564511,22.41664192216641,0.0108,0.2975643009564511,0.540829765023531
359,2020,MY,IJM Corporation Bhd,industrials,59.2386677200916,100.0,10.0,66.6666666666667,20.0,0.0,0.0,1404631404.792,0.0184,1653945958.98673,5666211338.96261,0.551673794164777,1.0,16797.0,-40.7613322799084,0.0,9.728955578017002,0.2918962707256769,22.45778653715835,0.0184,0.2918962707256769,0.551673794164777
359,2021,MY,IJM Corporation Bhd,industrials,59.9594987230445,100.0,12.0,58.3333333333333,16.6666666666667,0.0,0.0,1304015932.07092,0.03569,1323138948.37021,4999297644.53961,0.583935384241902,1.0,13963.0,-40.0405012769555,0.0,9.544166252942194,0.2646649674510546,22.33256326842145,0.03569,0.2646649674510546,0.583935384241902
359,2022,MY,IJM Corporation Bhd,industrials,66.0332439190277,100.0,11.0,66.6666666666667,18.1818181818182,0.0,0.0,1299764592.2855,0.0076,1232583219.95465,4650928571.42857,0.561710018398492,1.0,67307.0,-33.9667560809723,0.0,11.11701952211103,0.2650187378766929,22.26033272939006,0.0076,0.2650187378766929,0.561710018398492
359,2023,MY,IJM Corporation Bhd,industrials,64.4728415522669,100.0,11.0,58.3333333333333,27.2727272727273,1.0,0.0,1483268061.17878,0.0287,1188818210.69349,4513567601.90577,0.831190338062838,1.0,93883.3,-35.5271584477331,0.0,11.44980780060409,0.263387704704264,22.23035372030291,0.0287,0.263387704704264,0.831190338062838
359,2024,MY,IJM Corporation Bhd,industrials,65.7064441756623,100.0,11.0,63.6363636363636,27.2727272727273,1.0,0.0,2472124875.82062,0.02149,1331707553.5513,4908530101.46562,0.716500763458616,1.0,72249.7,-34.2935558243377,0.0,11.18788345371692,0.2713047543812903,22.31424036559626,0.02149,0.2713047543812903,0.716500763458616
360,2023,TH,Interlink Communication PCL,information_technology,42.2673986000437,100.0,12.0,33.3333333333333,66.6666666666667,0.0,0.0,112661690.236427,0.04317,138433667.743814,379403945.094614,0.945361927176653,1.0,2969.68,-57.7326013999563,1.0,7.996209481884188,0.3648714504254615,19.75411201365734,0.04317,0.3648714504254615,0.945361927176653
361,2014,ID,Vale Indonesia Tbk PT,materials,49.7764589403875,100.0,10.0,16.6666666666667,10.0,0.0,0.0,2935774984.61842,0.07465,182596000.0,2334190000.0,1.62963738043344,1.0,37526467.4,-50.2235410596125,0.0,17.44055703931617,0.07822670819427724,21.57093077281031,0.07465,0.07822670819427724,1.62963738043344
361,2015,ID,Vale Indonesia Tbk PT,materials,53.3705435413487,100.0,11.0,16.6666666666667,9.09090909090909,0.0,0.0,1195854095.04324,0.02185,146077000.0,2289161000.0,0.642613059335884,1.0,34396098.0,-46.6294564586513,0.0,17.35345368567737,0.06381246229513783,21.55145121183479,0.02185,0.06381246229513783,0.642613059335884
361,2016,ID,Vale Indonesia Tbk PT,materials,64.3408860111771,100.0,10.0,15.3846153846154,20.0,0.0,0.0,2110042331.77554,0.00084,109557000.0,2225492000.0,1.13388872469625,1.0,859406.0,-35.6591139888229,0.0,13.66399673191374,0.04922821560356092,21.5232438517159,0.00084,0.04922821560356092,1.13388872469625
361,2017,ID,Vale Indonesia Tbk PT,materials,57.3583343118526,100.0,10.0,27.2727272727273,20.0,0.0,0.0,2147275160.68046,-0.00693,73038000.0,2184559000.0,1.1635510458084,1.0,944094.0,-42.6416656881474,0.0,13.75798101644144,0.03343375024432849,21.5046798144598,-0.00693,0.03343375024432849,1.1635510458084
361,2018,ID,Vale Indonesia Tbk PT,materials,85.1551614459058,100.0,10.0,33.3333333333333,20.0,0.0,1.0,2257433917.35905,0.02759,36519000.0,2202452000.0,1.19624323106874,1.0,2024196.0,-14.8448385540942,0.0,14.52068314264567,0.01658106510380249,21.51283712212056,0.02759,0.01658106510380249,1.19624323106874
361,2019,ID,Vale Indonesia Tbk PT,materials,82.8294082480114,100.0,6.0,30.0,0.0,0.0,1.0,2635553302.58061,0.02589,1120000.0,2222688000.0,1.34202022799504,1.0,2082580.0,-17.1705917519886,0.0,14.54911806765143,0.001473925181377779,21.52198311120117,0.02589,0.0005038943837371687,1.34202022799504
361,2020,ID,Vale Indonesia Tbk PT,materials,83.2309427576925,100.0,5.0,25.0,0.0,0.0,1.0,3661109546.83641,0.036,2464000.0,2314658000.0,1.78647995172846,1.0,1909279.0,-16.7690572423075,0.0,14.4622362418457,0.001473925181377779,21.56252778138971,0.036,0.00106452011485066,1.78647995172846
361,2021,ID,Vale Indonesia Tbk PT,materials,82.0662851133933,100.0,10.0,30.0,10.0,0.0,1.0,3306615770.33998,0.06929,6017000.0,2472828000.0,1.51468413626003,1.0,2157208.0,-17.93371488660669,0.0,14.58432535094937,0.002433246469224709,21.62862827191445,0.06929,0.002433246469224709,1.51468413626003
361,2022,ID,Vale Indonesia Tbk PT,materials,82.8643642309739,100.0,10.0,27.2727272727273,10.0,0.0,0.0,4597469738.75324,0.0781,6473000.0,2658116000.0,1.92481253736238,1.0,1971075.0,-17.13563576902609,0.0,14.49408963716129,0.002435183415622193,21.70088343812115,0.0781,0.002435183415622193,1.92481253736238
361,2023,ID,Vale Indonesia Tbk PT,materials,88.9276250908017,100.0,10.0,15.7894736842105,30.0,0.0,0.0,2821676573.65179,0.0983,10712000.0,2925999000.0,1.08471667628359,1.0,1748552.0,-11.0723749091983,1.0,14.3742985748203,0.003660971859525584,21.79690179778079,0.0983,0.003660971859525584,1.08471667628359
361,2024,ID,Vale Indonesia Tbk PT,materials,87.125759272909,100.0,10.0,30.0,30.0,0.0,0.0,2365407316.37198,0.0185,9759000.0,3176528000.0,0.867721231884115,1.0,2032313.0,-12.87424072709101,1.0,14.52468511125134,0.003072222250205256,21.87905461336521,0.0185,0.003072222250205256,0.867721231884115
362,2023,ID,Indofood Sukses Makmur Tbk PT,consumer_staples,67.3805939884919,100.0,7.0,37.5,0.0,0.0,0.0,3678710680.41572,0.0444,4201618187.72329,12120036180.5781,0.956764118849635,1.0,2007800.0,-32.6194060115081,0.0,14.51255015323956,0.3466671324344909,23.21812580277934,0.0444,0.3466671324344909,0.956764118849635
362,2024,ID,Indofood Sukses Makmur Tbk PT,consumer_staples,67.1469984358078,76.7605633802817,8.0,37.5,0.0,0.0,0.0,4191524119.65282,0.0445,4413713548.78807,12536563890.6153,1.03832968426949,1.0,2015100.0,-9.613564944473893,0.0,14.51617937992306,0.3520672480353341,23.25191532269041,0.0445,0.3520672480353341,1.03832968426949
363,2020,ID,Indah Kiat Pulp & Paper Tbk PT,materials,31.5923606721683,100.0,7.0,42.8571428571429,0.0,0.0,0.0,4062321735.03739,0.0346,3660380000.0,8496277000.0,0.954468219815135,0.0,5997039.0,-68.4076393278317,0.0,15.60677640538113,0.4308216410552528,22.86289390449266,0.0346,0.4308216410552528,0.954468219815135
363,2023,ID,Indah Kiat Pulp & Paper Tbk PT,materials,42.0160448574063,100.0,8.0,37.5,0.0,0.0,0.0,2958488664.10036,0.04163,3456098000.0,10125138000.0,0.493115304600975,0.0,6487724.0,-57.9839551425937,0.0,15.68542233379855,0.3413383600302534,23.03828707947576,0.04163,0.3413383600302534,0.493115304600975
364,2015,ID,Indocement Tunggal Prakarsa Tbk PT,materials,54.9661960556001,100.0,7.0,42.8571428571429,0.0,0.0,0.0,5963969352.69775,0.151,8794704.38882844,2004959013.42038,3.44354604280052,1.0,15175626.84,-45.0338039443999,0.0,16.53520120147022,0.004386475897991064,21.41888945531165,0.151,0.004386475897991064,3.44354604280052
364,2016,ID,Indocement Tunggal Prakarsa Tbk PT,materials,59.3698142595421,100.0,7.0,50.0,0.0,0.0,0.0,4208683605.38975,0.13395,7957238.30734967,2238350408.31477,2.16885161305058,1.0,14371858.56,-40.6301857404579,0.0,16.48078258580892,0.003554956488399235,21.52900500665989,0.13395,0.003554956488399235,2.16885161305058
364,2017,ID,Indocement Tunggal Prakarsa Tbk PT,materials,55.6301379895264,100.0,7.0,37.5,0.0,0.0,0.0,5956729509.25544,0.06303,7960855.14190933,2127805086.61998,3.29049387166709,1.0,12035119.0,-44.3698620104736,0.0,16.30333951697759,0.00374134604337992,21.4783568095973,0.06303,0.00374134604337992,3.29049387166709
364,2018,ID,Indocement Tunggal Prakarsa Tbk PT,materials,50.597520994763,100.0,7.0,50.0,0.0,0.0,0.0,4666350040.98592,0.0405,8078747.82608696,1933117356.52174,2.92480953161948,1.0,12783265.0,-49.402479005237,0.0,16.36364745159319,0.004179129528185013,21.38239974744648,0.0405,0.004179129528185013,2.92480953161948
364,2019,ID,Indocement Tunggal Prakarsa Tbk PT,materials,43.12006208671,100.0,7.0,37.5,0.0,0.0,0.0,5031281111.60022,0.0661,7945461.09510086,1996235518.73199,3.03442985646804,1.0,12974481.0,-56.87993791329,0.0,16.3784949862162,0.003980222283665117,21.41452900323149,0.0661,0.003980222283665117,3.03442985646804
364,2020,ID,Indocement Tunggal Prakarsa Tbk PT,materials,52.087145375727,100.0,7.0,28.5714285714286,0.0,0.0,0.0,3795286954.63141,0.06559,35663176.6381766,1947626210.82621,2.40283337573719,1.0,12567089.0,-47.912854624273,0.0,16.34659197061247,0.01831109914209246,21.38987714019531,0.06559,0.01831109914209246,2.40283337573719
364,2021,ID,Indocement Tunggal Prakarsa Tbk PT,materials,61.904839553482,100.0,6.0,28.5714285714286,0.0,0.0,0.0,3122530918.88538,0.06689,19351859.6491228,1834113263.15789,2.08296344913361,1.0,11509536.0,-38.095160446518,0.0,16.25868646711398,0.01055107121127497,21.32982696632082,0.06689,0.01055107121127497,2.08296344913361
364,2022,ID,Indocement Tunggal Prakarsa Tbk PT,materials,65.3706880876425,100.0,7.0,42.8571428571429,0.0,0.0,0.0,2341419455.19435,0.0711,63442081.5933184,1651536716.99325,1.73597331382386,1.0,12070000.0,-34.62931191235749,0.0,16.30623359307371,0.03841396981401637,21.22497203505979,0.0711,0.03841396981401637,1.73597331382386
364,2023,ID,Indocement Tunggal Prakarsa Tbk PT,materials,66.3987188223384,100.0,7.0,37.5,0.0,0.0,0.0,2247715360.22085,0.07046000000000001,182192984.735304,1925926924.32608,1.53804683144972,1.0,11190000.0,-33.6012811776616,0.0,16.23053108028811,0.09460015457183399,21.37867320792346,0.07046000000000001,0.09460015457183399,1.53804683144972
364,2024,ID,Indocement Tunggal Prakarsa Tbk PT,materials,63.5227586676693,100.0,7.0,37.5,0.0,0.0,0.0,1688847772.63484,0.06689,151568924.798011,1890615661.9018,1.12098283931474,1.0,12500000.0,-36.4772413323307,0.0,16.34123920227253,0.08016908346434909,21.3601683600119,0.06689,0.08016908346434909,1.12098283931474
365,2019,MY,IOI Corporation Bhd,consumer_staples,43.8498750800647,100.0,9.0,44.4444444444444,11.1111111111111,0.0,0.0,7085402009.52556,0.04415,1187820823.24455,3995205811.13801,2.87213826172631,1.0,362216.0,-56.1501249199353,0.0,12.79999599794502,0.2973115477388151,22.10836093201866,0.04415,0.2973115477388151,2.87213826172631
365,2020,MY,IOI Corporation Bhd,consumer_staples,48.3691430307649,100.0,7.0,44.4444444444444,14.2857142857143,0.0,0.0,6832417812.97264,0.0487,1161489957.96357,3907426436.24475,2.92571098279942,1.0,197590760.0,-51.6308569692351,0.0,19.1017085810511,0.2972519065719956,22.08614479378576,0.0487,0.2972519065719956,2.92571098279942
365,2021,MY,IOI Corporation Bhd,consumer_staples,52.0109232260563,100.0,6.0,66.6666666666667,16.6666666666667,0.0,0.0,5630113412.90826,0.0796,1196072289.15663,4254385542.16867,2.34827084306475,1.0,3064796.57,-47.9890767739437,0.0,14.93549175320846,0.281138669098366,22.17121618012285,0.0796,0.281138669098366,2.34827084306475
365,2022,MY,IOI Corporation Bhd,consumer_staples,53.8788071576043,100.0,6.0,66.6666666666667,16.6666666666667,0.0,0.0,5785239984.03409,0.09369,1145665002.26963,4350385837.49433,2.18005010926835,1.0,2969615.74,-46.1211928423957,0.0,14.90394312193713,0.2633479063846652,22.1935303763881,0.09369,0.2633479063846652,2.18005010926835
365,2023,MY,IOI Corporation Bhd,consumer_staples,53.474758166463,100.0,9.0,66.6666666666667,33.3333333333333,0.0,0.0,5381444891.14379,0.06059,818928188.6388,3768896034.29796,2.04220274917482,1.0,2611765.73,-46.525241833537,1.0,14.77553707546328,0.2172859588554141,22.05004796642483,0.06059,0.2172859588554141,2.04220274917482
365,2024,MY,IOI Corporation Bhd,consumer_staples,52.7284511023379,100.0,8.0,55.5555555555556,37.5,0.0,0.0,5458051052.05909,0.06246,798451749.734889,3805344644.7508,1.96544791254945,1.0,2798330.38,-47.2715488976621,1.0,14.844533504435,0.2098237674309726,22.05967240096527,0.06246,0.2098237674309726,1.96544791254945
366,2023,TH,Inoue Rubber Thailand PCL,consumer_discretionary,48.1086133701525,100.0,11.0,36.3636363636364,36.3636363636364,0.0,0.0,77421665.4991243,0.031,16789.8657901945,137838888.7702,0.645955757096061,0.0,31159.0,-51.8913866298475,1.0,10.34685840704352,0.001473925181377779,18.74159608841466,0.031,0.0001218079015290522,0.645955757096061
367,2014,TH,IRPC PCL,energy,42.9817890052264,100.0,17.0,37.5,0.0,0.0,0.0,1903480148.94247,-0.03217,1847752415.86626,4948279305.41034,0.920728380810622,1.0,3394000.0,-57.0182109947736,0.0,15.03751972477631,0.3734131203640765,22.32230573802627,-0.03217,0.3734131203640765,0.920728380810622
367,2015,TH,IRPC PCL,energy,52.8574263512734,100.0,15.0,52.1739130434783,0.0,0.0,0.0,2435365930.09424,0.05768,1491587490.94947,4530085356.74625,1.157789238822,1.0,3125000.0,-47.1425736487266,0.0,14.95494484115264,0.3292625576531759,22.23400661881267,0.05768,0.3292625576531759,1.157789238822
367,2016,TH,IRPC PCL,energy,59.7395243883559,100.0,15.0,31.8181818181818,0.0,0.0,0.0,2736752577.58929,0.05794,1746276265.17857,4809649870.3683,1.21071430437627,1.0,3293000.0,-40.2604756116441,0.0,15.0073095613585,0.363077627736933,22.29389012639139,0.05794,0.363077627736933,1.21071430437627
367,2017,TH,IRPC PCL,energy,66.0861949624722,100.0,16.0,55.0,6.25,0.0,0.0,4425888039.45622,0.06362,1805513414.6851,5669549289.76959,1.64427199713907,1.0,3749000.0,-33.91380503752779,0.0,15.13699969571805,0.3184580153387247,22.45837546118609,0.06362,0.3184580153387247,1.64427199713907
367,2018,TH,IRPC PCL,energy,68.1513316674879,100.0,17.0,52.9411764705882,11.7647058823529,0.0,0.0,3610876172.8488,0.04215,1774369409.46489,5643231181.13208,1.34455406240489,1.0,3977000.0,-31.8486683325121,0.0,15.19603832418983,0.3144243701015517,22.45372264286532,0.04215,0.3144243701015517,1.34455406240489
367,2019,TH,IRPC PCL,energy,68.486460110127,100.0,14.0,45.0,7.14285714285714,0.0,0.0,2511645384.94589,-0.006520000000000001,1981564437.90323,5976155540.86021,0.902171831554905,1.0,4184000.0,-31.513539889873,0.0,15.2467782847269,0.3315784578153739,22.51104331202527,-0.006520000000000001,0.3315784578153739,0.902171831554905
367,2020,TH,IRPC PCL,energy,83.7299791714719,100.0,15.0,57.1428571428571,6.66666666666667,0.0,0.0,2538945878.26052,-0.035,2067915392.80959,5775317987.25033,1.00530934854223,1.0,4125000.0,-16.2700208285281,0.0,15.23257657775092,0.3580608716913507,22.4768591545657,-0.035,0.3580608716913507,1.00530934854223
367,2021,TH,IRPC PCL,energy,77.805663635547,100.0,15.0,52.9411764705882,6.66666666666667,1.0,1.0,2353574382.26275,0.07969,1845717077.61059,5732526543.57508,0.895778589775708,1.0,4180000.0,-22.19433636445299,0.0,15.24582180450094,0.3219727049810592,22.46942220305196,0.07969,0.3219727049810592,0.895778589775708
367,2022,TH,IRPC PCL,energy,79.8535567357202,100.0,14.0,52.6315789473684,14.2857142857143,1.0,1.0,1783066920.62756,-0.0225,2077124180.93037,5726285960.99393,0.775811352777813,1.0,4400000.0,-20.1464432642798,0.0,15.29711509888849,0.3627349725597422,22.46833298317064,-0.0225,0.3627349725597422,0.775811352777813
367,2023,TH,IRPC PCL,energy,75.5733287837601,100.0,15.0,57.8947368421053,13.3333333333333,1.0,1.0,1204831490.86165,-0.01496,2075870623.377,5608767177.17613,0.543131540949733,1.0,3700000.0,-24.4266712162399,0.0,15.12384337761445,0.3701117478764999,22.4475967778174,-0.01496,0.3701117478764999,0.543131540949733
367,2024,TH,IRPC PCL,energy,78.7871739533206,100.0,15.0,52.6315789473684,20.0,1.0,1.0,735782660.204332,-0.0275,2101736564.24402,5386900011.20841,0.358817349390456,1.0,3550000.0,-21.2128260466794,0.0,15.0824581614516,0.390156965949058,22.40723591934547,-0.0275,0.390156965949058,0.358817349390456
368,2024,ID,Indosat Tbk PT,communication_services,47.5790751896511,100.0,15.0,29.4117647058824,0.0,0.0,0.0,4958587177.51767,0.0429,3409959975.13984,7109179490.36669,2.38763454841691,1.0,1059437.1,-52.4209248103489,0.0,13.87324828730192,0.4796559124383502,22.68465267190344,0.0429,0.4796559124383502,2.38763454841691
369,2019,ID,Indo Tambangraya Megah Tbk PT,energy,79.246808060203,100.0,6.0,33.3333333333333,16.6666666666667,0.0,0.0,931457570.043104,0.09759000000000001,10616000.0,1209041000.0,1.01885834011399,1.0,2383317.0,-20.75319193979701,0.0,14.68400377283174,0.00878051281966451,20.91309332032829,0.09759000000000001,0.00878051281966451,1.01885834011399
369,2020,ID,Indo Tambangraya Megah Tbk PT,energy,78.2575402622927,100.0,6.0,50.0,16.6666666666667,0.0,0.0,1114633992.16524,0.03334,64748000.0,1158629000.0,1.2664452362444,1.0,1955277.0,-21.74245973770731,0.0,14.48604242934435,0.05588328964664271,20.87050324652242,0.03334,0.05588328964664271,1.2664452362444
369,2023,ID,Indo Tambangraya Megah Tbk PT,energy,84.1908982934422,100.0,8.0,37.5,25.0,0.0,0.0,1882596703.47515,0.2073,53872000.0,2187847000.0,1.05315440798709,1.0,780306.0,-15.8091017065578,0.0,13.56744142942554,0.02462329404204225,21.50618379218729,0.2073,0.02462329404204225,1.05315440798709
369,2024,ID,Indo Tambangraya Megah Tbk PT,energy,84.809547020781,100.0,8.0,37.5,25.0,0.0,0.0,1870365623.06262,0.16289,72393000.0,2406544000.0,0.972484556929289,1.0,918247.0,-15.190452979219,0.0,13.73022169659245,0.03008172715728447,21.60145753035496,0.16289,0.03008172715728447,0.972484556929289
370,2023,TH,Jasmine International PCL,communication_services,40.764594366086,100.0,8.0,44.4444444444444,12.5,0.0,0.0,526705013.108581,0.3562,32248124.7161572,676517843.085881,1.19114101818247,0.0,182.0,-59.235405633914,0.0,5.204006687076795,0.04766781104997912,20.33246938081617,0.3562,0.04766781104997912,1.19114101818247
370,2024,TH,Jasmine International PCL,communication_services,31.5340161047345,100.0,7.0,35.7142857142857,14.2857142857143,0.0,0.0,538308735.127049,-0.00468,31222185.7267951,415632174.343257,1.98065287805013,0.0,307.0,-68.4659838952655,0.0,5.726847747587197,0.07511975167978627,19.84531123080318,-0.00468,0.07511975167978627,1.98065287805013
371,2020,PH,Jollibee Foods Corp,consumer_discretionary,48.4365033846085,100.0,9.0,22.2222222222222,0.0,0.0,0.0,4502763479.88338,-0.05816,2142186919.39179,4390962924.39075,5.56845077822459,0.0,343000.0,-51.5634966153915,0.0,12.74548572614808,0.4878626752898444,22.20281438494463,-0.05816,0.4878626752898444,5.56845077822459
371,2021,PH,Jollibee Foods Corp,consumer_discretionary,46.9806060180574,100.0,9.0,30.0,0.0,0.0,0.0,4945973785.61287,0.02839,1892135771.71995,4134893645.81291,5.49499606129131,0.0,208194.3,-53.0193939819426,0.0,12.24622705726662,0.4576020410188714,22.14272744461073,0.02839,0.4576020410188714,5.49499606129131
371,2022,PH,Jollibee Foods Corp,consumer_discretionary,45.7256993386994,100.0,9.0,36.3636363636364,11.1111111111111,0.0,0.0,4808680004.83871,0.032,1833524663.19382,4192611909.4665,5.19916927720727,0.0,226980.0,-54.2743006613006,0.0,12.33261718685513,0.4373227722446488,22.15658974408214,0.032,0.4373227722446488,5.19916927720727
371,2023,PH,Jollibee Foods Corp,consumer_discretionary,49.3743450329481,100.0,9.0,33.3333333333333,11.1111111111111,0.0,0.0,5287701222.09143,0.0367,1862823752.43735,4408431718.06167,5.10847351668452,1.0,486860.05,-50.6256549670519,0.0,13.09573198910233,0.4225592844741642,22.20678484367041,0.0367,0.4225592844741642,5.10847351668452
371,2024,PH,Jollibee Foods Corp,consumer_discretionary,58.108977396036,54.6153846153846,9.0,33.3333333333333,11.1111111111111,0.0,0.0,5370153247.68598,0.0406,1882512638.61147,4538034540.94635,4.76991372220977,1.0,2063289.3,3.493592780651404,0.0,14.53981201489258,0.4148299493152151,22.23575983476614,0.0406,0.4148299493152151,4.76991372220977
372,2020,PH,JG Summit Holdings Inc,industrials,45.0810240458428,100.0,10.0,27.2727272727273,20.0,0.0,0.0,11214128069.8209,0.00047,7121939802.02041,20820839873.443,1.74678911374192,1.0,2979600.44,-54.9189759541572,0.0,14.90729976895508,0.3420582380590924,23.75922023906231,0.00047,0.3420582380590924,1.74678911374192
372,2021,PH,JG Summit Holdings Inc,industrials,41.8115109051047,100.0,10.0,30.0,20.0,0.0,0.0,7817457028.31928,0.0051,6550344710.96293,20073242848.8527,1.18893975014782,1.0,1655909.74,-58.1884890948953,0.0,14.31986110761098,0.3263221971798801,23.72265356362592,0.0051,0.3263221971798801,1.18893975014782
372,2022,PH,JG Summit Holdings Inc,industrials,43.3711617447326,100.0,9.0,36.3636363636364,11.1111111111111,0.0,0.0,6779668064.46953,0.0025,6839746050.31435,19277919726.0284,1.1826111833669,1.0,1769053.0,-56.6288382552674,0.0,14.38595493312274,0.3547968944532721,23.68222622227983,0.0025,0.3547968944532721,1.1826111833669
372,2023,PH,JG Summit Holdings Inc,industrials,42.8092813727231,100.0,9.0,44.4444444444444,11.1111111111111,0.0,0.0,5180283212.11634,0.01834,6989048196.91991,20081191267.6753,0.854297453911187,0.0,2506130.0,-57.1907186272769,0.0,14.73425028859147,0.3480395213490239,23.72304945608967,0.01834,0.3480395213490239,0.854297453911187
372,2024,PH,JG Summit Holdings Inc,industrials,41.1128528515649,100.0,9.0,44.4444444444444,11.1111111111111,0.0,0.0,2668995893.00097,0.0198,7437120188.85598,17950587115.5038,0.424139870314633,1.0,2474368.0,-58.8871471484351,0.0,14.72149556784131,0.4143106930710133,23.6108886597304,0.0198,0.4143106930710133,0.424139870314633
374,2022,MY,Able Global Bhd,consumer_staples,22.8993814271079,100.0,7.0,57.1428571428571,28.5714285714286,0.0,0.0,95258143.4318182,0.0529,58025385.4545455,163775656.136364,1.03449338458403,0.0,15071.0,-77.1006185728921,0.0,9.620527646419676,0.3542979880125285,18.91400809890216,0.0529,0.3542979880125285,1.03449338458403
374,2023,MY,Able Global Bhd,consumer_staples,24.7556861408589,100.0,6.0,57.1428571428571,33.3333333333333,0.0,0.0,101461106.535948,0.06813,59361367.1023965,174852332.897603,1.04703291955247,1.0,16696.0,-75.2443138591411,1.0,9.722924448757036,0.3394942813668931,18.97945236366434,0.06813,0.3394942813668931,1.04703291955247
375,2022,ID,Japfa Comfeed Indonesia Tbk PT,consumer_staples,62.8246845277789,100.0,3.0,57.1428571428571,0.0,0.0,0.0,975645029.572438,0.04629,826640539.672342,2100281850.30517,1.18043980608752,1.0,579771.0,-37.1753154722211,0.0,13.27038847697146,0.3935855273673062,21.46533738710087,0.04629,0.3935855273673062,1.18043980608752
375,2023,ID,Japfa Comfeed Indonesia Tbk PT,consumer_staples,55.779963482143,100.0,4.0,50.0,0.0,0.0,0.0,898821613.327704,0.0278,834406625.527769,2215617473.20559,1.03737703058098,1.0,592998.0,-44.220036517857,0.0,13.29294630529289,0.3766022951247701,21.51879697053624,0.0278,0.3766022951247701,1.03737703058098
375,2024,ID,Japfa Comfeed Indonesia Tbk PT,consumer_staples,54.2404204473783,100.0,4.0,50.0,0.0,0.0,0.0,1410387841.90577,0.08778999999999999,667720571.783717,2154523492.8527,1.45751216158882,1.0,641873.0,-45.7595795526217,0.0,13.37214574378864,0.3099156607012071,21.49083541904644,0.08778999999999999,0.3099156607012071,1.45751216158882
376,2021,ID,Jasa Marga (Persero) Tbk PT,industrials,71.4591764600215,100.0,5.0,55.5555555555556,20.0,0.0,0.0,1979188150.57834,0.0157,4452330877.19298,7104763789.47369,1.37015059305243,1.0,558.783,-28.5408235399785,0.0,6.325761204586466,0.6266683888617782,22.68403135226706,0.0157,0.6266683888617782,1.37015059305243
376,2022,ID,Jasa Marga (Persero) Tbk PT,industrials,68.1589986307168,100.0,6.0,33.3333333333333,16.6666666666667,0.0,0.0,1389557094.50691,0.02859,3399631031.15965,5855392354.64183,0.99096717630207,1.0,16617.65,-31.84100136928321,0.0,9.718220662503551,0.5805983314618722,22.49062884364531,0.02859,0.5805983314618722,0.99096717630207
376,2023,ID,Jasa Marga (Persero) Tbk PT,industrials,64.1232977334095,100.0,6.0,33.3333333333333,16.6666666666667,0.0,0.0,2295929376.03118,0.0243,4566630919.12959,8399609548.55473,1.26726467137566,1.0,28513.1,-35.8767022665905,0.0,10.25811890977325,0.5436718091158586,22.85145105940043,0.0243,0.5436718091158586,1.26726467137566
376,2024,ID,Jasa Marga (Persero) Tbk PT,industrials,59.4262824132018,100.0,7.0,54.5454545454545,0.0,0.0,0.0,1948331202.47985,0.032,3720545929.14854,8746205034.18272,0.923142816706642,1.0,35902.49,-40.5737175867982,0.0,10.4885619314026,0.4253897449931212,22.89188573285727,0.032,0.4253897449931212,0.923142816706642
377,2023,TH,Jasmine Technology Solution PCL,communication_services,47.6481256789302,100.0,8.0,27.2727272727273,0.0,0.0,1.0,1814601354.3491,0.03326,32231280.9024745,67322206.5793304,42.01405290619211,0.0,3156.0,-52.3518743210698,0.0,8.057060681965766,0.4787615044152506,18.02500070422045,0.03326,0.4787615044152506,116.046081269706
377,2024,TH,Jasmine Technology Solution PCL,communication_services,48.5759420229183,100.0,7.0,37.5,0.0,0.0,1.0,1364935064.40281,0.00936,42289694.8044367,98983779.0134267,41.8911211366539,0.0,6197.0,-51.4240579770817,0.0,8.731820582962108,0.4272386367336035,18.41046654632503,0.00936,0.4272386367336035,41.8911211366539
378,2023,MY,Kawan Food Bhd,consumer_staples,38.551915823275,100.0,8.0,37.5,25.0,0.0,0.0,142188925.490196,0.0654,775602.396514161,100382725.272331,1.60378153579859,1.0,11454.0,-61.448084176725,0.0,9.346094292953802,0.007726452877325341,18.42450069137752,0.0654,0.007726452877325341,1.60378153579859
379,2023,MY,One Glove Group Bhd,health_care,41.5242994432232,100.0,5.0,50.0,20.0,1.0,1.0,27068944.1808279,-0.007624,29032839.1741662,85488988.8830069,1.09657492881466,1.0,24994.18,-58.4757005567768,0.0,10.12639827674821,0.3396091070149177,18.26389814061942,-0.007624,0.3396091070149177,1.09657492881466
380,2022,TH,KCE Electronics PCL,information_technology,56.9081964840327,100.0,9.0,33.3333333333333,33.3333333333333,0.0,0.0,1588020809.41924,0.10789,110509403.813927,606572702.744872,4.1048234250383,0.0,67104.0,-43.0918035159673,1.0,11.11399893370165,0.1821865760095173,20.22333515178562,0.10789,0.1821865760095173,4.1048234250383
380,2023,TH,KCE Electronics PCL,information_technology,62.0562734712426,100.0,9.0,33.3333333333333,33.3333333333333,0.0,0.0,1897690390.54291,0.08560000000000001,64839202.852984,558757437.001456,4.74959556996909,0.0,73066.0,-37.9437265287574,1.0,11.19911842125867,0.1160417715439106,20.14122601387319,0.08560000000000001,0.1160417715439106,4.74959556996909
380,2024,TH,KCE Electronics PCL,information_technology,60.1254402188506,100.0,9.0,40.0,33.3333333333333,0.0,0.0,847809443.852459,0.08769,33959830.6187974,537527177.787507,2.10535383524399,0.0,66691.0,-39.8745597811494,1.0,11.10782529026577,0.06317788573701152,20.1024898800134,0.08769,0.06317788573701152,2.10535383524399
381,2022,MY,KESM Industries Bhd,information_technology,22.0400673436492,100.0,5.0,40.0,20.0,0.0,0.0,68627679.5454545,0.004,6133992.8057554,95692895.6834532,0.867749559827574,1.0,54837.3,-77.9599326563508,0.0,10.91212589832854,0.06410081711861149,18.37665461838499,0.004,0.06410081711861149,0.867749559827574
382,2022,TH,Bangkok Chain Hospital PCL,health_care,26.5343158594565,100.0,12.0,33.3333333333333,25.0,0.0,0.0,1477082741.17307,0.1316,112349617.480497,571986691.418665,4.10826896233581,0.0,5497.13,-73.4656841405435,0.0,8.611981416844255,0.1964199852305004,20.16462628232281,0.1316,0.1964199852305004,4.10826896233581
382,2023,TH,Bangkok Chain Hospital PCL,health_care,54.0284039663201,100.0,11.0,33.3333333333333,27.2727272727273,0.0,0.0,1630471536.5324,0.075,45937249.636099,516177303.173217,4.43590190341928,1.0,7593.15,-45.9715960336799,0.0,8.93500180405564,0.08899509791247745,20.06196087522597,0.075,0.08899509791247745,4.43590190341928
383,2022,MY,KLCCP Stapled Group,real_estate,42.5346013170826,100.0,8.0,66.6666666666667,50.0,0.0,0.0,2753132951.575,0.03629,540562045.454546,4115785909.09091,0.922480655851707,0.0,30503.0,-57.4653986829174,1.0,10.32558031841415,0.1313387181438562,22.1380956392532,0.03629,0.1313387181438562,0.922480655851707
383,2023,MY,KLCCP Stapled Group,real_estate,47.9107696769242,100.0,8.0,62.5,50.0,0.0,0.0,2788629969.16558,0.0389,515070152.505447,3994239215.68627,0.959570520628672,0.0,31728.0,-52.0892303230758,1.0,10.36495485075958,0.1289532561000982,22.10811896390869,0.0389,0.1289532561000982,0.959570520628672
383,2024,MY,KLCCP Stapled Group,real_estate,62.6420327294612,100.0,8.0,50.0,50.0,0.0,0.0,3293076236.8957,0.0449,966308639.212176,4177098701.88004,1.07621013867262,1.0,32433.0,-37.3579672705388,1.0,10.38693170196088,0.2313348829361531,22.15288275203145,0.0449,0.2313348829361531,1.07621013867262
384,2018,ID,Kalbe Farma Tbk PT,health_care,54.1215857584788,100.0,7.0,37.5,28.5714285714286,0.0,0.0,4895237760.71453,0.14137,24863143.4930783,1262344775.33002,4.87232128842839,0.0,79662.27,-45.8784142415212,0.0,11.28555135243809,0.01969600063229812,20.95623676132114,0.14137,0.01969600063229812,4.87232128842839
384,2019,ID,Kalbe Farma Tbk PT,health_care,60.0183922080982,100.0,6.0,42.8571428571429,33.3333333333333,0.0,0.0,5455294383.49138,0.1305,58850532.4730548,1459994730.73372,4.77802138799015,0.0,77665.5,-39.9816077919018,1.0,11.26016642230768,0.04030872936334467,21.10169866357365,0.1305,0.04030872936334467,4.77802138799015
384,2020,ID,Kalbe Farma Tbk PT,health_care,55.0213635700247,100.0,7.0,42.8571428571429,42.8571428571429,0.0,0.0,4941252188.23362,0.12764,82465517.7608974,1607143897.24886,3.98562698448828,0.0,82317.29,-44.9786364299753,1.0,11.31833644965506,0.05131184451004261,21.19772446371839,0.12764,0.05131184451004261,3.98562698448828
384,2021,ID,Kalbe Farma Tbk PT,health_care,69.9491377966686,100.0,7.0,50.0,42.8571428571429,0.0,0.0,5306927599.55486,0.13199,43940708.9682105,1801167379.38744,3.86627381299374,1.0,77959.25,-30.05086220333141,1.0,11.26394153325711,0.02439568330576491,21.31170083573882,0.13199,0.02439568330576491,3.86627381299374
384,2022,ID,Kalbe Farma Tbk PT,health_care,73.8733475611682,100.0,7.0,42.8571428571429,42.8571428571429,0.0,0.0,6294186007.70318,0.12789,75022016.8634758,1750164665.96042,4.74237217782049,1.0,101541.69,-26.1266524388318,1.0,11.5282247320501,0.04286569048193344,21.28297571528972,0.12789,0.04286569048193344,4.74237217782049
384,2023,ID,Kalbe Farma Tbk PT,health_care,67.8571554008752,100.0,7.0,50.0,28.5714285714286,0.0,0.0,4902172562.33193,0.10189,40378509.1143878,1757555581.83326,3.47691683071274,1.0,122326.8,-32.1428445991248,0.0,11.7144514309479,0.02297424305197224,21.2871898066587,0.10189,0.02297424305197224,3.47691683071274
384,2024,ID,Kalbe Farma Tbk PT,health_care,62.5334862161617,100.0,7.0,37.5,28.5714285714286,0.0,0.0,3952273159.9256,0.1147,34902881.8662523,1829069477.82442,2.74230207337422,1.0,94015.17,-37.4665137838383,0.0,11.45121143121003,0.01908231605710648,21.32707319241574,0.1147,0.01908231605710648,2.74230207337422
385,2016,MY,Kuala Lumpur Kepong Bhd,consumer_staples,39.4086853523951,100.0,8.0,62.5,0.0,0.0,0.0,5713036594.49214,0.08946,1098748789.93224,4437699177.15392,2.44508675218288,1.0,444640.0,-60.5913146476049,0.0,13.00502024497633,0.2475942478455498,22.21340187573308,0.08946,0.2475942478455498,2.44508675218288
385,2017,MY,Kuala Lumpur Kepong Bhd,consumer_staples,43.5143939922755,100.0,9.0,66.6666666666667,11.1111111111111,0.0,0.0,6599311894.1642,0.05312,1053037212.60962,4622923441.57383,2.26093390836044,1.0,880432.0,-56.4856060077245,0.0,13.68816797508885,0.2277859942779246,22.25429312148092,0.05312,0.2277859942779246,2.26093390836044
385,2018,MY,Kuala Lumpur Kepong Bhd,consumer_staples,54.0858165248755,100.0,8.0,66.6666666666667,12.5,0.0,0.0,6389519609.25908,0.03913,1035342760.45444,4555409475.46531,2.38038487570151,1.0,654447.0,-45.9141834751245,0.0,13.39154588320753,0.2272776500182095,22.23958125943909,0.03913,0.2272776500182095,2.38038487570151
385,2019,MY,Kuala Lumpur Kepong Bhd,consumer_staples,59.9938075929141,100.0,8.0,62.5,12.5,0.0,0.0,6474472086.47591,0.0364,1557664516.12903,4874400477.89725,2.37243700138749,1.0,804220.0,-40.0061924070859,0.0,13.59762814257154,0.3195602255481858,22.30726295494082,0.0364,0.3195602255481858,2.37243700138749
385,2020,MY,Kuala Lumpur Kepong Bhd,consumer_staples,55.3445369950487,100.0,8.0,62.5,12.5,0.0,0.0,6367786355.42289,0.0374,1587667950.87888,5043654948.2302,2.27109713463436,1.0,716760.0,-44.6554630049513,0.0,13.48249633551435,0.3147852038204927,22.34139684434874,0.0374,0.3147852038204927,2.27109713463436
385,2021,MY,Kuala Lumpur Kepong Bhd,consumer_staples,58.4588748293336,100.0,8.0,62.5,12.5,0.0,0.0,5654314927.30548,0.09210000000000002,2132328315.41219,6709063560.33453,1.82870455683667,1.0,968727.91,-41.5411251706664,0.0,13.78373905680907,0.3178280092648082,22.62672521937326,0.09210000000000002,0.3178280092648082,1.82870455683667
385,2022,MY,Kuala Lumpur Kepong Bhd,consumer_staples,70.1671358703248,100.0,9.0,55.5555555555556,22.2222222222222,0.0,0.0,5493535834.68182,0.07429999999999999,2063241423.94822,6523953613.80798,1.56210304037043,1.0,1223384.0,-29.8328641296752,0.0,14.01713134739872,0.3162562988770122,22.59874641159529,0.07429999999999999,0.3162562988770122,1.56210304037043
385,2023,MY,Kuala Lumpur Kepong Bhd,consumer_staples,64.7580819865056,100.0,9.0,50.0,22.2222222222222,0.0,0.0,5138956006.25272,0.02759,2146607861.93672,6418747416.64003,1.61177146505111,1.0,1285058.0,-35.2419180134944,0.0,14.06631441147962,0.3344278443441832,22.58248882917018,0.02759,0.3344278443441832,1.61177146505111
385,2024,MY,Kuala Lumpur Kepong Bhd,consumer_staples,70.5148443055933,100.0,8.0,44.4444444444444,25.0,0.0,0.0,5362111387.3769,0.0195,2813395292.40476,7408337054.11308,1.64329272630541,1.0,1222582.0,-29.4851556944067,0.0,14.01647557374631,0.3797607036308875,22.72587183192063,0.0195,0.3797607036308875,1.64329272630541
387,2023,MY,Kossan Rubber Industries Bhd,health_care,37.4187322555399,100.0,9.0,33.3333333333333,11.1111111111111,0.0,0.0,1006007562.94977,0.01181,3777342.04793028,915538997.821351,1.20081173603125,1.0,513026.01,-62.5812677444601,0.0,13.148081824622,0.004125812288628859,20.63502351846417,0.01181,0.004125812288628859,1.20081173603125
387,2024,MY,Kossan Rubber Industries Bhd,health_care,39.0845186771575,100.0,9.0,40.0,22.2222222222222,0.0,0.0,1620138019.98209,0.02899,17665622.2023277,919333706.356312,1.98121788570472,1.0,421567.65,-60.9154813228425,0.0,12.95173554176623,0.01921567987792337,20.63915973340311,0.02899,0.01921567987792337,1.98121788570472
388,2021,MY,KPJ Healthcare Bhd,health_care,64.5483560832196,100.0,13.0,54.1666666666667,8.33333333333333,1.0,0.0,1193968622.78799,0.0083,755937800.192123,1485984870.317,2.24487662415513,1.0,102070.99,-35.4516439167804,0.0,11.53342383057653,0.5087116398640462,21.11934360170764,0.0083,0.5087116398640462,2.24487662415513
388,2022,MY,KPJ Healthcare Bhd,health_care,71.145150442966,100.0,12.0,50.0,16.6666666666667,1.0,0.0,1031881590.31634,0.0253,852277954.545455,1589560454.54545,1.96582638051664,1.0,134831.39,-28.854849557034,0.0,11.81178031385333,0.5361720921707077,21.18672337127884,0.0253,0.5361720921707077,1.96582638051664
388,2023,MY,KPJ Healthcare Bhd,health_care,71.5152452571746,100.0,10.0,46.6666666666667,20.0,0.0,0.0,1419565985.65827,0.03700000000000001,832718300.653595,1578684531.59041,2.63707993534646,1.0,156362.93,-28.4847547428254,0.0,11.9599350585392,0.5274760625003982,21.17985776225949,0.03700000000000001,0.5274760625003982,2.63707993534646
388,2024,MY,KPJ Healthcare Bhd,health_care,69.0248404185545,100.0,11.0,45.4545454545455,18.1818181818182,0.0,0.0,2460926744.68,0.0483,821800581.915846,1656947403.76007,4.17918251482442,1.0,162949.75,-30.9751595814455,0.0,12.00119715005158,0.4959726422522248,21.22824283304039,0.0483,0.4959726422522248,4.17918251482442
389,2023,MY,Kumpulan Perangsang Selangor Bhd,industrials,64.4971354263468,100.0,8.0,60.0,37.5,1.0,1.0,80136219.5801255,0.00415,107874291.938998,460576470.588235,0.34618484984459,1.0,25225.35,-35.5028645736532,1.0,10.13560472024944,0.2342158117656858,19.94798945978252,0.00415,0.2342158117656858,0.34618484984459
391,2023,MY,KUB Malaysia Bhd,energy,35.172040599592,100.0,9.0,66.6666666666667,11.1111111111111,0.0,0.0,70921970.2941176,-0.04539,9090889.6034298,138807288.317256,0.521976858880755,1.0,456.0,-64.82795940040799,0.0,6.122492809514386,0.0654928837933336,18.74859711414872,-0.04539,0.0654928837933336,0.521976858880755
392,2021,MY,Land & General Bhd,real_estate,37.8033057369869,100.0,9.0,55.5555555555556,11.1111111111111,0.0,0.0,71400936.6714697,0.113345,47856768.974542,383168926.956936,0.292866193727254,1.0,1784.9,-62.1966942630131,0.0,7.487117670235462,0.1248973118843757,19.76398651245617,0.113345,0.1248973118843757,0.292866193727254
392,2022,MY,Land & General Bhd,real_estate,47.6781263140661,100.0,9.0,55.5555555555556,11.1111111111111,0.0,0.0,67571250.0681818,0.032862,52015192.7437642,377009070.294785,0.263863521659256,1.0,863.438,-52.3218736859339,0.0,6.760922094198277,0.1379680141464323,19.74777980426023,0.032862,0.1379680141464323,0.263863521659256
392,2023,MY,Land & General Bhd,real_estate,44.6780602768244,100.0,9.0,60.0,11.1111111111111,0.0,0.0,77729019.6862745,-0.04144999999999999,45544944.4150344,360963684.489148,0.341211396317461,1.0,1020.479,-55.3219397231756,0.0,6.9280274038902,0.1261759738503657,19.70428791425397,-0.04144999999999999,0.1261759738503657,0.341211396317461
393,2021,MY,Lbs Bina Group Bhd,real_estate,46.2122311549632,100.0,10.0,36.3636363636364,10.0,0.0,0.0,185230094.842185,0.022,259691733.669549,1055526870.79731,0.667360235061591,1.0,5487.0,-53.7877688450368,0.0,8.610136937058975,0.2460304335723698,20.77730588281331,0.022,0.2460304335723698,0.667360235061591
393,2022,MY,Lbs Bina Group Bhd,real_estate,49.2049297420416,100.0,8.0,45.4545454545455,25.0,0.0,0.0,142958946.54935,0.0294,208463428.636364,946665893.181818,0.51128853531124,1.0,5668.0,-50.7950702579584,0.0,8.64259160081057,0.2202080270745808,20.66845678338962,0.0294,0.2202080270745808,0.51128853531124
393,2023,MY,Lbs Bina Group Bhd,real_estate,62.5017738077861,100.0,8.0,60.0,37.5,1.0,0.0,187616078.432369,0.0333,167368882.570806,930375150.108932,0.625030344096713,1.0,5462.0,-37.4982261922139,1.0,8.60557030203365,0.1798939734699597,20.65109844998673,0.0333,0.1798939734699597,0.625030344096713
393,2024,MY,Lbs Bina Group Bhd,real_estate,66.3126430009397,100.0,8.0,50.0,37.5,1.0,0.0,194524358.337064,0.0561,214349966.87556,972930881.826321,0.553087856716061,1.0,5697.0,-33.6873569990603,1.0,8.647694999480395,0.2203136634672306,20.69582360147737,0.0561,0.2203136634672306,0.553087856716061
394,2023,TH,Land and Houses PCL,real_estate,52.181034276443,100.0,9.0,27.2727272727273,0.0,0.0,0.0,2842678411.6871,0.05849,2065691242.15429,3840456764.94905,1.89061099996893,0.0,1937.0,-47.818965723557,0.0,7.568895663406995,0.5378764476682488,22.06885714567763,0.05849,0.5378764476682488,1.89061099996893
394,2024,TH,Land and Houses PCL,real_estate,58.7251173535753,100.0,9.0,40.0,11.1111111111111,0.0,1.0,1766570595.39813,0.03969,2410739445.35902,4216572958.96089,1.17214893047956,0.0,2776.0,-41.2748826464247,0.0,7.928766321626695,0.5717295701562128,22.16228854003356,0.03969,0.5717295701562128,1.17214893047956
397,2024,MY,SAM Engineering & Equipment (M) Bhd,industrials,37.2634517222482,100.0,8.0,62.5,25.0,0.0,0.0,660622735.586392,0.04509000000000001,59633370.9131905,453281623.449831,1.76140878729883,1.0,28669.69,-62.7365482777518,0.0,10.26359574612276,0.1315592069657125,19.93202417560076,0.04509000000000001,0.1315592069657125,1.76140878729883
399,2020,ID,Lippo Karawaci Tbk PT,real_estate,42.0183372712754,100.0,5.0,66.6666666666667,0.0,0.0,0.0,1080639311.32236,-0.09124080000000001,1276411894.58689,3694122507.12251,0.776929834213452,0.0,320560.0,-57.9816627287246,0.0,12.67782474531003,0.3455250582853937,22.03000888198582,-0.16627,0.3455250582853937,0.776929834213452
399,2021,ID,Lippo Karawaci Tbk PT,real_estate,36.9179028586975,100.0,5.0,33.3333333333333,0.0,0.0,0.0,700779571.680968,-0.03084,1394209192.98246,3654802526.31579,0.532323123251631,0.0,240000.0,-63.0820971413025,0.0,12.38839420232413,0.3814731939533508,22.0193079003208,-0.03084,0.3814731939533508,0.532323123251631
399,2022,ID,Lippo Karawaci Tbk PT,real_estate,40.0093526572354,100.0,6.0,50.0,16.6666666666667,0.0,0.0,359842174.824992,-0.05281,1361456601.34918,3204040925.15259,0.365437813040955,1.0,245650.0,-59.9906473427646,0.0,12.41166303759679,0.4249186053340882,21.8876786392147,-0.05281,0.4249186053340882,0.365437813040955
399,2023,ID,Lippo Karawaci Tbk PT,real_estate,50.1092047882202,100.0,6.0,50.0,16.6666666666667,0.0,0.0,446710476.24508,0.01,1316679376.42092,3219930107.17766,0.448924456193412,1.0,274270.0,-49.8907952117798,0.0,12.52186830164075,0.4089155144969959,21.8926254904217,0.01,0.4089155144969959,0.448924456193412
400,2022,TH,LPN Development PCL,real_estate,16.2727228182341,100.0,12.0,41.6666666666667,8.33333333333333,0.0,0.0,194117258.253684,0.0256,305100390.56631,696737454.140133,0.566126661056429,0.0,1785.0,-83.7272771817659,0.0,7.487173694213739,0.4378986499912576,20.36191921790678,0.0256,0.4378986499912576,0.566126661056429
400,2023,TH,LPN Development PCL,real_estate,20.1119235111629,100.0,12.0,42.8571428571429,8.33333333333333,0.0,0.0,168934941.52481,0.0142,374646684.429403,773387470.218632,0.477466360461272,0.0,2036.0,-79.8880764888371,0.0,7.618742377670413,0.4844230076852585,20.46629073609937,0.0142,0.4844230076852585,0.477466360461272
401,2021,ID,Matahari Department Store Tbk PT,consumer_discretionary,43.0120034718838,100.0,4.0,28.5714285714286,0.0,0.0,0.0,764004026.428321,0.15,196523157.894737,410612561.403509,10.8338178766407,0.0,97648.0,-56.9879965281162,0.0,11.48912445478428,0.4786097074648763,19.83316065488074,0.15,0.4786097074648763,10.8338178766407
401,2022,ID,Matahari Department Store Tbk PT,consumer_discretionary,49.4101367121948,100.0,6.0,57.1428571428571,16.6666666666667,0.0,0.0,721555541.599743,0.23846,188441631.866367,369432508.833922,19.3583400641887,0.0,97009.9,-50.5898632878052,0.0,11.48256831413323,0.510084054219172,19.72747862628043,0.23846,0.510084054219172,19.3583400641887
401,2023,ID,Matahari Department Store Tbk PT,consumer_discretionary,55.5030554544281,100.0,6.0,50.0,16.6666666666667,0.0,0.0,293639867.489445,0.1161,233874829.490094,381967911.65963,42.01405290619211,0.0,117374.8,-44.4969445455719,0.0,11.67312751256875,0.6122892063731754,19.76084716215156,0.1161,0.6122892063731754,147.068311536209
401,2024,ID,Matahari Department Store Tbk PT,consumer_discretionary,56.4093564446765,100.0,6.0,50.0,16.6666666666667,0.0,0.0,196795195.065096,0.15019,176701429.459291,319499751.398384,9.74353255327117,1.0,131339.2,-43.5906435553235,0.0,11.78553856866505,0.5530565475744679,19.58226705368574,0.15019,0.5530565475744679,9.74353255327117
403,2022,MY,Mah Sing Group Bhd,real_estate,53.3118579080042,100.0,7.0,42.8571428571429,42.8571428571429,0.0,0.0,311737190.471591,0.0268,322495909.090909,1452202045.45455,0.385435769356248,1.0,27777.0,-46.6881420919958,1.0,10.23196361911616,0.2220737190808497,21.09634689343067,0.0268,0.2220737190808497,0.385435769356248
403,2023,MY,Mah Sing Group Bhd,real_estate,56.5534113510924,100.0,7.0,42.8571428571429,42.8571428571429,0.0,0.0,438993664.411765,0.03362,295463180.827887,1397991067.53813,0.544420111473431,1.0,29628.0,-43.4465886489076,1.0,10.29647513913318,0.2113484039266426,21.05830209127991,0.03362,0.2113484039266426,0.544420111473431
403,2024,MY,Mah Sing Group Bhd,real_estate,57.4363301352049,100.0,7.0,50.0,28.5714285714286,0.0,0.0,1031389600.04476,0.0345,456392121.7547,1690524395.70278,1.17181807386175,1.0,33039.0,-42.5636698647951,0.0,10.40544396083305,0.26997073979815,21.24830461106563,0.0345,0.26997073979815,1.17181807386175
404,2021,TH,Major Cineple Group PCL,communication_services,45.3147526497653,100.0,11.0,58.3333333333333,27.2727272727273,0.0,0.0,536693162.567486,0.09249,173454162.774601,497125054.318387,2.49561529890286,0.0,15061.93,-54.6852473502347,0.0,9.619925647193321,0.3489145462853923,20.02435217075717,0.09249,0.3489145462853923,2.49561529890286
404,2022,TH,Major Cineple Group PCL,communication_services,52.9135342958166,100.0,11.0,63.6363636363636,27.2727272727273,0.0,0.0,470469475.192141,0.01609,141948276.191852,428972233.805259,2.29600772091164,0.0,14912.02,-47.0864657041834,0.0,9.60992287812619,0.3309031797528705,19.876902751733,0.01609,0.3309031797528705,2.29600772091164
404,2023,TH,Major Cineple Group PCL,communication_services,49.0904515773029,100.0,11.0,63.6363636363636,27.2727272727273,0.0,0.0,389099409.801518,0.07118000000000001,150085248.064047,419969551.091703,2.06959487517603,0.0,19282.0,-50.9095484226971,0.0,9.866927297224326,0.357371737245958,19.85569276921292,0.07118000000000001,0.357371737245958,2.06959487517603
405,2024,MY,MBM Resources Bhd,consumer_discretionary,47.5859620495179,100.0,7.0,37.5,28.5714285714286,0.0,0.0,539788903.090868,0.1247,12651521.9337511,613284691.136974,1.08328214657398,1.0,11329.0,-52.4140379504821,0.0,9.335121088873489,0.02062911746630481,20.23433980882531,0.1247,0.02062911746630481,1.08328214657398
406,2024,TH,Mahachai Hospital PCL,health_care,50.0373283940186,100.0,13.0,38.4615384615385,30.7692307692308,0.0,0.0,120608899.297424,0.06631999999999999,214753967.542323,346978670.402802,1.8467110012075,1.0,2491.72,-49.9626716059814,1.0,7.820728514043974,0.6189255590063174,19.66477386744204,0.06631999999999999,0.6189255590063174,1.8467110012075
407,2023,ID,Medco Energi Internasional Tbk PT,energy,52.6779324958591,100.0,3.0,50.0,33.3333333333333,0.0,1.0,1885829626.24618,0.04589000000000001,3533877851.0,7468316269.0,1.02694979980943,1.0,5870847.35,-47.3220675041409,1.0,15.58550953402698,0.4731826724677773,22.73393541162203,0.04589000000000001,0.4731826724677773,1.02694979980943
407,2024,ID,Medco Energi Internasional Tbk PT,energy,49.8601692873522,100.0,3.0,33.3333333333333,33.3333333333333,0.0,1.0,1714188120.09919,0.0478,3577969705.0,7926890365.0,0.808771202707637,1.0,5766265.63,-50.1398307126478,1.0,15.56753522445097,0.4513711607262781,22.79352666012675,0.0478,0.4513711607262781,0.808771202707637
408,2024,MY,Media Prima Bhd,communication_services,62.1865805547452,100.0,6.0,83.3333333333333,16.6666666666667,0.0,0.0,114196882.623098,0.02156,66303287.3806999,305242205.726405,0.697088147504596,1.0,22699.13,-37.8134194452548,0.0,10.03008187674384,0.2172153330595734,19.53661613656326,0.02156,0.2172153330595734,0.697088147504596
409,2020,PH,Megaworld Corp,real_estate,49.7347185793603,100.0,7.0,42.8571428571429,14.2857142857143,1.0,0.0,2710444842.10246,0.0273,1805878711.81004,7825253487.71089,0.743003513313783,0.0,284023.0,-50.2652814206397,0.0,12.55681049977965,0.230775746069577,22.78062196744358,0.0273,0.230775746069577,0.743003513313783
409,2021,PH,Megaworld Corp,real_estate,50.572790808049,100.0,7.0,42.8571428571429,14.2857142857143,1.0,0.0,1968028500.62365,0.03469,1847839177.17199,7805005905.23632,0.504831195196972,0.0,101803.0,-49.427209191951,0.0,11.53079485221248,0.2367505162209152,22.7780311475101,0.03469,0.2367505162209152,0.504831195196972
409,2022,PH,Megaworld Corp,real_estate,54.4140447400953,100.0,7.0,42.8571428571429,14.2857142857143,0.0,0.0,1128533042.00717,0.03334,1715615556.13436,7350665300.88019,0.301054795919296,1.0,289107.78,-45.5859552599047,0.0,12.57455483874577,0.2333959561359606,22.71805666320128,0.03334,0.2333959561359606,0.301054795919296
409,2023,PH,Megaworld Corp,real_estate,46.6109942228959,100.0,7.0,50.0,14.2857142857143,0.0,0.0,1109103166.53138,0.04082,1866594904.96136,7954299093.17903,0.269715939115405,1.0,113750.04,-53.3890057771041,0.0,11.64175868846149,0.2346649130357698,22.79697838588879,0.04082,0.2346649130357698,0.269715939115405
409,2024,PH,Megaworld Corp,real_estate,47.4791028888537,100.0,7.0,42.8571428571429,14.2857142857143,0.0,0.0,1152594051.55764,0.0412,1904056776.70638,8086590673.2213,0.271060791237006,1.0,148900.18,-52.5208971111463,0.0,11.91103142753638,0.2354585329775196,22.81347305437428,0.0412,0.2354585329775196,0.271060791237006
410,2018,PH,Manila Electric Co,utilities,41.521820826058,100.0,11.0,18.1818181818182,9.09090909090909,0.0,0.0,7978273617.45444,0.07007,762645321.135887,6408442919.76368,5.10565632314907,0.0,1927190.0,-58.478179173942,0.0,14.47157354139429,0.1190063375276206,22.58088216413711,0.07007,0.1190063375276206,5.10565632314907
410,2019,PH,Manila Electric Co,utilities,39.7941347449856,100.0,11.0,16.6666666666667,9.09090909090909,0.0,0.0,6878896371.90858,0.06875,814471865.745311,7048746298.12438,4.1485533711649,0.0,2599937.77,-60.2058652550144,0.0,14.77099806808989,0.1155484722101625,22.67611560790367,0.06875,0.1155484722101625,4.1485533711649
410,2021,PH,Manila Electric Co,utilities,57.6306013475327,100.0,11.0,18.1818181818182,9.09090909090909,0.0,0.0,6525191953.63797,0.05599000000000001,1778152578.93705,9481898411.45323,3.49396563146086,1.0,12377860.85,-42.3693986524673,0.0,16.33142001949908,0.1875312834810813,22.97265038753781,0.05599000000000001,0.1875312834810813,3.49396563146086
410,2022,PH,Manila Electric Co,utilities,69.8220613221565,100.0,11.0,25.0,18.1818181818182,0.0,0.0,6035431775.16129,0.0567,1865151787.31812,9327483384.22849,3.0702517078932,1.0,13751805.65,-30.1779386778435,0.0,16.43668069345514,0.1999630243750248,22.95623108168341,0.0567,0.1999630243750248,3.0702517078932
410,2023,PH,Manila Electric Co,utilities,71.2419581282831,100.0,11.0,27.2727272727273,18.1818181818182,0.0,0.0,8119310740.50336,0.06715,1795443056.25767,10623853542.2835,3.67639075687477,1.0,12161964.29,-28.7580418717169,0.0,16.31382395846318,0.1690011114245609,23.08636764403233,0.06715,0.1690011114245609,3.67639075687477
410,2024,PH,Manila Electric Co,utilities,62.3780784622939,100.0,11.0,25.0,18.1818181818182,0.0,0.0,9498189272.50121,0.07484,1631930573.73097,10640505544.459,3.80285368014993,1.0,12550554.58,-37.6219215377061,0.0,16.34527541220717,0.1533696464808283,23.08793383330815,0.07484,0.1533696464808283,3.80285368014993
411,2022,MY,MKH Bhd,real_estate,19.11794986977,100.0,7.0,42.8571428571429,14.2857142857143,0.0,0.0,146682766.095824,0.03149,90762174.9730313,737617771.952535,0.339687394450407,0.0,16423.0,-80.88205013023,0.0,9.70643807033756,0.1230477063110564,20.41893632421213,0.03149,0.1230477063110564,0.339687394450407
411,2023,MY,MKH Bhd,real_estate,28.5672380605719,100.0,7.0,50.0,28.5714285714286,0.0,0.0,168969448.184716,0.0222,80812470.4378396,702881947.587089,0.401721274539853,0.0,17259.0,-71.4327619394281,0.0,9.756089025531404,0.1149730345405218,20.37069950905504,0.0222,0.1149730345405218,0.401721274539853
411,2024,MY,MKH Bhd,real_estate,29.4730811508063,100.0,7.0,42.8571428571429,28.5714285714286,0.0,0.0,148343650.367055,0.02194,110246665.615142,831080693.035671,0.401559189019472,0.0,17951.0,-70.52691884919369,0.0,9.79540110267107,0.132654586418614,20.53823745163817,0.02194,0.132654586418614,0.401559189019472
412,2022,MY,Mega First Corporation Bhd,utilities,43.0250348832,100.0,11.0,54.5454545454545,18.1818181818182,0.0,0.0,745756586.054545,0.09726000000000001,166524772.727273,974777954.545455,1.14097347374636,1.0,457599.94,-56.9749651168,0.0,13.03375058792884,0.1708335441428038,20.69772026409793,0.09726000000000001,0.1708335441428038,1.14097347374636
412,2023,MY,Mega First Corporation Bhd,utilities,49.2041521330194,100.0,11.0,54.5454545454545,18.1818181818182,0.0,0.0,794557572.196079,0.0873,199840740.740741,982224618.736384,1.13800695420994,1.0,521405.34,-50.7958478669806,0.0,13.16428302208617,0.2034572713091155,20.70533057614675,0.0873,0.2034572713091155,1.13800695420994
412,2024,MY,Mega First Corporation Bhd,utilities,50.2404612452151,100.0,12.0,53.8461538461538,25.0,0.0,0.0,1015339334.86571,0.09539,259324529.991047,1146229856.75918,1.30131877350863,1.0,538024.44,-49.7595387547849,0.0,13.19565926562142,0.2262412974691257,20.85974400821516,0.09539,0.2262412974691257,1.30131877350863
413,2023,MY,Milu Corporation Bhd,consumer_discretionary,32.7233472151578,100.0,10.0,40.0,30.0,0.0,0.0,26373474.0348584,0.07782,1258714.81481481,12121488.2352941,2.98096660651424,1.0,46.8,-67.2766527848422,1.0,3.845883202923601,0.103841606771503,16.31049032275809,0.07782,0.103841606771503,2.98096660651424
414,2014,TH,Minor International PCL,consumer_discretionary,54.2100966889838,100.0,9.0,33.3333333333333,11.1111111111111,0.0,0.0,3958920059.7656,0.0655,1035915986.65654,2257724828.41945,4.63526660938983,1.0,13083.0,-45.7899033110162,0.0,9.479068956510876,0.4588318175965433,21.5376234300659,0.0655,0.4588318175965433,4.63526660938983
414,2015,TH,Minor International PCL,consumer_discretionary,57.9461389885857,100.0,8.0,33.3333333333333,12.5,0.0,0.0,4423052012.65703,0.08282,1262972388.11771,2731303581.87118,4.86497059397799,1.0,13282.0,-42.0538610114143,0.0,9.494165014100659,0.462406448151935,21.72804483469215,0.08282,0.462406448151935,4.86497059397799
414,2016,TH,Minor International PCL,consumer_discretionary,55.3257671492965,100.0,9.0,33.3333333333333,22.2222222222222,0.0,0.0,4399291044.89531,0.06455,1390388907.97991,3026036453.43192,4.21558601782858,1.0,231204.0,-44.6742328507035,0.0,12.35105571666876,0.4594752671941634,21.83051949897892,0.06455,0.4594752671941634,4.21558601782858
414,2017,TH,Minor International PCL,consumer_discretionary,75.34217927735,100.0,10.0,40.0,20.0,0.0,0.0,6208214968.71811,0.04772999999999999,1541093161.47465,3658995096.06759,4.26965750467355,1.0,221923.0,-24.65782072265,0.0,12.31008575384229,0.4211793459714935,22.02045438274416,0.04772999999999999,0.4211793459714935,4.26965750467355
414,2018,TH,Minor International PCL,consumer_discretionary,86.298518265081,100.0,12.0,42.8571428571429,16.6666666666667,0.0,0.0,4826152635.51755,0.0282,3924957382.67863,8292023353.10857,3.31049199972969,1.0,393816.0,-13.701481734919,0.0,12.8836390741231,0.4733413324514113,22.83855984785806,0.0282,0.4733413324514113,3.31049199972969
414,2019,TH,Minor International PCL,consumer_discretionary,87.5919891836852,66.25,12.0,33.3333333333333,16.6666666666667,0.0,0.0,5553910488.17823,0.04099,3775986297.61425,8541121203.59543,3.21796212263896,1.0,437229.0,21.3419891836852,0.0,12.98821236428324,0.4420949202810433,22.86815812460653,0.04099,0.4420949202810433,3.21796212263896
414,2020,TH,Minor International PCL,consumer_discretionary,87.8388990912217,100.0,12.0,38.4615384615385,16.6666666666667,1.0,0.0,4457084691.60822,-0.0694,7687778829.72703,12061468656.4248,3.82235482336339,1.0,290373.0,-12.16110090877829,0.0,12.5789215824037,0.6373833111635181,23.21328179997067,-0.0694,0.6373833111635181,3.82235482336339
414,2021,TH,Minor International PCL,consumer_discretionary,86.950827566631,100.0,12.0,33.3333333333333,16.6666666666667,1.0,1.0,4495977251.0123,-0.04019,6772731722.53988,11123469442.3112,4.03654835046938,1.0,342206.0,-13.04917243336899,0.0,12.7431681738926,0.6088686409995354,23.13232307731474,-0.04019,0.6088686409995354,4.03654835046938
414,2022,TH,Minor International PCL,consumer_discretionary,89.6346904123244,100.0,10.0,38.4615384615385,20.0,1.0,1.0,4915320089.56226,0.01179,5984566419.50303,10349891978.2722,4.03509728290292,1.0,436572.0,-10.3653095876756,0.0,12.9867085891129,0.578225012595937,23.06024191972141,0.01179,0.578225012595937,4.03509728290292
414,2023,TH,Minor International PCL,consumer_discretionary,88.9267338438536,100.0,10.0,40.0,20.0,1.0,1.0,4818331674.06597,0.01399,5748897346.37555,10456940999.4178,3.62087558180255,1.0,486853.0,-11.0732661561464,0.0,13.09571750845015,0.5497685553256564,23.07053180533769,0.01399,0.5497685553256564,3.62087558180255
414,2024,TH,Minor International PCL,consumer_discretionary,88.8763977853263,100.0,9.0,40.0,22.2222222222222,1.0,1.0,4315556247.13115,0.022,5214772779.01343,10123903435.2014,2.59602400675133,1.0,538876.0,-11.1236022146737,0.0,13.19724076776565,0.515095073001325,23.0381651413777,0.022,0.515095073001325,2.59602400675133
415,2014,MY,MISC Bhd,industrials,40.3613735374299,100.0,7.0,57.1428571428571,28.5714285714286,0.0,0.0,9184888436.25387,0.05388,2500475822.60372,11898226609.4421,1.15653857709426,1.0,5355000.0,-59.6386264625701,0.0,15.49354126186399,0.2101553369826905,23.19965520154202,0.05388,0.2101553369826905,1.15653857709426
415,2015,MY,MISC Bhd,industrials,40.5063800117302,100.0,7.0,57.1428571428571,28.5714285714286,0.0,0.0,9711049528.80533,0.05526,1516177855.47786,11081369230.7692,1.17813047437798,0.0,4576000.0,-59.4936199882698,0.0,15.33633581204177,0.1368222485780863,23.12853108741479,0.05526,0.1368222485780863,1.17813047437798
415,2016,MY,MISC Bhd,industrials,64.7303028756788,100.0,9.0,54.5454545454545,22.2222222222222,0.0,0.0,7287140996.4193,0.04979,2810013602.4083,12521188315.3083,0.858495221758035,1.0,4450838.0,-35.2696971243212,0.0,15.30860295102019,0.2244206805014506,23.25068811147766,0.04979,0.2244206805014506,0.858495221758035
415,2017,MY,MISC Bhd,industrials,67.1856766421984,100.0,9.0,55.5555555555556,22.2222222222222,0.0,0.0,8157867781.59147,0.03717,2884246538.08111,12480168892.186,0.946798166443652,1.0,4561663.0,-32.8143233578016,0.0,15.3331978079887,0.2311063706747571,23.24740673282385,0.03717,0.2311063706747571,0.946798166443652
415,2018,MY,MISC Bhd,industrials,66.208409710595,100.0,8.0,45.4545454545455,12.5,1.0,0.0,7212878990.25837,0.02558,3159783535.10896,12606610169.4915,0.842656611951265,1.0,4086775.0,-33.79159028940499,0.0,15.22326670842514,0.2506449785173624,23.25748712996696,0.02558,0.2506449785173624,0.842656611951265
415,2019,MY,MISC Bhd,industrials,64.9451802928467,100.0,9.0,50.0,22.2222222222222,1.0,0.0,9079318055.10056,0.0308,3216476644.6564,12683735632.1839,1.06904545495395,1.0,4168786.0,-35.0548197071533,0.0,15.24313542429094,0.2535906406386195,23.26358635078341,0.0308,0.2535906406386195,1.06904545495395
415,2020,MY,MISC Bhd,industrials,73.3395054257799,100.0,9.0,55.5555555555556,22.2222222222222,1.0,0.0,7628422541.69403,0.0414,3343379601.99005,12890798258.7065,0.950208761954788,1.0,4394098.0,-26.6604945742201,0.0,15.29577283481863,0.2593617194910267,23.27977958050651,0.0414,0.2593617194910267,0.950208761954788
415,2021,MY,MISC Bhd,industrials,69.366342736307,100.0,11.0,61.5384615384615,27.2727272727273,1.0,0.0,7557574778.13401,0.0325,4089581171.95005,13813995437.0797,0.921162736470182,1.0,4180914.0,-30.633657263693,0.0,15.24604044088534,0.2960462228742848,23.34894807730184,0.0325,0.2960462228742848,0.921162736470182
415,2022,MY,MISC Bhd,industrials,75.0478478603555,100.0,11.0,75.0,27.2727272727273,1.0,1.0,7608738243.75,0.03008,4059435909.09091,14241872954.5455,0.893734032742099,1.0,4173607.0,-24.9521521396445,0.0,15.24429120789804,0.2850352563912798,23.37945226198808,0.03008,0.2850352563912798,0.893734032742099
415,2023,MY,MISC Bhd,industrials,81.6156181574683,100.0,12.0,64.2857142857143,41.6666666666667,1.0,1.0,7089553751.82353,0.0333,3822435947.71242,14174306535.9477,0.828307191406484,1.0,4224813.0,-18.3843818425317,1.0,15.25648555743886,0.2696735771882931,23.37469676373726,0.0333,0.2696735771882931,0.828307191406484
415,2024,MY,MISC Bhd,industrials,83.1921944780859,100.0,10.0,75.0,40.0,1.0,1.0,7592844132.22918,0.01899,3467836168.30797,13526209937.3321,0.902149728953347,1.0,4146086.0,-16.8078055219141,1.0,15.23767531464744,0.2563789993187082,23.32789511699986,0.01899,0.2563789993187082,0.902149728953347
416,2021,MY,Mitrajaya Holdings Bhd,industrials,29.1274448106267,100.0,8.0,50.0,25.0,0.0,0.0,49197033.7776177,-0.0125,20862320.845341,251340110.230548,0.292162486719691,1.0,434.0,-70.8725551893733,0.0,6.073044534100405,0.0830043435017376,19.34231760072263,-0.0125,0.0830043435017376,0.292162486719691
419,2021,MY,Malaysian Pacific Industries Bhd,information_technology,48.8725589587828,100.0,6.0,66.6666666666667,33.3333333333333,0.0,0.0,2487967080.17291,0.1189,26234457.8313253,617932048.192771,4.54568549028386,1.0,193800.0,-51.1274410412172,1.0,12.1745819784388,0.04245524715549494,20.24188905499591,0.1189,0.04245524715549494,4.54568549028386
419,2022,MY,Malaysian Pacific Industries Bhd,information_technology,55.2713194243905,100.0,6.0,71.4285714285714,33.3333333333333,0.0,0.0,1371880884.19091,0.1157,49844984.1125738,707865864.729914,2.78424747764363,1.0,212800.0,-44.7286805756095,1.0,12.26810803644963,0.07041586068229487,20.37776517711266,0.1157,0.07041586068229487,2.78424747764363
419,2023,MY,Malaysian Pacific Industries Bhd,information_technology,50.1710083938711,100.0,6.0,66.6666666666667,33.3333333333333,0.0,0.0,1289485972.94118,0.02001,59298821.0075027,645682958.199357,2.74629605254668,1.0,198300.0,-49.8289916061289,1.0,12.19753631450789,0.09183891297498666,20.28581916449535,0.02001,0.09183891297498666,2.74629605254668
419,2024,MY,Malaysian Pacific Industries Bhd,information_technology,56.5164127483659,100.0,5.0,75.0,40.0,0.0,0.0,1216653189.81647,0.0551,23546341.4634146,627809968.186638,3.75034569776284,1.0,198500.0,-43.4835872516341,1.0,12.19854437910938,0.03750552341726222,20.25774808021141,0.0551,0.03750552341726222,3.75034569776284
420,2022,MY,Malaysian Resources Corporation Bhd,industrials,56.5640082562632,100.0,9.0,50.0,22.2222222222222,0.0,0.0,299526205.65,0.006999999999999999,478664090.909091,2097418181.81818,0.282808313566594,1.0,17982.0,-43.4359917437368,0.0,9.797126536544718,0.2282158584580179,21.46397298806839,0.006999999999999999,0.2282158584580179,0.282808313566594
420,2023,MY,Malaysian Resources Corporation Bhd,industrials,65.856030697311,100.0,9.0,44.4444444444444,22.2222222222222,1.0,0.0,433124560.143791,0.0111,399841394.335512,1926915686.27451,0.421052909029066,1.0,19457.0,-34.143969302689,0.0,9.875962181471376,0.2075033158864172,21.37918647154207,0.0111,0.2075033158864172,0.421052909029066
420,2024,MY,Malaysian Resources Corporation Bhd,industrials,63.2747607865629,100.0,7.0,44.4444444444444,14.2857142857143,1.0,0.0,524942366.092211,0.006999999999999999,514073634.7359,2021928827.21576,0.494768466032484,1.0,22602.0,-36.7252392134371,0.0,10.0257936769201,0.2542491248041557,21.42731775772427,0.006999999999999999,0.2542491248041557,0.494768466032484
422,2021,TH,Metro Systems Corporation PCL,information_technology,60.1106752930908,100.0,9.0,33.3333333333333,11.1111111111111,1.0,1.0,72885422.9154169,0.08104599999999999,4419423.74360518,99455427.053867,1.23068934340861,0.0,1698.63,-39.8893247069092,0.0,7.437577322793619,0.04443622509620851,18.41522013245272,0.08104599999999999,0.04443622509620851,1.23068934340861
422,2022,TH,Metro Systems Corporation PCL,information_technology,49.9270782326165,100.0,9.0,33.3333333333333,11.1111111111111,0.0,1.0,97775209.4770298,0.10315,18130403.4960994,131969593.527882,1.63304923658987,0.0,1823.51,-50.0729217673835,0.0,7.508518494193117,0.1373831881377197,18.69808210195403,0.10315,0.1373831881377197,1.63304923658987
422,2023,TH,Metro Systems Corporation PCL,information_technology,48.5625269156309,100.0,9.0,40.0,11.1111111111111,0.0,1.0,92994746.0595447,0.08218,2236343.26055313,109986583.202329,1.43952090076836,0.0,1813.94,-51.4374730843691,0.0,7.503256554053084,0.02033287329636561,18.51586894542972,0.08218,0.02033287329636561,1.43952090076836
422,2024,TH,Metro Systems Corporation PCL,information_technology,61.865217759166,100.0,9.0,33.3333333333333,11.1111111111111,0.0,1.0,84309133.4894614,0.07102,24506370.6363106,134541756.304729,1.26330958441886,0.0,1745.0,-38.134782240834,0.0,7.464509834636528,0.1821469505779688,18.71738516462198,0.07102,0.1821469505779688,1.26330958441886
426,2014,PH,Manila Water Company Inc,utilities,54.23223425855,100.0,12.0,28.5714285714286,16.6666666666667,0.0,0.0,1278520318.28069,0.07871,569178786.994413,1672847007.73184,1.68556321871778,1.0,88888.0,-45.76776574145,0.0,11.39513242926384,0.3402455719881667,21.23779280691046,0.07871,0.3402455719881667,1.68556321871778
426,2015,PH,Manila Water Company Inc,utilities,54.3270598533756,100.0,12.0,33.3333333333333,16.6666666666667,0.0,0.0,1079946662.67674,0.07664,559069779.722814,1718731040.12793,1.3025885297558,1.0,103689.0,-45.6729401466244,0.0,11.54915131337427,0.3252805509820785,21.26485208812002,0.07664,0.3252805509820785,1.3025885297558
426,2016,PH,Manila Water Company Inc,utilities,69.2824487870927,100.0,12.0,33.3333333333333,16.6666666666667,0.0,0.0,1195702084.07606,0.07303,557285285.820941,1724800785.04409,1.36614876761575,1.0,157796.0,-30.7175512129073,0.0,11.96905833853017,0.3231012477807375,21.26837739382964,0.07303,0.3231012477807375,1.36614876761575
426,2017,PH,Manila Water Company Inc,utilities,69.1790597330763,100.0,12.0,30.7692307692308,8.33333333333333,0.0,0.0,1146512370.52056,0.06541000000000001,794853221.601937,2068840386.23767,1.20520633094424,1.0,160761.0,-30.8209402669237,0.0,11.98767406899664,0.3842022936566087,21.45025408736792,0.06541000000000001,0.3842022936566087,1.20520633094424
426,2018,PH,Manila Water Company Inc,utilities,73.7498275427337,100.0,12.0,33.3333333333333,8.33333333333333,0.0,0.0,1104710466.69802,0.05775,984323735.925291,2335302399.5426,1.10132834327709,1.0,167647.0,-26.2501724572663,0.0,12.02961585731136,0.421497334185964,21.57140722698068,0.05775,0.421497334185964,1.10132834327709
426,2019,PH,Manila Water Company Inc,utilities,77.1708720294246,50.0,11.0,33.3333333333333,9.09090909090909,0.0,0.0,418720214.64399,0.04274,1118742157.65054,2657485496.24877,0.389385917104401,1.0,180658.0,27.1708720294246,0.0,12.10436102012335,0.4209777096543798,21.70064621049804,0.04274,0.4209777096543798,0.389385917104401
426,2020,PH,Manila Water Company Inc,utilities,75.7162259105843,100.0,11.0,36.3636363636364,9.09090909090909,0.0,0.0,954780084.756554,0.0283,1539798586.02375,3260290887.08602,0.564509063121456,1.0,209476.0,-24.2837740894157,0.0,12.25236445330945,0.4722887126798646,21.90508225751183,0.0283,0.4722887126798646,0.564509063121456
426,2021,PH,Manila Water Company Inc,utilities,83.1819437847561,100.0,12.0,36.8421052631579,9.09090909090909,0.0,0.0,1392640172.49426,0.0228,1407147678.72132,3246066380.81977,0.759885930915066,1.0,246547.37,-16.8180562152439,0.0,12.41530942438791,0.433493192571729,21.90070975586661,0.0228,0.433493192571729,0.759885930915066
426,2022,PH,Manila Water Company Inc,utilities,75.891629748254,100.0,11.0,33.3333333333333,9.09090909090909,0.0,0.0,981093444.208032,0.02868,1533303473.82791,3499266612.66391,0.766121116880524,1.0,203961.93,-24.108370251746,0.0,12.22568863776405,0.4381785224020532,21.97581924424648,0.02868,0.4381785224020532,0.766121116880524
426,2023,PH,Manila Water Company Inc,utilities,64.543800139368,100.0,12.0,28.5714285714286,16.6666666666667,0.0,0.0,866570035.673033,0.02766,1800296614.88048,3785791177.09612,0.696544311008759,1.0,203076.1,-35.456199860632,0.0,12.22133606462245,0.4755403905456276,22.05452073160806,0.02766,0.4755403905456276,0.696544311008759
426,2024,PH,Manila Water Company Inc,utilities,66.1122661122661,100.0,9.0,33.3333333333333,22.2222222222222,0.0,0.0,1204314533.53538,0.04799,1839547872.63241,3924918075.9522,0.922569640620224,1.0,211816.37,-33.8877338877339,0.0,12.26347499905886,0.4686843997848614,22.09061131559409,0.04799,0.4686843997848614,0.922569640620224
427,2020,MY,Zetri AI Bhd,industrials,48.1725127915398,100.0,6.0,66.6666666666667,16.6666666666667,0.0,0.0,6938251904.02655,0.2193,42531094.5273632,352421641.791045,5.97885693144686,0.0,1625.261,-51.8274872084602,0.0,7.393423697251183,0.1206824141423766,19.68033886271453,0.2193,0.1206824141423766,5.97885693144686
427,2021,MY,Zetri AI Bhd,industrials,57.6510509122682,100.0,7.0,62.5,28.5714285714286,0.0,0.0,1882914864.90047,0.19149,39885446.685879,452354466.85879,5.05975515000415,0.0,1790.354,-42.3489490877318,0.0,7.490168644644938,0.08817299177534133,19.92997664917182,0.19149,0.08817299177534133,5.05975515000415
427,2022,MY,Zetri AI Bhd,industrials,56.561260813263,100.0,7.0,57.1428571428571,28.5714285714286,0.0,0.0,1462337592.28529,0.18019,109847954.545455,577199318.181818,3.39820424931793,0.0,2094.02,-43.438739186737,0.0,7.646840942483247,0.1903119963680429,20.17369820361211,0.18019,0.1903119963680429,3.39820424931793
427,2023,MY,Zetri AI Bhd,industrials,55.427028727809,100.0,7.0,57.1428571428571,28.5714285714286,0.0,0.0,1342118875.66231,0.1691,191870152.505447,701040958.605664,2.75829636783559,1.0,1616.82,-44.572971272191,0.0,7.388216536126707,0.2736932131427346,20.36807687211602,0.1691,0.2736932131427346,2.75829636783559
427,2024,MY,Zetri AI Bhd,industrials,54.5403776078129,100.0,7.0,57.1428571428571,28.5714285714286,0.0,0.0,1639397447.59176,0.1866,288876678.603402,950457699.19427,2.54200463443759,1.0,1667.14,-45.4596223921871,0.0,7.418864862427761,0.3039342822392738,20.67245421516153,0.1866,0.3039342822392738,2.54200463443759
428,2023,ID,Mayora Indah Tbk PT,consumer_staples,23.5411069174631,100.0,5.0,40.0,0.0,0.0,0.0,3616314538.17798,0.13839,277194548.650536,1550529715.00305,3.70179914055555,1.0,236369.0,-76.4588930825369,0.0,12.37314942224357,0.1787740963416433,21.16186246110865,0.13839,0.1787740963416433,3.70179914055555
428,2024,ID,Mayora Indah Tbk PT,consumer_staples,24.867669600213,100.0,5.0,40.0,0.0,0.0,0.0,3853514273.74458,0.11199,506429015.692356,1847655806.94574,3.69530907751907,1.0,241092.0,-75.13233039978701,0.0,12.39293388236616,0.2740927253813071,21.33718354116617,0.11199,0.2740927253813071,3.69530907751907
431,2023,MY,Power Root Bhd,consumer_staples,30.669345597011,100.0,11.0,45.4545454545455,9.09090909090909,0.0,0.0,184214304.941176,0.08807999999999999,12596581.4716781,107042776.4955,2.20149187160817,0.0,6837.21,-69.330654402989,0.0,8.830135032668068,0.1176780151270427,18.48873909286709,0.08807999999999999,0.1176780151270427,2.20149187160817
431,2024,MY,Power Root Bhd,consumer_staples,30.1531184074241,100.0,11.0,45.4545454545455,9.09090909090909,0.0,0.0,155163428.379588,0.06299,22932807.2153326,114988726.042841,2.18959354637526,0.0,5930.83,-69.8468815925759,0.0,8.687919448470593,0.1994352664346294,18.56034464711176,0.06299,0.1994352664346294,2.18959354637526
432,2017,MY,Nestle (Malaysia) Bhd,consumer_staples,85.9581326761798,100.0,8.0,62.5,25.0,0.0,0.0,5984272997.03264,0.25568,112207220.573689,647087784.371909,38.0572862772726,1.0,166264.0,-14.0418673238202,0.0,12.02133216549891,0.1734033979371162,20.28799252235265,0.25568,0.1734033979371162,38.0572862772726
432,2018,MY,Nestle (Malaysia) Bhd,consumer_staples,87.3977703725396,100.0,8.0,62.5,25.0,0.0,0.0,8369322033.89831,0.24384,93772397.094431,689414527.845036,42.01405290619211,1.0,166660.0,-12.6022296274604,0.0,12.0237110879362,0.13601743698025,20.35135328499738,0.24384,0.13601743698025,52.8252434158143
432,2019,MY,Nestle (Malaysia) Bhd,consumer_staples,84.908690511413,100.0,7.0,60.0,28.5714285714286,0.0,0.0,8430300807.04329,0.24149,113232330.643189,666798239.178283,42.01405290619211,1.0,165641.0,-15.091309488587,0.0,12.01757807483036,0.1698149814893465,20.31799806813299,0.24149,0.1698149814893465,51.8427669929195
432,2020,MY,Nestle (Malaysia) Bhd,consumer_staples,88.1902311429898,100.0,7.0,50.0,28.5714285714286,0.0,0.0,8102500000.0,0.1938,137216417.910448,711783830.845771,42.01405290619211,1.0,140760.0,-11.8097688570102,0.0,11.85481159143552,0.1927782171553431,20.38328481491522,0.1938,0.1927782171553431,58.4633733953649
432,2021,MY,Nestle (Malaysia) Bhd,consumer_staples,90.0895726186427,100.0,7.0,66.6666666666667,28.5714285714286,0.0,0.0,7557612872.23823,0.19489,123440441.882805,716818203.650336,42.01405290619211,1.0,116135.0,-9.910427381357295,0.0,11.66250858650972,0.1722060645979622,20.39033281502007,0.19489,0.1722060645979622,54.007314264532
432,2022,MY,Nestle (Malaysia) Bhd,consumer_staples,91.5627616120733,100.0,7.0,66.6666666666667,28.5714285714286,0.0,0.0,7461363636.36364,0.1897,212368636.363636,807729772.727273,42.01405290619211,1.0,122485.0,-8.437238387926698,0.0,11.71574385248984,0.262920401765779,20.50973812085397,0.1897,0.262920401765779,52.4176294394523
432,2023,MY,Nestle (Malaysia) Bhd,consumer_staples,90.3218329325749,100.0,7.0,50.0,28.5714285714286,1.0,0.0,6008104575.1634,0.1853,201124618.736383,777608278.867102,40.8614067945283,1.0,59920.0,-9.678167067425093,0.0,11.0007656181911,0.2586451613264735,20.47173345774506,0.1853,0.2586451613264735,40.8614067945283
432,2024,MY,Nestle (Malaysia) Bhd,consumer_staples,89.3897848326122,100.0,8.0,66.6666666666667,25.0,1.0,0.0,5247383616.8308,0.1151,294211951.656222,816861683.079678,42.01405290619211,1.0,52735.0,-10.61021516738781,0.0,10.87303465071071,0.3601735247845186,20.52098033993557,0.1151,0.3601735247845186,42.818651846684
434,2024,MY,Notion VTec Bhd,information_technology,27.6814943888332,100.0,8.0,37.5,12.5,0.0,0.0,156335791.835273,0.08220000000000001,7127396.26304295,140515894.200437,1.14697447493812,1.0,38707.66,-72.3185056111668,0.0,10.56379279224829,0.05072306092915134,18.76083116632157,0.08220000000000001,0.05072306092915134,1.14697447493812
435,2022,MY,NTPM Holdings Bhd,consumer_staples,21.3052361810887,100.0,6.0,50.0,0.0,1.0,0.0,118701818.181818,-0.005500000000000001,89968979.1386272,242619446.388515,0.990198919909856,0.0,94478.364,-78.6947638189113,0.0,11.45612613488728,0.3708234458443069,19.30700470949963,-0.005500000000000001,0.3708234458443069,0.990198919909856
435,2023,MY,NTPM Holdings Bhd,consumer_staples,22.963904444928,100.0,6.0,62.5,33.3333333333333,0.0,0.0,92988235.2941177,-0.00813,70658134.1719078,213828899.790356,0.878151356315092,0.0,97217.003,-77.036095555072,1.0,11.48470090313395,0.330442396893886,19.18068671949867,-0.00813,0.330442396893886,0.878151356315092
436,2024,MY,Hetar Capital Bhd,information_technology,17.0065052156198,100.0,6.0,57.1428571428571,16.6666666666667,0.0,0.0,35513032.1866607,0.023637,19202727.2506673,94143144.8677505,0.800223204421494,0.0,1325.08,-82.9934947843802,0.0,7.189228113956173,0.2039737176577511,18.36032699966515,0.023637,0.2039737176577511,0.800223204421494
438,2021,MY,RGT Bhd,materials,34.519219725487,100.0,7.0,57.1428571428571,14.2857142857143,0.0,0.0,10191083.1713112,-0.034882,5158657.10843373,43468779.0361446,2.09452104638792,1.0,2480.55,-65.480780274513,0.0,7.816235588764315,0.1186749943941207,17.58755351506521,-0.034882,0.1186749943941207,2.09452104638792
438,2022,MY,RGT Bhd,materials,36.6352860088078,100.0,6.0,57.1428571428571,16.6666666666667,0.0,0.0,8831963.337785,-0.028265,13109305.4925102,53585358.6019065,2.2639048308207,1.0,2612.0,-63.3647139911922,0.0,7.867871490396322,0.244643421907487,17.79678642831374,-0.028265,0.244643421907487,2.2639048308207
439,2021,MY,Pantech Group Holdings Bhd,materials,33.8408965596731,100.0,9.0,33.3333333333333,33.3333333333333,0.0,0.0,113490856.599549,0.0696,55181363.2030505,278724976.167779,0.669517188213533,0.0,13596.0,-66.1591034403269,1.0,9.517530910816006,0.1979778201499746,19.44573610511348,0.0696,0.1979778201499746,0.669517188213533
439,2022,MY,Pantech Group Holdings Bhd,materials,35.1883788068104,100.0,9.0,33.3333333333333,33.3333333333333,0.0,0.0,135813976.460223,0.22146,51936934.2251951,255523593.756968,0.742733124050819,0.0,20046.0,-64.81162119318961,1.0,9.905784911584812,0.2032569026662682,19.35882530681614,0.22146,0.2032569026662682,0.742733124050819
439,2023,MY,Pantech Group Holdings Bhd,materials,39.3465126756556,100.0,9.0,33.3333333333333,33.3333333333333,0.0,0.0,165655851.261386,0.08823,53420722.2690848,263752180.092788,0.871883557321855,0.0,23030.0,-60.6534873243444,1.0,10.04455299281473,0.2025413486640807,19.39052050847503,0.08823,0.2025413486640807,0.871883557321855
440,2023,TH,Pacific Pipe PCL,materials,44.3695501999758,100.0,9.0,55.5555555555556,33.3333333333333,1.0,1.0,49316987.7408056,0.05521,48268308.3551674,114066521.54294,0.839908224576449,0.0,11092.0,-55.6304498000242,1.0,9.313979406735669,0.4231592907564639,18.55229235848232,0.05521,0.4231592907564639,0.839908224576449
440,2024,TH,Pacific Pipe PCL,materials,47.051751355752,100.0,9.0,55.5555555555556,33.3333333333333,1.0,1.0,32072599.5316159,0.06896,51135684.0338587,114763655.779335,0.606612095426933,0.0,10004.78,-52.948248644248,1.0,9.210818257770574,0.445573850768411,18.55838540443738,0.06896,0.445573850768411,0.606612095426933
441,2024,MY,Paramount Corporation Bhd,real_estate,60.6306903024323,100.0,8.0,75.0,25.0,0.0,0.0,146353979.274843,0.0339,226531557.743957,685956580.125336,0.456945504439064,1.0,5640.99,-39.3693096975677,0.0,8.637814861003074,0.3302418320742194,20.34632488940906,0.0339,0.3302418320742194,0.456945504439064
443,2022,MY,Petra Energy Bhd,energy,28.6177604828298,100.0,7.0,42.8571428571429,14.2857142857143,0.0,0.0,60514374.375,-0.05604,23925681.8181818,143183409.090909,0.68571021878379,1.0,32324.0,-71.3822395171702,0.0,10.38356526735334,0.1670981433539627,18.77963694747502,-0.05604,0.1670981433539627,0.68571021878379
443,2023,MY,Petra Energy Bhd,energy,27.2349737004326,100.0,7.0,50.0,28.5714285714286,0.0,0.0,63742880.8823529,-0.02843,12529629.6296296,147356427.015251,0.715388041931335,1.0,31466.0,-72.7650262995674,0.0,10.35666287680037,0.08502940715529711,18.80836488353814,-0.02843,0.08502940715529711,0.715388041931335
444,2014,MY,Petronas Dagangan Bhd,energy,29.1154149600731,100.0,10.0,30.7692307692308,20.0,0.0,0.0,4650855611.62518,0.0509,141448927.038627,2729765665.23605,3.45913044983178,0.0,5980000.0,-70.8845850399269,0.0,15.60393112592681,0.0518172416189415,21.72748160554921,0.0509,0.0518172416189415,3.45913044983178
444,2015,MY,Petronas Dagangan Bhd,energy,37.7280166497654,100.0,10.0,33.3333333333333,20.0,0.0,0.0,5564646395.21538,0.08971,49375291.3752914,1881259906.75991,4.87490256750194,0.0,5980000.0,-62.2719833502346,0.0,15.60393112592681,0.02624586384787754,21.35520755249937,0.08971,0.02624586384787754,4.87490256750194
444,2016,MY,Petronas Dagangan Bhd,energy,61.5376867032522,100.0,8.0,27.2727272727273,25.0,0.0,0.0,5096319774.28877,0.10835,26484780.9120303,2088284758.613,4.35843814324933,1.0,70000.0,-38.4623132967478,0.0,11.1562505210315,0.01268255241666419,21.45960887631415,0.10835,0.01268255241666419,4.35843814324933
444,2017,MY,Petronas Dagangan Bhd,energy,57.710239440624,100.0,8.0,37.5,25.0,0.0,0.0,5760675184.73986,0.16109,16635756.6765579,2410542284.86647,3.92548321636852,1.0,72000.0,-42.289760559376,0.0,11.18442139799819,0.006901250718976467,21.60311757360443,0.16109,0.006901250718976467,3.92548321636852
444,2018,MY,Petronas Dagangan Bhd,energy,73.8696431242766,100.0,7.0,44.4444444444444,28.5714285714286,0.0,0.0,6217100079.35593,0.08984,13307506.0532688,2220529055.69007,4.40330471108618,1.0,179500.0,-26.13035687572339,0.0,12.09793048691047,0.005992943897387215,21.52101131781238,0.08984,0.005992943897387215,4.40330471108618
444,2019,MY,Petronas Dagangan Bhd,energy,76.4352541251743,100.0,8.0,55.5555555555556,25.0,0.0,0.0,5473774589.33138,0.0866,81720469.5524578,2444669112.25238,3.78771407163697,1.0,179600.0,-23.5647458748257,0.0,12.09848743485024,0.03342802882520374,21.61717561830287,0.0866,0.03342802882520374,3.78771407163697
444,2020,MY,Petronas Dagangan Bhd,energy,67.9099602101084,100.0,9.0,66.6666666666667,33.3333333333333,0.0,0.0,5195267693.0,0.03294,44320895.5223881,2079509950.24876,3.74236624646195,1.0,159900.0,-32.09003978989161,1.0,11.98230389882205,0.02131314424202983,21.45539810205946,0.03294,0.02131314424202983,3.74236624646195
444,2021,MY,Petronas Dagangan Bhd,energy,74.9938641687485,100.0,10.0,58.3333333333333,30.0,0.0,0.0,4828105083.65658,0.059,27961575.4082613,2305668347.74256,3.64226554613557,1.0,136400.0,-25.0061358312515,1.0,11.8233470243915,0.01212731893363501,21.5586364270027,0.059,0.01212731893363501,3.64226554613557
444,2022,MY,Petronas Dagangan Bhd,energy,70.8130382716256,100.0,9.0,54.5454545454545,33.3333333333333,0.0,0.0,5101470507.805,0.0745,41889318.1818182,2558531136.36364,3.95283057964231,1.0,120200.0,-29.1869617283744,1.0,11.69691230108324,0.01637240899141614,21.66269915590814,0.0745,0.01637240899141614,3.95283057964231
444,2023,MY,Petronas Dagangan Bhd,energy,72.0408591168825,100.0,10.0,58.3333333333333,30.0,0.0,0.0,4674207996.04096,0.08292999999999999,33163180.8278867,2502605446.62309,3.76136175046144,1.0,145500.0,-27.9591408831175,1.0,11.88793136559369,0.01325146194044918,21.64059820477866,0.08292999999999999,0.01325146194044918,3.76136175046144
444,2024,MY,Petronas Dagangan Bhd,energy,64.7778781460002,100.0,10.0,60.0,30.0,0.0,0.0,4247780284.83706,0.09619,24163384.0644584,2487842435.094,3.17862153950341,1.0,126000.0,-35.22212185399979,1.0,11.74403718593362,0.009712586184560928,21.63468167987178,0.09619,0.009712586184560928,3.17862153950341
445,2014,MY,Petronas Gas Bhd,utilities,42.2053729831674,90.0,8.0,44.4444444444444,12.5,0.0,0.0,12006975782.5225,0.1392,252432045.779685,3794127896.99571,3.9837541121561,0.0,4760000.0,-47.7946270168326,0.0,15.3757582262076,0.06653229744299535,22.05672041822202,0.1392,0.06653229744299535,3.9837541121561
445,2015,MY,Petronas Gas Bhd,utilities,45.9863254095202,100.0,8.0,44.4444444444444,12.5,0.0,0.0,10020273971.6879,0.1438,246680652.680653,3352449184.14918,3.75799745254243,1.0,5580000.0,-54.0136745904798,0.0,15.53469933435749,0.07358221978337257,21.93295701540618,0.1438,0.07358221978337257,3.75799745254243
445,2016,MY,Petronas Gas Bhd,utilities,41.9660027020212,80.0,8.0,36.3636363636364,37.5,0.0,0.0,8994491494.2007,0.11243,501602631.285539,3691299364.47765,3.37064759884762,0.0,4600000.0,-38.0339972979788,1.0,15.34156686145932,0.1358878220803747,22.02924436430993,0.11243,0.1358878220803747,3.37064759884762
445,2017,MY,Petronas Gas Bhd,utilities,44.2239949518827,100.0,8.0,36.3636363636364,37.5,0.0,0.0,8185426771.54936,0.10489,762681256.181998,4326444609.29772,2.67303483673249,0.0,5620000.0,-55.7760050481173,1.0,15.54184222186987,0.1762836058372185,22.18801193527055,0.10489,0.1762836058372185,2.67303483673249
445,2018,MY,Petronas Gas Bhd,utilities,50.5132829605839,100.0,9.0,55.5555555555556,44.4444444444444,0.0,0.0,8803638926.67804,0.10043,805548184.01937,4425084987.89346,2.83534963025438,0.0,5801748.0,-49.4867170394161,1.0,15.57366980942137,0.1820412910087061,22.21055532152547,0.10043,0.1820412910087061,2.83534963025438
445,2019,MY,Petronas Gas Bhd,utilities,45.9130012769681,100.0,8.0,40.0,50.0,0.0,0.0,7697061485.1133,0.10179,953513328.442162,4789317926.14331,2.37617400336722,0.0,6171091.0,-54.0869987230319,1.0,15.6353862035889,0.1990916750874371,22.28965384285287,0.10179,0.1990916750874371,2.37617400336722
445,2020,MY,Petronas Gas Bhd,utilities,53.1613203801947,100.0,9.0,50.0,44.4444444444444,0.0,0.0,8381615519.92771,0.10599,815776368.159204,4563337064.67662,2.6667782848319,0.0,5423883.0,-46.8386796198053,1.0,15.50632253757326,0.1787675020707711,22.24132000525764,0.10599,0.1787675020707711,2.6667782848319
445,2021,MY,Petronas Gas Bhd,utilities,65.0133449907056,100.0,10.0,50.0,40.0,1.0,0.0,8504096513.29061,0.10599,827837656.099904,4607613592.69933,2.70343065106129,1.0,5991072.0,-34.9866550092944,1.0,15.60578091902089,0.1796673352582334,22.2509759010729,0.10599,0.1796673352582334,2.70343065106129
445,2022,MY,Petronas Gas Bhd,utilities,60.5127958017871,100.0,10.0,54.5454545454545,30.0,0.0,0.0,7699065996.54545,0.09,871759545.454546,4474636818.18182,2.57648904711052,1.0,5804306.0,-39.4872041982129,1.0,15.57411061385696,0.1948224137235719,22.22169102743155,0.09,0.1948224137235719,2.57648904711052
445,2023,MY,Petronas Gas Bhd,utilities,63.6178305272457,100.0,8.0,55.5555555555556,37.5,0.0,0.0,7501075233.33333,0.0933,686812418.300653,4208993028.32244,2.54000585168847,1.0,5908567.0,-36.3821694727543,1.0,15.59191388959241,0.1631773713282658,22.16048927035962,0.0933,0.1631773713282658,2.54000585168847
445,2024,MY,Petronas Gas Bhd,utilities,57.0138821301816,100.0,9.0,40.0,33.3333333333333,0.0,1.0,7829897103.22292,0.0965,413474037.600716,4197551253.35721,2.50809584423988,1.0,6126265.0,-42.9861178698184,1.0,15.6280958236828,0.09850363048456373,22.15776715728984,0.0965,0.09850363048456373,2.50809584423988
446,2021,MY,Perdana Petroleum Bhd,energy,37.1182685246905,100.0,8.0,58.3333333333333,12.5,0.0,0.0,61218000.2917868,0.06861,16260566.7627281,197685398.655139,0.489975923212721,1.0,92.0,-62.8817314753095,0.0,4.52178857704904,0.08225476880614012,19.10218742934425,0.06861,0.08225476880614012,0.489975923212721
446,2022,MY,Perdana Petroleum Bhd,energy,35.2078576035433,100.0,8.0,50.0,12.5,0.0,0.0,62994857.6988636,-0.07292,11945681.8181818,186992727.272727,0.478811916033547,1.0,10697.0,-64.7921423964567,0.0,9.27771860730613,0.06388313595083911,19.04658028247287,-0.07292,0.06388313595083911,0.478811916033547
446,2024,MY,Perdana Petroleum Bhd,energy,44.3383013036398,100.0,8.0,44.4444444444444,25.0,0.0,0.0,124611036.313787,-0.09124080000000001,3880035.81020591,214824977.618621,0.708912303039949,1.0,17605.0,-55.6616986963602,0.0,9.775938231589153,0.01806138119140942,19.18533419697932,-0.11574,0.01806138119140942,0.708912303039949
447,2014,ID,Perusahaan Gas Negara Tbk PT,utilities,65.8342457187478,100.0,7.0,25.0,0.0,0.0,1.0,11687348266.4524,0.15639,1853039837.0,5689567974.0,4.08557057486777,1.0,53880.0,-34.16575428125221,0.0,10.8945146305243,0.3256907809991831,22.46190015496126,0.15639,0.3256907809991831,4.08557057486777
447,2015,ID,Perusahaan Gas Negara Tbk PT,utilities,62.8204234674393,100.0,6.0,28.5714285714286,0.0,0.0,1.0,4828950652.97678,0.06312999999999999,2708794832.0,6495022261.0,1.59809987300457,1.0,63854.77,-37.1795765325607,0.0,11.0643665650133,0.4170570512537309,22.5943019144688,0.06312999999999999,0.4170570512537309,1.59809987300457
447,2016,ID,Perusahaan Gas Negara Tbk PT,utilities,65.3160430887808,100.0,6.0,36.3636363636364,0.0,0.0,1.0,4859099638.39644,0.04566,2902647171.0,6834152968.0,1.53614646215118,1.0,60778.16,-34.6839569112192,0.0,11.01498579289639,0.4247266902849928,22.64519837376624,0.04566,0.4247266902849928,1.53614646215118
447,2017,ID,Perusahaan Gas Negara Tbk PT,utilities,65.9328859749027,100.0,6.0,37.5,0.0,0.0,1.0,3127360069.51714,0.02181,2807407242.0,8183180242.0,0.835988408845488,1.0,62282.71,-34.0671140250973,0.0,11.03943913816761,0.3430704394840335,22.82534669464527,0.02181,0.3430704394840335,0.835988408845488
447,2018,ID,Perusahaan Gas Negara Tbk PT,utilities,72.9929992263087,100.0,6.0,28.5714285714286,16.6666666666667,0.0,1.0,3530882677.80969,0.02143,3503951305.0,7939273167.0,1.38863605927861,1.0,86587.78,-27.0070007736913,0.0,11.36891397604874,0.4413440917443621,22.79508756733525,0.02143,0.4413440917443621,1.38863605927861
447,2019,ID,Perusahaan Gas Negara Tbk PT,utilities,72.1083525837287,100.0,5.0,28.5714285714286,0.0,0.0,1.0,3779028217.33621,0.03529,2782351419.0,7373713156.0,1.47993630363224,1.0,81912.99,-27.8916474162713,0.0,11.31341286532284,0.3773338289862818,22.72118723662558,0.03529,0.3773338289862818,1.47993630363224
447,2020,ID,Perusahaan Gas Negara Tbk PT,utilities,71.3384776597013,100.0,6.0,37.5,0.0,0.0,1.0,2857528209.71368,-0.03552,3093277256.0,7533986395.0,1.27960290550671,1.0,75852.41,-28.6615223402987,0.0,11.23654475750857,0.4105764324253203,22.74269014040098,-0.03552,0.4105764324253203,1.27960290550671
447,2021,ID,Perusahaan Gas Negara Tbk PT,utilities,66.1595816569536,100.0,6.0,37.5,0.0,0.0,1.0,2336633282.12408,0.0404,2950432684.0,7510948902.0,0.926245069743711,1.0,72698.46,-33.84041834304639,0.0,11.19407548035364,0.3928175683919731,22.73962764653834,0.0404,0.3928175683919731,0.926245069743711
447,2022,ID,Perusahaan Gas Negara Tbk PT,utilities,75.1270675975045,100.0,6.0,57.1428571428571,16.6666666666667,0.0,0.0,2741089265.9788,0.0444,2149587481.0,7194859982.0,1.04057858153302,1.0,52206.74,-24.87293240249549,0.0,10.86296688430956,0.2987671040684333,22.69663271663773,0.0444,0.2987671040684333,1.04057858153302
447,2023,ID,Perusahaan Gas Negara Tbk PT,utilities,63.4543387438353,100.0,6.0,50.0,16.6666666666667,0.0,0.0,1779337724.03248,0.0403,1545553799.0,6599238469.0,0.659293608806228,1.0,650295.33,-36.5456612561647,0.0,13.38518189253052,0.2342018410548819,22.61022009583676,0.0403,0.2342018410548819,0.659293608806228
447,2024,ID,Perusahaan Gas Negara Tbk PT,utilities,68.0713914652652,100.0,6.0,62.5,16.6666666666667,0.0,1.0,2389584502.89151,0.05219,1271375086.0,6415949730.0,0.847659632821509,1.0,638643.44,-31.92860853473481,0.0,13.36710158075137,0.1981585173673111,22.58205287238018,0.05219,0.1981585173673111,0.847659632821509
450,2018,MY,Press Metal Aluminium Holdings Bhd,materials,45.5570671648656,100.0,9.0,44.4444444444444,11.1111111111111,0.0,0.0,4620310213.9322,0.08006,722674334.140436,2019740193.7046,5.89566646296213,0.0,2198700.0,-54.4429328351344,0.0,14.60337683458205,0.3578055912304787,21.42623472310973,0.08006,0.3578055912304787,5.89566646296213
450,2019,MY,Press Metal Aluminium Holdings Bhd,materials,59.8562779925047,100.0,10.0,50.0,10.0,0.0,0.0,4592127502.16434,0.05413999999999999,944275862.068966,2362573978.96796,5.12196799522097,1.0,2380000.0,-40.1437220074953,0.0,14.68261104564766,0.3996809710405144,21.58301753069077,0.05413999999999999,0.3996809710405144,5.12196799522097
450,2020,MY,Press Metal Aluminium Holdings Bhd,materials,64.8715141141997,100.0,10.0,50.0,10.0,1.0,0.0,8427795779.15672,0.04459,1280699253.73134,2968761691.54229,8.48048332613688,1.0,2320000.0,-35.1284858858003,0.0,14.65707774364249,0.431391733927289,21.81141076394319,0.04459,0.431391733927289,8.48048332613688
450,2021,MY,Press Metal Aluminium Holdings Bhd,materials,66.5506084776331,100.0,10.0,54.5454545454545,20.0,0.0,0.0,11210505828.732,0.08029,1529828770.41306,3412802593.65994,12.0541904343331,1.0,2199600.0,-33.44939152236689,0.0,14.6037860836158,0.4482617228594078,21.95079966566113,0.08029,0.4482617228594078,12.0541904343331
450,2022,MY,Press Metal Aluminium Holdings Bhd,materials,75.7244281423705,100.0,10.0,58.3333333333333,30.0,0.0,1.0,9138485171.96363,0.09597,1157571136.36364,3480973181.81818,6.0583206499761,1.0,4798100.0,-24.2755718576295,1.0,15.38373056418209,0.3325423885509564,21.97057774158579,0.09597,0.3325423885509564,6.0583206499761
450,2023,MY,Press Metal Aluminium Holdings Bhd,materials,80.490488410117,100.0,10.0,50.0,30.0,1.0,1.0,8634544991.76035,0.07927,1008246840.95861,3347815250.54466,5.71649897000064,1.0,5198900.0,-19.509511589883,1.0,15.4639576227127,0.3011656156338308,21.93157380601541,0.07927,0.3011656156338308,5.71649897000064
450,2024,MY,Press Metal Aluminium Holdings Bhd,materials,80.1870054225781,100.0,10.0,50.0,30.0,1.0,1.0,9036286282.94539,0.11009,914145478.961504,3722965756.4906,4.76324349928653,1.0,4293200.0,-19.8129945774219,1.0,15.27254293358951,0.2455422742924206,22.03778643396783,0.11009,0.2455422742924206,4.76324349928653
454,2021,MY,Pos Malaysia Bhd,industrials,32.107445047771,100.0,9.0,72.7272727272727,22.2222222222222,0.0,0.0,123131322.665706,-0.09124080000000001,203012247.838617,645720941.402498,0.631731455663996,1.0,116162.02,-67.892554952229,0.0,11.66274121971458,0.3143962582314225,20.28587798916386,-0.0915,0.3143962582314225,0.631731455663996
454,2022,MY,Pos Malaysia Bhd,industrials,46.9774453416346,100.0,7.0,66.6666666666667,0.0,0.0,0.0,107631814.95,-0.06589,186239318.181818,539889318.181818,0.732802305267702,1.0,111277.86,-53.0225546583654,0.0,11.61978559564318,0.3449583311057441,20.10687471018416,-0.06589,0.3449583311057441,0.732802305267702
454,2023,MY,Pos Malaysia Bhd,industrials,60.6174895301058,100.0,7.0,62.5,14.2857142857143,0.0,0.0,84417109.7647059,-0.06969,134797821.350763,473657080.610022,0.782449793722625,1.0,104363.65,-39.3825104698942,0.0,11.55563671372529,0.2845894780611263,19.97599415920822,-0.06969,0.2845894780611263,0.782449793722625
455,2017,MY,PPB Group Bhd,consumer_staples,18.7741240657997,100.0,7.0,42.8571428571429,14.2857142857143,0.0,0.0,5010713653.99867,0.05434,259976013.847676,5672376360.03957,0.979851017653221,0.0,81477.0,-81.2258759342003,0.0,11.30807605081166,0.04583194015106967,22.45887397800163,0.05434,0.04583194015106967,0.979851017653221
455,2018,MY,PPB Group Bhd,consumer_staples,40.7403232322164,100.0,7.0,42.8571428571429,14.2857142857143,0.0,0.0,6003761579.04155,0.04661,182566101.694915,5628247699.75787,1.17849091285422,1.0,83677.0,-59.2596767677836,0.0,11.33471942779567,0.03243746747371639,22.45106398726947,0.04661,0.03243746747371639,1.17849091285422
455,2019,MY,PPB Group Bhd,consumer_staples,37.4842352340605,100.0,7.0,57.1428571428571,14.2857142857143,0.0,0.0,6498579118.75948,0.04919,151060650.525801,5766631694.7909,1.2396720036449,1.0,85690.824,-62.5157647659395,0.0,11.35850102767481,0.02619564739365213,22.47535398527652,0.04919,0.02619564739365213,1.2396720036449
455,2020,MY,PPB Group Bhd,consumer_staples,36.7192883839351,100.0,7.0,57.1428571428571,14.2857142857143,0.0,0.0,6497848050.80241,0.05299,186420398.00995,6189964676.61692,1.14473188948029,1.0,85014.586,-63.2807116160649,0.0,11.35057812075086,0.0301165527994316,22.54619521710271,0.05299,0.0301165527994316,1.14473188948029
455,2021,MY,PPB Group Bhd,consumer_staples,38.295142206088,100.0,7.0,57.1428571428571,14.2857142857143,0.0,0.0,5842084980.04323,0.05719,341210374.639769,6579529779.0586,0.995700421521604,1.0,73866.0,-61.704857793912,0.0,11.21000791987567,0.05185938601961756,22.60722911758095,0.05719,0.05185938601961756,0.995700421521604
455,2022,MY,PPB Group Bhd,consumer_staples,44.1760658098623,100.0,7.0,57.1428571428571,14.2857142857143,0.0,0.0,5638664885.49091,0.08224000000000001,392835000.0,6575608409.09091,0.960484660952386,1.0,92974.0,-55.8239341901377,0.0,11.44007516315597,0.05974123998273647,22.6066329444313,0.08224000000000001,0.05974123998273647,0.960484660952386
455,2024,MY,PPB Group Bhd,consumer_staples,48.8013982886455,100.0,8.0,55.5555555555556,37.5,0.0,0.0,3948125972.15757,0.04190000000000001,188418979.409132,6443025738.5855,0.663836501738164,1.0,128077.0,-51.1986017113545,1.0,11.76038692453557,0.02924386570128733,22.58626410190877,0.04190000000000001,0.02924386570128733,0.663836501738164
457,2024,TH,Precious Shipping PCL,industrials,68.5705414184083,100.0,12.0,41.6666666666667,41.6666666666667,0.0,0.0,308115341.583724,0.0581,247527663.747811,764981833.450088,0.624142481540749,1.0,10902.0,-31.4294585815917,1.0,9.296701537624227,0.3235732574608403,20.45536264438477,0.0581,0.3235732574608403,0.624142481540749
458,2014,ID,Bukit Asam Tbk PT,energy,88.8573990753559,100.0,6.0,50.0,0.0,1.0,1.0,2314314835.27521,0.15223,182182229.402262,1200372455.57351,3.23229946530901,1.0,451331.0,-11.1426009246441,0.0,13.01995627390582,0.1517714177431867,20.90589772522716,0.15223,0.1517714177431867,3.23229946530901
458,2016,ID,Bukit Asam Tbk PT,energy,81.1051358831122,100.0,6.0,28.5714285714286,0.0,0.0,1.0,2138206987.75056,0.11312,175836971.046771,1379122048.99777,2.52855649543816,1.0,216191.0,-18.8948641168878,0.0,12.28391755519866,0.1274992094967625,21.04471293727831,0.11312,0.1274992094967625,2.52855649543816
458,2019,ID,Bukit Asam Tbk PT,energy,61.6613052774775,100.0,6.0,33.3333333333333,0.0,0.0,0.0,2201505287.71552,0.1614,45457060.518732,1880263112.39193,1.63029455037237,1.0,344030.12,-38.3386947225225,0.0,12.74848449066208,0.02417590401000045,21.35467755739567,0.1614,0.02417590401000045,1.63029455037237
458,2020,ID,Bukit Asam Tbk PT,energy,64.423986588428,100.0,6.0,33.3333333333333,0.0,0.0,0.0,2305772969.55128,0.09519,66394871.7948718,1713444088.31909,1.87475122072462,1.0,473750.3,-35.57601341157201,0.0,13.06843566862396,0.03874936582261403,21.2617712686439,0.09519,0.03874936582261403,1.87475122072462
458,2021,ID,Bukit Asam Tbk PT,energy,64.8521490710807,100.0,6.0,30.0,0.0,0.0,0.0,2188642591.48265,0.2628,73491298.245614,2534996701.75439,1.2938807476538,1.0,470735.0,-35.1478509289193,0.0,13.06205058196499,0.02899068791480203,21.65345817290563,0.2628,0.02899068791480203,1.2938807476538
458,2022,ID,Bukit Asam Tbk PT,energy,76.7637527195544,100.0,7.0,28.5714285714286,16.6666666666667,0.0,0.0,2731206722.29361,0.3085,87516929.0073884,2914179698.04048,1.47666615879468,1.0,558038.0,-23.2362472804456,0.0,13.23218233940315,0.03003141126342879,21.7928542099562,0.3085,0.03003141126342879,1.47666615879468
458,2023,ID,Bukit Asam Tbk PT,energy,81.9800123774198,100.0,6.0,33.3333333333333,16.6666666666667,0.0,0.0,1825944044.81975,0.14519,84552257.2263722,2518037609.61351,1.30764613699628,1.0,828914.0,-18.0199876225802,0.0,13.62787168929101,0.03357863159134863,21.64674570876103,0.14519,0.03357863159134863,1.30764613699628
458,2024,ID,Bukit Asam Tbk PT,energy,81.0349905158548,100.0,6.0,50.0,0.0,0.0,0.0,1964154552.85183,0.12672,139902610.316967,2596990428.83779,1.40697965845849,1.0,1028230.24,-18.9650094841452,0.0,13.84334966879156,0.05387105349463166,21.67761908415153,0.12672,0.05387105349463166,1.40697965845849
459,2014,TH,PTT PCL,energy,74.1330865966926,100.0,21.0,62.962962962963,0.0,0.0,0.0,28171722328.7671,0.04319,22152329898.0547,68399738001.1854,1.35439680509516,1.0,34178977.0,-25.86691340330739,0.0,17.34712130542032,0.3238657127264258,24.94863483117555,0.04319,0.3238657127264258,1.35439680509516
459,2015,TH,PTT PCL,energy,68.8894000172953,100.0,20.0,73.5294117647059,5.0,0.0,0.0,19316438705.6541,0.03082,18303966288.5619,60355252249.6946,0.999698891743916,1.0,31569996.0,-31.1105999827047,0.0,17.2677177338316,0.3032704794743778,24.82351381052403,0.03082,0.3032704794743778,0.999698891743916
459,2016,TH,PTT PCL,energy,72.3349946178508,100.0,20.0,60.0,5.0,0.0,0.0,29646859946.9866,0.0429,17127499893.5268,62286023531.1105,1.3926820033171,1.0,32195997.0,-27.6650053821492,0.0,17.28735268601648,0.2749814311869178,24.85500289617683,0.0429,0.2749814311869178,1.3926820033171
459,2017,TH,PTT PCL,energy,70.1537258639681,100.0,19.0,68.1818181818182,5.26315789473684,0.0,0.0,38610501843.318,0.05981,16266673419.2627,68581080092.043,1.53513521539931,1.0,31586190.0,-29.84627413603189,0.0,17.26823055771729,0.2371889360364567,24.95128253323079,0.05981,0.2371889360364567,1.53513521539931
459,2018,TH,PTT PCL,energy,75.754367780356,100.0,20.0,76.1904761904762,5.0,1.0,0.0,40377929548.2483,0.05216999999999999,16815178397.3709,72801804297.8658,1.50275635815779,1.0,31832843.0,-24.24563221964399,0.0,17.27600911352286,0.2309720007566329,25.01100657615327,0.05216999999999999,0.2309720007566329,1.50275635815779
459,2019,TH,PTT PCL,energy,75.1375969636447,86.3636363636363,19.0,75.0,5.26315789473684,0.0,0.0,41976347194.3888,0.03781,22142763976.4113,83567371066.4987,1.43041879894771,1.0,31796602.0,-11.22603939999161,0.0,17.27486998669506,0.2649690147460927,25.14891898260326,0.03781,0.2649690147460927,1.43041879894771
459,2020,TH,PTT PCL,energy,81.319254919142,68.4782608695652,16.0,63.6363636363636,6.25,0.0,0.0,40545335358.2164,0.015,26481463311.1851,84693171901.5646,1.37627181034457,1.0,31923559.0,12.84099404957679,0.0,17.27885482182423,0.3126753044739358,25.16230082026116,0.015,0.3126753044739358,1.37627181034457
459,2021,TH,PTT PCL,energy,79.789762409923,66.25,20.0,65.3846153846154,10.0,0.0,0.0,32555304664.0672,0.0385,28583365272.4346,92428049231.2368,1.07817416389966,1.0,30693749.0,13.539762409923,0.0,17.23956957618977,0.309249903142764,25.24969633263672,0.0385,0.309249903142764,1.07817416389966
459,2022,TH,PTT PCL,energy,81.6466174067574,73.469387755102,15.0,68.1818181818182,6.66666666666667,1.0,1.0,27440613271.0922,0.02811,34486960724.2704,98689173415.3713,0.902268531255966,1.0,33149632.0,8.177229651655395,0.0,17.31654217347872,0.3494502946044423,25.31524108552905,0.02811,0.3494502946044423,0.902268531255966
459,2023,TH,PTT PCL,energy,78.2362615924553,45.7627118644068,15.0,64.7058823529412,0.0,1.0,1.0,29805228135.9457,0.03259,33812006951.0917,100741248802.329,0.910746559346695,1.0,44884434.0,32.4735497280485,0.0,17.61960161109008,0.3356321998493036,25.33582117347782,0.03259,0.3356321998493036,0.910746559346695
459,2024,TH,PTT PCL,energy,77.2945225646985,100.0,15.0,73.6842105263158,6.66666666666667,1.0,1.0,26547866830.7231,0.02609,32288270823.7303,100373154592.44,0.78882565841691,1.0,41282490.0,-22.7054774353015,0.0,17.53594899708586,0.3216823358280922,25.33216062391297,0.02609,0.3216823358280922,0.78882565841691
460,2014,TH,PTT Eploration and Production PCL,energy,65.0977980556351,100.0,17.0,62.5,5.88235294117647,0.0,0.0,13535414453.5769,0.0667,4236819116.04863,23315285739.3617,1.18119369158592,1.0,5126229.0,-34.9022019443649,0.0,15.4498808591182,0.1817185156301079,23.87237502273364,0.0667,0.1817185156301079,1.18119369158592
460,2015,TH,PTT Eploration and Production PCL,energy,63.6176162800359,100.0,17.0,45.4545454545455,5.88235294117647,0.0,0.0,6299380935.42129,0.02135,3010962513.68684,19679721356.8295,0.611592797089892,1.0,4890178.0,-36.3823837199641,0.0,15.40273926160656,0.1529982289430099,23.70285456977259,0.02135,0.1529982289430099,0.611592797089892
460,2016,TH,PTT Eploration and Production PCL,energy,63.0387347478757,92.7083333333333,17.0,50.0,11.7647058823529,0.0,0.0,10661581884.7656,0.02429,2830881438.22545,18886426724.2467,1.0305173041903,1.0,4637160.0,-29.6695985854576,0.0,15.34961266784624,0.1498897318988943,23.66170933827135,0.02429,0.1498897318988943,1.0305173041903
460,2017,TH,PTT Eploration and Production PCL,energy,59.2594750274718,90.3225806451613,17.0,52.6315789473684,11.7647058823529,0.0,0.0,12196575729.6467,0.05267,2918854151.67435,19297121091.275,1.17406430555068,1.0,4650640.0,-31.06310561768949,0.0,15.35251540250139,0.1512585290763439,23.68322175547568,0.05267,0.1512585290763439,1.17406430555068
460,2018,TH,PTT Eploration and Production PCL,energy,62.860949191875,100.0,15.0,45.0,13.3333333333333,0.0,0.0,13847367636.7548,0.05741,1952978614.90875,19556339988.3081,1.28249413155734,1.0,4133252.0,-37.139050808125,0.0,15.2345750642942,0.09986421876876514,23.69656536688232,0.05741,0.09986421876876514,1.28249413155734
460,2019,TH,PTT Eploration and Production PCL,energy,67.8587115185372,86.9565217391304,16.0,50.0,12.5,0.0,0.0,16508456322.6453,0.07652,3487267377.11694,22580318919.8253,1.40799402856755,1.0,3919902.0,-19.09781022059319,0.0,15.18157721145414,0.1544383580010092,23.84034451956399,0.07652,0.1544383580010092,1.40799402856755
460,2020,TH,PTT Eploration and Production PCL,energy,64.7600389586795,100.0,16.0,61.1111111111111,12.5,0.0,0.0,13027757700.4008,0.03523,3931677673.10253,22491248172.5699,1.1162530599411,1.0,5402109.0,-35.2399610413205,0.0,15.50229999084309,0.1748092254789827,23.83639210038029,0.03523,0.1748092254789827,1.1162530599411
460,2021,TH,PTT Eploration and Production PCL,energy,64.2029155862143,73.469387755102,16.0,61.1111111111111,12.5,0.0,0.0,14050938128.3743,0.0519,4117108907.6136,23579165482.9973,1.14155722605067,1.0,5161758.3,-9.266472168887702,0.0,15.45678783522762,0.174607914371796,23.88362934054715,0.0519,0.174607914371796,1.14155722605067
460,2022,TH,PTT Eploration and Production PCL,energy,59.3859357411361,45.7627118644068,15.0,64.7058823529412,13.3333333333333,0.0,0.0,20245663770.5865,0.0968,3827746980.64143,25133323403.6406,1.50004605684212,1.0,5725572.94,13.6232238767293,0.0,15.56045317925312,0.152297685394323,23.94746042821152,0.0968,0.152297685394323,1.50004605684212
460,2023,TH,PTT Eploration and Production PCL,energy,57.9263926936814,100.0,14.0,63.1578947368421,21.4285714285714,0.0,0.0,17323783342.0899,0.08868999999999999,3640143609.89811,26282996390.1019,1.18862671240436,1.0,6761550.0,-42.0736073063186,0.0,15.72676271167705,0.1384980447384978,23.99218804195148,0.08868999999999999,0.1384980447384978,1.18862671240436
460,2024,TH,PTT Eploration and Production PCL,energy,64.4832544571898,100.0,15.0,63.1578947368421,13.3333333333333,0.0,0.0,13829867172.1311,0.08376,3731301138.35377,28175736952.7145,0.882062800775993,1.0,6566947.09,-35.5167455428102,0.0,15.69755960818923,0.1324295845257134,24.06172705279334,0.08376,0.1324295845257134,0.882062800775993
462,2019,ID,Pakuwon Jati Tbk PT,real_estate,22.4484804883259,100.0,8.0,25.0,37.5,0.0,0.0,1972052684.48276,0.1064,345582868.227666,1880054275.43228,1.8335652705924,0.0,617649.87,-77.5515195116741,1.0,13.33367702248975,0.1838153678559127,21.35456648328233,0.1064,0.1838153678559127,1.8335652705924
462,2020,ID,Pakuwon Jati Tbk PT,real_estate,27.0982276579816,100.0,8.0,25.0,37.5,0.0,0.0,1749387266.66667,0.0354,280912995.299145,1884530297.50712,1.67820931670583,1.0,226585.0,-72.9017723420184,1.0,12.33087542944501,0.1490626049741626,21.35694444775481,0.0354,0.1490626049741626,1.67820931670583
462,2021,ID,Pakuwon Jati Tbk PT,real_estate,41.3154818886272,100.0,3.0,33.3333333333333,33.3333333333333,0.0,0.0,1566495304.14301,0.05,400479520.0,2025689903.78947,1.39256344374383,1.0,212694.0,-58.6845181113728,1.0,12.26760979204574,0.1977003090407967,21.42917617271152,0.05,0.1977003090407967,1.39256344374383
462,2022,ID,Pakuwon Jati Tbk PT,real_estate,51.0177664722676,100.0,3.0,33.3333333333333,33.3333333333333,0.0,0.0,1410907722.09444,0.05179,403269665.788628,1966089297.5265,1.26884975006709,1.0,207741.0,-48.9822335277324,1.0,12.24404739047966,0.2051125888818855,21.39931227855876,0.05179,0.2051125888818855,1.26884975006709
462,2023,ID,Pakuwon Jati Tbk PT,real_estate,47.4118338668385,100.0,3.0,33.3333333333333,33.3333333333333,0.0,0.0,1420231210.75674,0.0665,400009692.757389,2124766936.21306,1.14494114848033,1.0,221250.0,-52.5881661331615,1.0,12.30704856287018,0.1882605032768066,21.47692795623161,0.0665,0.1882605032768066,1.14494114848033
462,2024,ID,Pakuwon Jati Tbk PT,real_estate,43.0902216104307,100.0,3.0,33.3333333333333,33.3333333333333,0.0,0.0,1188315049.9194,0.06089000000000001,400798980.298322,2198327231.13735,0.925822312453356,1.0,230947.0,-56.9097783895693,1.0,12.34994352594975,0.1823199815847982,21.51096255861538,0.06089000000000001,0.1823199815847982,0.925822312453356
463,2023,TH,Quality Houses PCL,real_estate,43.0710095327033,100.0,11.0,36.3636363636364,18.1818181818182,0.0,0.0,700531666.223001,0.0575,341514752.02329,1264689841.07715,0.845896189168586,1.0,691.0,-56.9289904672967,0.0,6.53813982376767,0.2700383453166811,20.95809274414391,0.0575,0.2700383453166811,0.845896189168586
463,2024,TH,Quality Houses PCL,real_estate,41.3696870091037,100.0,11.0,50.0,36.3636363636364,0.0,0.0,539482916.551522,0.0487,367571871.015762,1308268703.12318,0.628870160418284,1.0,998.0,-58.6303129908963,1.0,6.905753276311464,0.2809605321431841,20.99197049940577,0.0487,0.2809605321431841,0.628870160418284
464,2020,MY,QL Resources Bhd,consumer_staples,34.0772349258486,100.0,15.0,46.6666666666667,28.5714285714286,0.0,0.0,3511248736.8325,0.0699,375865862.484922,1166570566.94813,6.37280255125888,1.0,100300.0,-65.9227650741514,0.0,11.51592097395003,0.3221972790452156,20.87733414219366,0.0699,0.3221972790452156,6.37280255125888
464,2021,MY,QL Resources Bhd,consumer_staples,43.6240188709191,100.0,14.0,46.6666666666667,28.5714285714286,0.0,0.0,2670945723.10782,0.0443,364490601.950987,1179408755.65073,4.94386088121902,1.0,107100.0,-56.3759811290809,0.0,11.58151825643584,0.3090451891294312,20.88827909532094,0.0443,0.3090451891294312,4.94386088121902
464,2022,MY,QL Resources Bhd,consumer_staples,61.1773050466252,100.0,15.0,46.6666666666667,33.3333333333333,0.0,0.0,3047603845.04459,0.0675,332390702.947846,1198435147.39229,5.32270893707789,1.0,113370.0,-38.8226949533748,1.0,11.63841208501164,0.2773539341457938,20.90428249889553,0.0675,0.2773539341457938,5.32270893707789
464,2023,MY,QL Resources Bhd,consumer_staples,60.3144744795122,100.0,15.0,46.6666666666667,33.3333333333333,0.0,0.0,3027492544.57226,0.08134000000000001,274045526.733722,1159729592.37692,4.87946595123077,1.0,142820.0,-39.6855255204878,1.0,11.8693403751031,0.2363012279199092,20.87145270487042,0.08134000000000001,0.2363012279199092,4.87946595123077
464,2024,MY,QL Resources Bhd,consumer_staples,59.5059953819552,100.0,11.0,46.6666666666667,36.3636363636364,0.0,0.0,3889057393.33035,0.0801,279859301.014656,1331111837.65502,5.39707337598154,1.0,153640.0,-40.4940046180448,1.0,11.94236748245984,0.2102447691455256,21.00928039811497,0.0801,0.2102447691455256,5.39707337598154
465,2021,TH,Singha Estate PCL,real_estate,82.2696431660229,100.0,9.0,55.5555555555556,11.1111111111111,0.0,0.0,415252344.868026,-0.0021,1000269243.12368,1985861361.99218,0.869497242785511,1.0,4003.0,-17.7303568339771,0.0,8.294799358992574,0.50369540506102,21.40931859247521,-0.0021,0.50369540506102,0.869497242785511
465,2022,TH,Singha Estate PCL,real_estate,77.3965945260456,100.0,10.0,50.0,20.0,0.0,0.0,366350213.25484,0.006999999999999999,1001319135.8278,1988148931.78272,0.763684801391774,1.0,6376.0,-22.6034054739544,0.0,8.760296220470051,0.5036439271830324,21.41046985775844,0.006999999999999999,0.5036439271830324,0.763684801391774
466,2018,TH,Ratch Group PCL,utilities,36.1855269301163,100.0,14.0,47.3684210526316,14.2857142857143,0.0,0.0,2645285391.7779,0.0573,1025467978.93597,3131824990.81349,1.22777158337068,1.0,6969370.0,-63.8144730698837,0.0,15.75703539127706,0.3274346369749113,21.86488173574028,0.0573,0.3274346369749113,1.22777158337068
466,2019,TH,Ratch Group PCL,utilities,43.6554262760767,100.0,13.0,50.0,7.69230769230769,0.0,0.0,3894708359.45782,0.05918999999999999,1079847838.84409,3367924277.48656,1.67787126950072,1.0,5919245.0,-56.3445737239233,0.0,15.59371946494328,0.3206271132823589,21.9375624501422,0.05918999999999999,0.3206271132823589,1.67787126950072
466,2020,TH,Ratch Group PCL,utilities,46.6435580971417,100.0,13.0,43.75,15.3846153846154,0.0,0.0,3002466092.53109,0.05637,1435864596.0719,3732764725.73236,1.26981363861879,1.0,6285825.0,-53.3564419028583,0.0,15.65380765630847,0.3846651748966542,22.04041500937227,0.05637,0.3846651748966542,1.26981363861879
466,2021,TH,Ratch Group PCL,utilities,59.4240861562978,100.0,12.0,46.6666666666667,25.0,0.0,0.0,2289290764.3757,0.0582,1839279145.35059,4725111706.2895,0.927686513176683,1.0,6451389.0,-40.5759138437022,0.0,15.67980601442493,0.3892562249697426,22.27615703915541,0.0582,0.3892562249697426,0.927686513176683
466,2022,TH,Ratch Group PCL,utilities,61.3846943623173,100.0,13.0,46.6666666666667,23.0769230769231,0.0,0.0,2686542888.14649,0.03009,2859726586.24675,6633293302.25369,0.948511371133783,1.0,8547153.0,-38.6153056376827,0.0,15.96110880300584,0.4311171624621432,22.61536724515441,0.03009,0.4311171624621432,0.948511371133783
466,2023,TH,Ratch Group PCL,utilities,60.8636296767067,100.0,10.0,50.0,20.0,1.0,0.0,1999781072.02277,0.02333,2619211152.40175,6214816532.83843,0.699125822357686,1.0,5012687.0,-39.1363703232933,0.0,15.42748265663425,0.4214462548591928,22.55020204141518,0.02333,0.4214462548591928,0.699125822357686
466,2024,TH,Ratch Group PCL,utilities,60.7692232950917,100.0,12.0,44.4444444444444,8.33333333333333,1.0,0.0,1910128792.44731,0.02859,2724273847.86924,6256185317.6007,0.670040450312587,1.0,5335485.0,-39.2307767049083,0.0,15.48989034767692,0.4354528693715265,22.55683646212931,0.02859,0.4354528693715265,0.670040450312587
468,2019,PH,Robinsons Land Corp,real_estate,35.2229223271469,100.0,11.0,36.3636363636364,9.09090909090909,0.0,0.0,2816178613.88998,0.0478,890559530.108588,3744347675.43929,1.43796349418264,1.0,379000.0,-64.7770776728531,0.0,12.84529148406456,0.2378410359567122,22.04351325328007,0.0478,0.2378410359567122,1.43796349418264
468,2020,PH,Robinsons Land Corp,real_estate,43.9529428070229,100.0,10.0,36.3636363636364,10.0,0.0,0.0,2292986474.84381,0.026,1116512784.4824,4482414602.31202,1.08120525997048,1.0,183308.53,-56.0470571929771,0.0,12.11892596847881,0.2490873521397385,22.22342771190949,0.026,0.2490873521397385,1.08120525997048
468,2021,PH,Robinsons Land Corp,real_estate,36.5211296633686,100.0,10.0,40.0,10.0,0.0,0.0,1948904560.7374,0.03639,922590000.862914,4470483212.82605,0.787807717212048,1.0,130810.067,-63.4788703366314,0.0,11.7815016798754,0.2063736640853398,22.22076234103273,0.03639,0.2063736640853398,0.787807717212048
468,2022,PH,Robinsons Land Corp,real_estate,32.8352693640439,100.0,11.0,45.4545454545455,9.09090909090909,0.0,0.0,1355472807.01792,0.0432,963899924.914676,4013583540.72211,0.584494368666,1.0,123479.41,-67.16473063595609,0.0,11.72382970050296,0.2401594273882373,22.11295033024942,0.0432,0.2401594273882373,0.584494368666
468,2023,PH,Robinsons Land Corp,real_estate,34.0377007033722,100.0,9.0,45.4545454545455,11.1111111111111,0.0,0.0,1392646697.60309,0.0525,1020304764.89492,4255247975.69871,0.569219719773914,1.0,203314.36,-65.9622992966278,0.0,12.22250863165219,0.239775630168154,22.17141887593371,0.0525,0.239775630168154,0.569219719773914
468,2024,PH,Robinsons Land Corp,real_estate,34.3581887606884,67.3076923076923,9.0,40.0,11.1111111111111,0.0,0.0,1109092366.8077,0.05309,977045197.086576,4508435228.73476,0.41201102533428,1.0,241612.34,-32.94950354700391,0.0,12.39508981989739,0.2167149238075607,22.22921597432322,0.05309,0.2167149238075607,0.41201102533428
469,2022,TH,RS PCL,communication_services,66.9205449088796,100.0,7.0,37.5,28.5714285714286,0.0,1.0,1798318715.19998,0.02062,119454447.847443,216475727.333141,7.67937422568301,1.0,2971148.0,-33.07945509112039,0.0,14.90445896808117,0.5518145120427795,19.1929889851869,0.02062,0.5518145120427795,7.67937422568301
469,2023,TH,RS PCL,communication_services,70.6815689098456,100.0,7.0,42.8571428571429,28.5714285714286,0.0,1.0,1736072662.31173,0.1798,109757890.334789,233790684.512373,5.08201023751279,1.0,3382013.0,-29.31843109015441,0.0,15.03398165231264,0.4694707599822278,19.26993676237771,0.1798,0.4694707599822278,5.08201023751279
471,2022,TH,S & J International Enterprises PCL,consumer_staples,60.4143238873976,100.0,20.0,30.0,50.0,0.0,0.0,137541282.548396,0.0695,7922553.22161225,184263837.937012,1.0493242153422,1.0,5754.0,-39.5856761126024,1.0,8.657650544111494,0.04299570284821954,19.0318791903493,0.0695,0.04299570284821954,1.0493242153422
471,2023,TH,S & J International Enterprises PCL,consumer_staples,58.4756932782227,100.0,17.0,35.2941176470588,47.0588235294118,0.0,0.0,230847961.967309,0.07697,10081651.9359534,198550083.697234,1.63017507240411,1.0,6023.0,-41.5243067217773,1.0,8.70334075304372,0.05077636709197644,19.1065519370838,0.07697,0.05077636709197644,1.63017507240411
471,2024,TH,S & J International Enterprises PCL,consumer_staples,61.2573900378683,100.0,16.0,38.8888888888889,43.75,0.0,0.0,145936769.057377,0.08148,8834526.67834209,203044799.416229,1.01282327346911,1.0,5742.0,-38.7426099621317,1.0,8.655562860681009,0.04351023372054888,19.12893719943777,0.08148,0.04351023372054888,1.01282327346911
472,2022,TH,S & P Syndicate PCL,consumer_discretionary,47.4359506546357,100.0,12.0,33.3333333333333,33.3333333333333,0.0,0.0,270926255.868246,0.10134,39566592.0254262,153852403.207166,3.47013885703678,1.0,12269.0,-52.5640493453643,1.0,9.414831034791183,0.2571724016046004,18.85150428006639,0.10134,0.2571724016046004,3.47013885703678
472,2023,TH,S & P Syndicate PCL,consumer_discretionary,64.233079380024,100.0,12.0,30.7692307692308,33.3333333333333,0.0,0.0,249392654.927029,0.07406399999999999,33604382.2125182,146863488.820961,3.13803363510762,1.0,13400.0,-35.76692061997601,1.0,9.503009985939002,0.2288137268309401,18.80501406580635,0.07406399999999999,0.2288137268309401,3.13803363510762
472,2024,TH,S & P Syndicate PCL,consumer_discretionary,76.1125037593966,100.0,12.0,30.7692307692308,33.3333333333333,0.0,1.0,168757502.622951,0.089395,25947819.352014,138533217.688266,2.13192833618273,1.0,29777.0,-23.8874962406034,1.0,10.30149156241267,0.1873039534128415,18.74662069373936,0.089395,0.1873039534128415,2.13192833618273
473,2022,TH,Somboon Advance Technology PCL,consumer_discretionary,43.4192406509082,100.0,9.0,66.6666666666667,11.1111111111111,0.0,0.0,257991094.308003,0.0932,1061307.85900029,299069714.880093,1.12308210619313,1.0,76233.0,-56.5807593490918,0.0,11.24154971879276,0.00354869719732673,19.51618726431145,0.0932,0.00354869719732673,1.12308210619313
473,2023,TH,Somboon Advance Technology PCL,consumer_discretionary,53.8041724766769,100.0,10.0,60.0,10.0,0.0,0.0,224635419.772329,0.09430999999999999,981592.896652111,302808707.103348,0.928359644182932,1.0,72570.0,-46.1958275233231,0.0,11.19230689227218,0.003241627052411988,19.52861183440922,0.09430999999999999,0.003241627052411988,0.928359644182932
473,2024,TH,Somboon Advance Technology PCL,consumer_discretionary,55.5787676669666,100.0,10.0,66.6666666666667,10.0,0.0,0.0,135673695.685012,0.06849,1720304.96205487,293563843.957968,0.555908815947463,1.0,69333.0,-44.4212323330334,0.0,11.14667626231148,0.005860070977613921,19.49760569983926,0.06849,0.005860070977613921,0.555908815947463
474,2022,TH,SC Asset Corporation PCL,real_estate,73.2699073747856,100.0,9.0,66.6666666666667,11.1111111111111,0.0,0.0,514863959.138399,0.04769,823815443.88905,1658518136.83906,0.811595970437154,1.0,12776.0,-26.7300926252144,0.0,9.455323689894849,0.4967177781119386,21.2291903519799,0.04769,0.4967177781119386,0.811595970437154
474,2023,TH,SC Asset Corporation PCL,real_estate,76.6461573213511,100.0,10.0,72.7272727272727,10.0,0.0,0.0,409076248.506713,0.0409,977561213.0131,1859904341.77584,0.603373988988246,1.0,6815.0,-23.3538426786489,0.0,8.826881344130634,0.5255975756687158,21.34379089419622,0.0409,0.5255975756687158,0.603373988988246
474,2024,TH,SC Asset Corporation PCL,real_estate,73.9225629929845,100.0,11.0,63.6363636363636,9.09090909090909,0.0,0.0,320540582.295082,0.026,990676534.967893,1963165224.72271,0.455327411244298,1.0,7683.0,-26.0774370070155,0.0,8.946765374867635,0.5046322757208693,21.39782391819573,0.026,0.5046322757208693,0.455327411244298
475,2022,PH,Semirara Mining and Power Corporation,energy,58.5167400878501,100.0,11.0,36.3636363636364,27.2727272727273,0.0,0.0,1911981939.82591,0.3684360000000003,184424076.881624,1564626962.88845,1.66046089452133,1.0,5291609.0,-41.4832599121499,0.0,15.48163291637774,0.1178709566280001,21.17091327015411,0.50232,0.1178709566280001,1.66046089452133
476,2014,TH,Siam Cement PCL,materials,70.9196668337751,100.0,12.0,58.3333333333333,8.33333333333333,0.0,1.0,16365296803.653,0.07417,5961354772.03647,14158742492.4012,3.03243880337122,1.0,24450000.0,-29.0803331662249,0.0,17.01214077388515,0.4210370218425716,23.37359811423459,0.07417,0.4210370218425716,3.03243880337122
476,2015,TH,Siam Cement PCL,materials,73.8238281308036,100.0,12.0,53.8461538461538,8.33333333333333,0.0,1.0,15299334811.5299,0.09305,5632153359.24486,14158263298.1677,2.67751867572914,1.0,24980000.0,-26.17617186919639,0.0,17.0335860626617,0.3977997329639821,23.37356426925557,0.09305,0.3977997329639821,2.67751867572914
476,2016,TH,Siam Cement PCL,materials,73.8457276534892,100.0,12.0,58.3333333333333,8.33333333333333,0.0,1.0,16607142857.1429,0.10686,5423755329.24107,15058258565.8482,2.47976227345672,1.0,23850000.0,-26.15427234651079,0.0,16.98729477529863,0.3601847654244713,23.43519241955433,0.10686,0.3601847654244713,2.47976227345672
476,2017,TH,Siam Cement PCL,materials,78.5759336995004,100.0,12.0,53.8461538461538,8.33333333333333,0.0,1.0,17843317972.3502,0.0989,6429583901.68971,17616345069.1244,2.22445578486234,1.0,23600000.0,-21.4240663004996,0.0,16.97675726999584,0.3649783128373566,23.59209300512751,0.0989,0.3649783128373566,2.22445578486234
476,2018,TH,Siam Cement PCL,materials,78.0422272226295,100.0,13.0,46.6666666666667,7.69230769230769,0.0,1.0,16078672403.1961,0.07694,6354728394.67986,18242727652.3353,1.88815069486598,1.0,24540000.0,-21.95777277737049,0.0,17.01581499724704,0.3483431050326717,23.6270323527552,0.07694,0.3483431050326717,1.88815069486598
476,2020,TH,Siam Cement PCL,materials,90.5464703131738,100.0,12.0,57.1428571428571,16.6666666666667,1.0,1.0,15150300601.2024,0.04929,8700525499.33422,24946101131.8242,1.4132065944569,1.0,34383234.0,-9.4535296868262,0.0,17.35307961981265,0.3487729586823009,23.93998337967138,0.04929,0.3487729586823009,1.4132065944569
476,2021,TH,Siam Cement PCL,materials,88.876213422049,100.0,12.0,50.0,16.6666666666667,1.0,1.0,13893221355.7289,0.05860000000000001,9121706891.36323,25913362232.9221,1.2666440708886,1.0,33666838.0,-11.12378657795099,0.0,17.33202387523339,0.352007848667912,23.97802458894187,0.05860000000000001,0.352007848667912,1.2666440708886
476,2022,TH,Siam Cement PCL,materials,85.7733544404039,100.0,15.0,56.25,20.0,1.0,1.0,11857844553.5972,0.02419,10524300809.0147,26191557180.0058,1.09657864736607,1.0,30342853.0,-14.22664555959609,0.0,17.2280715617419,0.4018203551886856,23.98870295074343,0.02419,0.4018203551886856,1.09657864736607
476,2023,TH,Siam Cement PCL,materials,83.9910184559643,81.8181818181818,15.0,62.5,20.0,1.0,1.0,10718038528.8967,0.02879,9827813857.3508,26014574439.5924,1.00889720120294,1.0,27264168.0,2.172836637782495,0.0,17.12108387056402,0.3777810734583281,23.98192277328436,0.02879,0.3777810734583281,1.00889720120294
476,2024,TH,Siam Cement PCL,materials,82.2768760151117,50.0,15.0,60.0,20.0,1.0,1.0,5901639344.2623,0.007229999999999999,10170310595.4466,25146006742.5569,0.571287153568644,1.0,25729558.0,32.2768760151117,0.0,17.06315100571939,0.4044503248396275,23.94796494325372,0.007229999999999999,0.4044503248396275,0.571287153568644
477,2022,TH,Siam City Cement PCL,materials,56.9303286441616,100.0,10.0,27.2727272727273,20.0,0.0,0.0,1321670037.5614,0.0239,634373562.554175,2119424328.22884,1.3761484588103,1.0,12408565.446,-43.0696713558384,0.0,16.33389755388335,0.2993140892575807,21.47441034546749,0.0239,0.2993140892575807,1.3761484588103
477,2023,TH,Siam City Cement PCL,materials,62.7081659877601,100.0,12.0,33.3333333333333,16.6666666666667,0.0,0.0,1178604786.92353,0.0375,645811761.280932,2029082911.20815,1.22430766309748,1.0,12455721.947,-37.2918340122399,0.0,16.3376906694305,0.3182776601752586,21.4308497600445,0.0375,0.3182776601752586,1.22430766309748
477,2024,TH,Siam City Cement PCL,materials,54.6185101252126,100.0,12.0,33.3333333333333,16.6666666666667,0.0,0.0,1426317330.21077,0.0712,578851459.427904,2380777145.35902,1.4041912065577,1.0,11333253.309,-45.3814898747874,0.0,16.24325173291681,0.243135507477586,21.59069280299339,0.0712,0.243135507477586,1.4041912065577
479,2023,MY,Scicom (Msc) Bhd,industrials,54.8169902941258,100.0,8.0,66.6666666666667,37.5,0.0,1.0,85959357.6470588,0.1978,6445895.60557342,34728504.6087889,3.49520216293105,1.0,4333.0,-45.1830097058742,1.0,8.374015421739909,0.1856082108396377,17.36307136617128,0.1978,0.1856082108396377,3.49520216293105
480,2021,MY,Sciente Bhd,materials,40.381991756654,100.0,6.0,66.6666666666667,16.6666666666667,0.0,0.0,1784168970.06004,0.09429,267372451.398767,1209064248.45899,2.23843113001064,1.0,158800.0,-59.618008243346,0.0,11.97540082779517,0.2211399863485715,20.91311254898594,0.09429,0.2211399863485715,2.23843113001064
480,2022,MY,Sciente Bhd,materials,42.5860563562482,100.0,6.0,66.6666666666667,16.6666666666667,0.0,0.0,1135096592.66818,0.0775,264690872.302158,1230790242.80576,1.71081040778609,1.0,156340.0,-57.4139436437518,0.0,11.95978840177432,0.2150576622209466,20.93092227385861,0.0775,0.2150576622209466,1.71081040778609
480,2023,MY,Sciente Bhd,materials,40.3311597679897,100.0,7.0,57.1428571428571,14.2857142857143,0.0,0.0,1287653055.61438,0.07980999999999999,187231417.794542,1221481029.50965,1.62778049598228,1.0,142193.0,-59.6688402320103,0.0,11.86494056869799,0.1532822968766891,20.92332991805408,0.07980999999999999,0.1532822968766891,1.62778049598228
480,2024,MY,Sciente Bhd,materials,49.1915524331098,100.0,6.0,57.1428571428571,16.6666666666667,0.0,0.0,1546515589.9821,0.09353,204925958.188153,1340076001.74216,1.74180026510284,1.0,153135.0,-50.8084475668902,0.0,11.93907516427122,0.1529211462049465,21.01599216701887,0.09353,0.1529211462049465,1.74180026510284
481,2020,ID,Surya Citra Media Tbk PT,communication_services,38.2775449424737,100.0,5.0,40.0,20.0,0.0,0.0,2410549791.97222,0.1682,94306591.7378917,481973183.333333,8.85337776439275,0.0,2645.62,-61.7224550575263,0.0,7.880660721360811,0.1956677155472967,19.99339903422922,0.1682,0.1956677155472967,8.85337776439275
481,2021,ID,Surya Citra Media Tbk PT,communication_services,50.9078254829829,100.0,4.0,40.0,25.0,0.0,0.0,1690459562.46968,0.16199,43004273.5438597,695680068.070176,3.22557357380809,1.0,14654.2,-49.0921745170171,0.0,9.59248226277745,0.06181616452395138,20.36040044030402,0.16199,0.06181616452395138,3.22557357380809
481,2022,ID,Surya Citra Media Tbk PT,communication_services,59.5650806537226,100.0,4.0,50.0,25.0,0.0,0.0,978987299.584324,0.08109999999999999,19562715.0658529,711540736.716993,1.72613873749584,1.0,14751.5,-40.4349193462774,0.0,9.599100051512643,0.02749345758629944,20.3829432285523,0.08109999999999999,0.02749345758629944,1.72613873749584
481,2023,ID,Surya Citra Media Tbk PT,communication_services,59.4441162482418,100.0,4.0,50.0,25.0,0.0,0.0,816823437.210133,0.0304,1286125.23546606,717928299.707697,1.43852815119356,1.0,14735.95,-40.5558837517582,0.0,9.598045365438301,0.001791439668821668,20.3918802608947,0.0304,0.001791439668821668,1.43852815119356
481,2024,ID,Surya Citra Media Tbk PT,communication_services,52.6152424244824,100.0,4.0,40.0,25.0,0.0,0.0,765845325.935214,0.0544,1251293.59850839,672172233.623369,1.41635503159978,1.0,14476.47,-47.3847575755176,0.0,9.580279851689042,0.001861566925731588,20.32602516568296,0.0544,0.001861566925731588,1.41635503159978
482,2022,MY,Sern Kou Resources Bhd,consumer_discretionary,37.1973773630491,100.0,7.0,55.5555555555556,14.2857142857143,0.0,0.0,150446672.25,0.068677,16875738.76532,72957063.0957785,2.9002123340054,1.0,4292.86,-62.8026226369509,0.0,8.364708456465223,0.2313105551297401,18.10538164929869,0.068677,0.2313105551297401,2.9002123340054
483,2014,MY,Sime Darby Bhd,industrials,57.1971224073182,94.4444444444444,13.0,40.0,7.69230769230769,0.0,0.0,4584109056.07443,0.06221,3529303629.84889,15870447110.1418,0.584794047250806,1.0,3801135.44,-37.2473220371262,0.0,15.15081038006478,0.2223821172368569,23.48772454437973,0.06221,0.2223821172368569,0.584794047250806
483,2015,MY,Sime Darby Bhd,industrials,52.6644955930014,86.3636363636363,15.0,40.0,13.3333333333333,0.0,0.0,3225794736.19421,0.04111,4827412513.25557,16500106044.5387,0.493470892295136,1.0,3622651.07,-33.69914077063491,0.0,15.10271665555103,0.2925685750276359,23.52663264477403,0.04111,0.2925685750276359,0.493470892295136
483,2016,MY,Sime Darby Bhd,industrials,59.6234889996736,100.0,15.0,40.0,13.3333333333333,0.0,0.0,3531451670.81485,0.0388,3967204968.9441,16027080745.3416,0.425748700785409,1.0,2600000.0,-40.3765110003264,0.0,14.77102200299171,0.2475313522144199,23.49754567502724,0.0388,0.2475313522144199,0.425748700785409
483,2017,MY,Sime Darby Bhd,industrials,57.2204908988192,100.0,14.0,36.8421052631579,21.4285714285714,0.0,0.0,3346557847.85545,0.03688,746912141.691913,15772547191.7968,0.497256776604868,1.0,3150000.0,-42.7795091011808,0.0,14.96291301080182,0.04735520094562641,23.48153674623499,0.03688,0.04735520094562641,0.497256776604868
483,2018,MY,Sime Darby Bhd,industrials,59.6399296815764,100.0,13.0,42.8571428571429,23.0769230769231,0.0,0.0,3585968981.72043,0.0148,715453194.650817,6159732540.86181,1.03798411513916,1.0,3020000.0,-40.3600703184236,0.0,14.92076738935105,0.1161500422144494,22.54129919485796,0.0148,0.1161500422144494,1.03798411513916
483,2020,MY,Sime Darby Bhd,industrials,54.107723300154,100.0,13.0,57.1428571428571,15.3846153846154,1.0,0.0,3807918281.07254,0.03107,944652031.760859,6369219990.65857,0.883728890732787,1.0,122940.0,-45.892276699846,0.0,11.719451710461,0.1483151835148315,22.57474284858675,0.03107,0.1483151835148315,0.883728890732787
483,2021,MY,Sime Darby Bhd,industrials,54.8481568279903,65.0,11.0,57.1428571428571,27.2727272727273,1.0,0.0,3776294411.32233,0.05114,899759036.144578,6864337349.39759,0.925661363108484,1.0,118220.0,-10.1518431720097,0.0,11.68030257437836,0.1310773335205532,22.64960534556388,0.05114,0.1310773335205532,0.925661363108484
483,2022,MY,Sime Darby Bhd,industrials,56.7344113153865,100.0,11.0,54.5454545454545,27.2727272727273,1.0,0.0,3545893638.40617,0.03759,1141398093.50885,6860871538.81071,0.905777841639191,1.0,112420.0,-43.2655886846135,0.0,11.62999713655607,0.1663634258493498,22.64910031708835,0.03759,0.1663634258493498,0.905777841639191
483,2023,MY,Sime Darby Bhd,industrials,56.8110239947336,100.0,12.0,58.3333333333333,25.0,1.0,1.0,3473007278.17189,0.04339,1812218649.51769,7939978563.77278,0.825279092312463,1.0,110000.0,-43.1889760052664,0.0,11.60823564477455,0.2282397408207348,22.79517641242508,0.04339,0.2282397408207348,0.825279092312463
483,2024,MY,Sime Darby Bhd,industrials,57.6225878518741,100.0,11.0,61.5384615384615,27.2727272727273,1.0,1.0,3583021273.38694,0.07429999999999999,3023117709.43796,10990880169.6713,0.915783663354018,1.0,105000.0,-42.3774121481259,0.0,11.56171562913966,0.27505692563004,23.1203316903872,0.07429999999999999,0.27505692563004,0.915783663354018
485,2019,TH,Sansiri PCL,real_estate,61.8422250433488,100.0,14.0,26.3157894736842,0.0,0.0,0.0,541094870.0334,0.0198,2103870030.51075,3640323292.94355,0.498186726674347,1.0,4539.59,-38.1577749566512,0.0,8.420591978587304,0.5779349418192936,22.01533833139382,0.0198,0.5779349418192936,0.498186726674347
485,2020,TH,Sansiri PCL,real_estate,60.4047259622015,100.0,16.0,31.25,0.0,0.0,0.0,402098022.685371,0.013,2018857052.76298,3749404069.07457,0.371547592388542,1.0,5059.14,-39.5952740377985,0.0,8.528951787362285,0.5384474480664004,22.04486274938697,0.013,0.5384474480664004,0.371547592388542
485,2021,TH,Sansiri PCL,real_estate,61.863771563826,100.0,12.0,35.7142857142857,0.0,0.0,0.0,549074889.430114,0.0147,1998647186.81914,3509839755.43184,0.534460277000668,1.0,6726.16,-38.136228436174,0.0,8.813759680301548,0.5694411500485248,21.9788362196589,0.0147,0.5694411500485248,0.534460277000668
485,2022,TH,Sansiri PCL,real_estate,61.9322000104553,100.0,12.0,41.6666666666667,0.0,0.0,0.0,758876113.035539,0.017,2091731587.05576,3682504136.81017,0.701154180258047,1.0,10660.67,-38.0677999895447,0.0,9.274316547527109,0.5680188017025944,22.02685882967047,0.017,0.5680188017025944,0.701154180258047
485,2023,TH,Sansiri PCL,real_estate,55.7906587931323,100.0,12.0,42.8571428571429,0.0,0.0,0.0,851743078.957093,0.04160999999999999,2358720011.0917,4288307189.14119,0.712149166260401,1.0,14267.7,-44.2093412068677,0.0,9.565753520185401,0.5500352253365682,22.17915789740762,0.04160999999999999,0.5500352253365682,0.712149166260401
485,2024,TH,Sansiri PCL,real_estate,61.4549850466705,100.0,12.0,41.6666666666667,0.0,0.0,0.0,911672667.558548,0.0359,2255742154.96205,4360746044.30823,0.72082692784271,1.0,17314.09,-38.5450149533295,0.0,9.759275899867788,0.5172835409450887,22.19590899074939,0.0359,0.5172835409450887,0.72082692784271
486,2023,MY,SKP Resources Bhd,information_technology,36.7777036255976,100.0,6.0,50.0,16.6666666666667,0.0,0.0,268967519.875817,0.07275000000000001,17425516.1461091,283825939.650609,1.59047215196445,1.0,86368.0,-63.2222963744024,0.0,11.36637251581773,0.06139507956024029,19.46387171967832,0.07275000000000001,0.06139507956024029,1.59047215196445
487,2014,PH,SM Investments Corp,industrials,32.9482319433323,100.0,8.0,37.5,12.5,0.0,0.0,14485964428.1964,0.04223,5847492826.81564,15908035955.3073,2.52530862570272,0.0,329715.0,-67.0517680566677,0.0,12.70598392393028,0.3675810667793202,23.49009022449217,0.04223,0.3675810667793202,2.52530862570272
487,2015,PH,SM Investments Corp,industrials,42.0397177477245,100.0,8.0,37.5,12.5,0.0,0.0,14756802490.7201,0.03838,6005485799.57356,16748239125.7996,2.47770926168913,1.0,356691.0,-57.9602822522755,0.0,12.78462513974187,0.3585741614067648,23.54155896287334,0.03838,0.3585741614067648,2.47770926168913
487,2016,PH,SM Investments Corp,industrials,56.4944778556566,100.0,8.0,37.5,12.5,0.0,0.0,15888582225.6732,0.03789,6453793942.5735,17382561815.2102,2.62577508490969,1.0,459777.0,-43.5055221443434,0.0,13.0384968683115,0.3712797924254329,23.57873334610602,0.03789,0.3712797924254329,2.62577508490969
487,2017,PH,SM Investments Corp,industrials,55.2033647149703,100.0,8.0,44.4444444444444,25.0,0.0,0.0,23806739760.1634,0.03612,7143805470.51644,19210450987.4542,3.63431292013581,1.0,519247.989,-44.7966352850297,0.0,13.16013686883726,0.3718707840425952,23.67872029015376,0.03612,0.3718707840425952,3.63431292013581
487,2018,PH,SM Investments Corp,industrials,41.417271999724,100.0,10.0,40.0,20.0,0.0,0.0,20997017778.8878,0.0367,7355092586.23976,20214260930.0553,3.12746125876953,1.0,2806029.63,-58.582728000276,0.0,14.84728109910412,0.3638566164595184,23.72965417889863,0.0367,0.3638566164595184,3.12746125876953
487,2019,PH,SM Investments Corp,industrials,51.240716205336,100.0,9.0,40.0,22.2222222222222,0.0,0.0,24670049811.4866,0.0404,7981854649.55578,22589626199.4077,3.28356254005548,1.0,1629025.38,-48.759283794664,0.0,14.30349246757331,0.3533415993295659,23.84075662011844,0.0404,0.3533415993295659,3.28356254005548
487,2020,PH,SM Investments Corp,industrials,53.5431488821766,100.0,9.0,40.0,22.2222222222222,0.0,0.0,26253562598.294,0.0197,9401941574.67194,25888336117.4755,3.06364203833953,1.0,1751316.38,-46.4568511178234,0.0,14.37587828026903,0.3631728795550253,23.97705836126245,0.0197,0.3631728795550253,3.06364203833953
487,2021,PH,SM Investments Corp,industrials,57.1146440843055,100.0,8.0,44.4444444444444,25.0,0.0,0.0,22226014514.889,0.03,9927123887.03668,26726946067.8564,2.53777930177891,1.0,1786107.55,-42.8853559156945,0.0,14.39554925697059,0.3714275421454043,24.00893810946108,0.03,0.3714275421454043,2.53777930177891
487,2022,PH,SM Investments Corp,industrials,67.1011529315,100.0,8.0,37.5,25.0,0.0,0.0,19664642196.5027,0.04335,9719739338.96174,26619086869.0498,2.21341429772134,1.0,1801800.0,-32.8988470685,0.0,14.40429672319948,0.365141726565495,24.00489434688513,0.04335,0.365141726565495,2.21341429772134
487,2023,PH,SM Investments Corp,industrials,67.8449622402889,100.0,8.0,44.4444444444444,25.0,0.0,0.0,19194576726.2173,0.05023,9695631273.92215,28638306365.9999,1.91447246149821,1.0,1764600.0,-32.15503775971111,0.0,14.38343459377014,0.3385546320376348,24.07801104202493,0.05023,0.3385546320376348,1.91447246149821
487,2024,PH,SM Investments Corp,industrials,64.6485332173721,100.0,8.0,44.4444444444444,25.0,0.0,0.0,18927744469.653,0.0503,9245856395.06853,29255668124.5265,1.75130217364759,1.0,1842720.0,-35.3514667826279,0.0,14.42675329890274,0.3160364123531078,24.09933917388606,0.0503,0.3160364123531078,1.75130217364759
489,2014,ID,Semen Indonesia (Persero) Tbk PT,materials,40.3147536055876,100.0,6.0,42.8571428571429,0.0,1.0,0.0,7764251092.42322,0.17097,316076222.6979,2773156279.24071,3.99602352647552,1.0,12815900.0,-59.6852463944124,0.0,16.36619714551327,0.1139770683188622,21.74325195945352,0.17097,0.1139770683188622,3.99602352647552
489,2015,ID,Semen Indonesia (Persero) Tbk PT,materials,45.1622516556292,100.0,6.0,40.0,0.0,1.0,1.0,4934408407.40454,0.1248,290264827.348567,2767727162.27784,2.5594333659859,1.0,19614097.0,-54.8377483443708,0.0,16.7917591003693,0.1048747981031768,21.74129230130239,0.1248,0.1048747981031768,2.5594333659859
489,2016,ID,Semen Indonesia (Persero) Tbk PT,materials,45.5338449631929,100.0,7.0,28.5714285714286,0.0,1.0,1.0,4062729760.48638,0.10977,464764305.122494,3283362730.66073,1.87432790735724,1.0,18581848.0,-54.4661550368071,0.0,16.73769574819084,0.1415513128605705,21.91213395692295,0.10977,0.1415513128605705,1.87432790735724
489,2017,ID,Semen Indonesia (Persero) Tbk PT,materials,49.9676181823631,100.0,7.0,33.3333333333333,0.0,0.0,1.0,4353062019.48346,0.04322,738613612.163657,3617298209.58349,2.05882699658178,1.0,23186555.0,-50.0323818176369,0.0,16.95908314278445,0.2041893063189567,22.00899323318178,0.04322,0.2041893063189567,2.05882699658178
489,2018,ID,Semen Indonesia (Persero) Tbk PT,materials,46.9034590787979,100.0,7.0,40.0,0.0,0.0,1.0,4712648937.91485,0.06144,667997217.391304,3532788591.30435,2.18684343775629,1.0,23194373.0,-53.0965409212021,0.0,16.95942026411475,0.1890849679019913,21.9853533652382,0.06144,0.1890849679019913,2.18684343775629
489,2019,ID,Semen Indonesia (Persero) Tbk PT,materials,43.7497809057653,100.0,7.0,44.4444444444444,14.2857142857143,0.0,0.0,5141874459.62149,0.03664,2164405403.45821,5749788688.76081,2.20523476359717,1.0,24201399.0,-56.2502190942347,0.0,17.00192099937334,0.3764321648357274,22.47242894129965,0.03664,0.3764321648357274,2.20523476359717
489,2020,ID,Semen Indonesia (Persero) Tbk PT,materials,54.4633088892017,100.0,7.0,33.3333333333333,28.5714285714286,0.0,0.0,5278478389.3536,0.03539,1833023076.92308,5556000284.90028,2.15661365199478,1.0,30560939.0,-45.5366911107983,0.0,17.23523324823034,0.3299177435078154,22.43814431311646,0.03539,0.3299177435078154,2.15661365199478
489,2021,ID,Semen Indonesia (Persero) Tbk PT,materials,55.2216168554071,100.0,7.0,25.0,28.5714285714286,0.0,0.0,3031417049.10037,0.0262,1429659438.59649,5737987859.64912,1.11657850861488,1.0,27524273.0,-44.7783831445929,0.0,17.1305788278718,0.2491569298447268,22.47037443872243,0.0262,0.2491569298447268,1.11657850861488
489,2022,ID,Semen Indonesia (Persero) Tbk PT,materials,71.192112605995,100.0,7.0,37.5,28.5714285714286,0.0,0.0,2851999748.48538,0.02871,1079432251.84709,5329907613.23482,1.03843814601822,1.0,26634394.0,-28.80788739400499,0.0,17.09771394605638,0.2025236327111423,22.39659974162213,0.02871,0.2025236327111423,1.03843814601822
489,2023,ID,Semen Indonesia (Persero) Tbk PT,materials,70.2779148554757,100.0,7.0,25.0,14.2857142857143,0.0,0.0,2806746123.39071,0.02629,1027471776.55083,5314746930.8217,0.998806457595278,1.0,23042918.0,-29.7220851445243,0.0,16.95286903507817,0.1933246850555075,22.39375123346218,0.02629,0.1933246850555075,0.998806457595278
489,2024,ID,Semen Indonesia (Persero) Tbk PT,materials,67.8548346701467,100.0,9.0,45.4545454545455,22.2222222222222,0.0,0.0,1377096521.56293,0.00906,675289247.980112,4785151149.78247,0.507466199394035,1.0,27086580.0,-32.1451653298533,0.0,17.11454896024442,0.1411218218280963,22.28878344960373,0.00906,0.1411218218280963,0.507466199394035
490,2014,PH,SM Prime Holdings Inc,real_estate,66.2658962382918,100.0,8.0,37.5,0.0,0.0,0.0,10992182039.6728,0.05219,2889006189.94413,8689165564.24581,2.46408595611779,1.0,586131.0,-33.7341037617082,0.0,13.28129859306374,0.3324837314450327,22.88534274908688,0.05219,0.3324837314450327,2.46408595611779
490,2015,PH,SM Prime Holdings Inc,real_estate,66.6695332968691,100.0,8.0,37.5,0.0,0.0,0.0,13317712548.7288,0.05081,3319157462.68657,9274334434.96802,2.94002556813836,1.0,356691.0,-33.3304667031309,0.0,12.78462513974187,0.3578863244538599,22.95051668383201,0.05081,0.3578863244538599,2.94002556813836
490,2016,PH,SM Prime Holdings Inc,real_estate,56.0170845014979,100.0,8.0,37.5,0.0,0.0,0.0,16473635964.698,0.05287,3316807946.08447,9394058233.62053,3.52586041996651,1.0,459777.0,-43.9829154985021,0.0,13.0384968683115,0.3530750889124679,22.96334322355484,0.05287,0.3530750889124679,3.52586041996651
490,2017,PH,SM Prime Holdings Inc,real_estate,67.5896725027482,100.0,9.0,33.3333333333333,0.0,0.0,0.0,21601730677.1115,0.05493000000000001,3873740300.53825,10773307681.5335,4.16964125157529,1.0,519247.99,-32.4103274972518,0.0,13.16013687076313,0.3595683345402098,23.10033740088258,0.05493000000000001,0.3595683345402098,4.16964125157529
490,2018,PH,SM Prime Holdings Inc,real_estate,66.8644490395954,100.0,9.0,33.3333333333333,0.0,0.0,0.0,19658821312.0061,0.05632,4246451038.68878,11513899714.1224,3.75244574928233,1.0,2294952.92,-33.1355509604046,0.0,14.64622288710514,0.3688108411679394,23.16682081325437,0.05632,0.3688108411679394,3.75244574928233
490,2019,PH,SM Prime Holdings Inc,real_estate,60.685399598644,100.0,9.0,33.3333333333333,0.0,0.0,0.0,23928668654.1508,0.05991,4919407107.60119,13174327226.0612,4.03718730423431,1.0,597239.0,-39.314600401356,0.0,13.30007264727043,0.3734086016832582,23.30153586563442,0.05991,0.3734086016832582,4.03718730423431
490,2021,PH,SM Prime Holdings Inc,real_estate,72.9508544215568,100.0,8.0,37.5,0.0,0.0,0.0,19199959882.8515,0.0285,6396108687.97804,15775706609.1391,2.938336263714,1.0,554655.0,-27.0491455784432,0.0,13.22610157782012,0.4054403930327076,23.48173703734288,0.0285,0.4054403930327076,2.938336263714
490,2022,PH,SM Prime Holdings Inc,real_estate,78.6182372696904,100.0,8.0,54.5454545454545,12.5,0.0,0.0,18372987905.681,0.03589,6572126926.53135,15703514496.138,2.8204692937796,1.0,803784.21,-21.3817627303096,0.0,13.59708611661419,0.4185131250808631,23.47715037750647,0.03589,0.4185131250808631,2.8204692937796
490,2023,PH,SM Prime Holdings Inc,real_estate,79.5984004270505,100.0,8.0,37.5,12.5,0.0,0.0,17154017526.0454,0.04402999999999999,6860162544.23341,17031262638.1166,2.39621497123377,1.0,685331.16,-20.40159957294949,0.0,13.43765744567783,0.4027982358090181,23.55831647086421,0.04402999999999999,0.4027982358090181,2.39621497123377
490,2024,PH,SM Prime Holdings Inc,real_estate,73.9113768984386,100.0,8.0,37.5,12.5,0.0,0.0,12542527407.3375,0.04650000000000001,6940395843.37764,17553390901.5772,1.67570435068054,1.0,778988.56,-26.0886231015614,0.0,13.56575163925083,0.3953877562627534,23.58851298195999,0.04650000000000001,0.3953877562627534,1.67570435068054
491,2021,ID,Summarecon Agung Tbk PT,real_estate,35.0320187399279,100.0,5.0,66.6666666666667,20.0,0.0,0.0,966326994.667368,0.0127,494387604.77193,1828050293.19298,1.59154686594592,0.0,40792.26,-64.9679812600721,0.0,10.61624763651346,0.2704452971632436,21.32651582228753,0.0127,0.2704452971632436,1.59154686594592
491,2022,ID,Summarecon Agung Tbk PT,real_estate,36.3190422775476,100.0,5.0,60.0,20.0,0.0,0.0,641675801.90106,0.02296,379988573.530357,1826763564.27883,1.08592399503178,1.0,63568.0,-63.6809577224524,0.0,11.05986547805438,0.2080119074853395,21.32581169396937,0.02296,0.2080119074853395,1.08592399503178
491,2023,ID,Summarecon Agung Tbk PT,real_estate,39.4645048767272,100.0,5.0,60.0,20.0,0.0,0.0,616591543.088665,0.0257,467901678.20721,2024577790.58136,0.965972358174559,1.0,71616.0,-60.5354951232728,0.0,11.1790737916716,0.2311107433776854,21.42862701728775,0.0257,0.2311107433776854,0.965972358174559
491,2024,ID,Summarecon Agung Tbk PT,real_estate,42.1263384950796,100.0,5.0,60.0,20.0,0.0,0.0,501500216.703038,0.0425,655313587.818521,2084157890.73959,0.732195582181817,1.0,79104.0,-57.8736615049204,0.0,11.27851872137731,0.3144260762249518,21.45763072127838,0.0425,0.3144260762249518,0.732195582181817
492,2023,TH,SNC Former PCL,industrials,36.1790444734638,100.0,13.0,71.4285714285714,15.3846153846154,0.0,1.0,92511032.2898424,0.08898999999999999,121330301.601164,340568845.967977,0.651251590200097,0.0,11986.0,-63.8209555265362,0.0,9.391494581018131,0.3562577817601451,19.64612785391773,0.08898999999999999,0.3562577817601451,0.651251590200097
493,2021,MY,Sarawak Oil Palms Bhd,consumer_staples,49.9462447561981,100.0,10.0,36.3636363636364,20.0,1.0,0.0,1078104825.99159,0.1146,244821805.955812,1118360230.54755,0.708408665260302,1.0,269290.0,-50.0537552438019,0.0,12.50354414480165,0.2189114019513615,20.83512936957298,0.1146,0.2189114019513615,0.708408665260302
493,2022,MY,Sarawak Oil Palms Bhd,consumer_staples,41.5458008313099,100.0,9.0,27.2727272727273,33.3333333333333,0.0,0.0,526005884.181818,0.1006,173296363.636364,1112267272.72727,0.699563805300774,1.0,320498.0,-58.4541991686901,1.0,12.67763131507378,0.1558046054986791,20.82966635706661,0.1006,0.1558046054986791,0.699563805300774
493,2023,MY,Sarawak Oil Palms Bhd,consumer_staples,44.7483466443979,100.0,10.0,30.0,50.0,0.0,0.0,502382104.762527,0.0595,184569063.180828,1135782352.94118,0.653935074809081,1.0,294437.0,-55.2516533556021,1.0,12.5928203372877,0.1625039011240796,20.85058754816873,0.0595,0.1625039011240796,0.653935074809081
493,2024,MY,Sarawak Oil Palms Bhd,consumer_staples,54.1879781806806,100.0,10.0,27.2727272727273,40.0,0.0,0.0,635891428.764548,0.0857,118511414.503133,1166340420.76992,0.74262616477993,1.0,233761.0,-45.8120218193194,1.0,12.36205450486723,0.1016096264801504,20.87713683832723,0.0857,0.1016096264801504,0.74262616477993
494,2021,TH,Supalai PCL,real_estate,46.5970293243664,100.0,10.0,40.0,10.0,1.0,1.0,1459145194.69106,0.1013,598543963.827866,2149631022.11857,1.0511824793031,1.0,8845.0,-53.4029706756336,0.0,9.087607606593886,0.2784403265812431,21.48856204673872,0.1013,0.2784403265812431,1.0511824793031
494,2022,TH,Supalai PCL,real_estate,53.8770161810808,100.0,10.0,40.0,10.0,1.0,1.0,1371257235.74112,0.108,708928001.357989,2309276556.42878,1.02031441194769,1.0,9597.0,-46.1229838189192,0.0,9.169205828617628,0.306991381947913,21.56020013339416,0.108,0.306991381947913,1.02031441194769
494,2023,TH,Supalai PCL,real_estate,52.4805169186345,100.0,10.0,40.0,10.0,1.0,1.0,1060327056.56743,0.07209,790807944.628821,2507299015.51674,0.719697158701105,1.0,10230.0,-47.5194830813655,0.0,9.233079858945672,0.3154023272592559,21.64247192125461,0.07209,0.3154023272592559,0.719697158701105
494,2024,TH,Supalai PCL,real_estate,56.3694278827281,100.0,10.0,40.0,10.0,1.0,1.0,1040561573.36066,0.0679,997860106.392294,2808846003.85289,0.668456070146934,1.0,12092.0,-43.6305721172719,0.0,9.40029935589935,0.355256252932176,21.75603956115663,0.0679,0.355256252932176,0.668456070146934
495,2024,MY,S P Setia Bhd,real_estate,74.3868950701336,67.3076923076923,9.0,71.4285714285714,33.3333333333333,1.0,0.0,1717007710.61773,0.0203,1931001566.69651,6178113249.77619,0.548195506577708,1.0,12886.0,7.079202762441298,1.0,9.463896729698588,0.3125552233550369,22.5442787624137,0.0203,0.3125552233550369,0.548195506577708
496,2021,MY,Southern Steel Bhd,materials,34.4029417686936,100.0,7.0,62.5,14.2857142857143,0.0,0.0,117429641.930836,0.02041,227016626.506024,567129156.626506,0.686521989408243,0.0,316981.0,-65.59705823130639,0.0,12.66659711415461,0.4002908752856278,20.15609762521668,0.02041,0.4002908752856278,0.686521989408243
496,2022,MY,Southern Steel Bhd,materials,35.2621291714238,100.0,6.0,50.0,16.6666666666667,0.0,0.0,79282583.6931818,0.00823,196117113.02769,451333862.914208,0.657694334724036,1.0,350177.0,-64.7378708285762,0.0,12.76619401992094,0.4345278055614653,19.92771789613743,0.00823,0.4345278055614653,0.657694334724036
497,2019,TH,Sri Trang Agro Industry PCL,consumer_discretionary,57.8577051261931,100.0,12.0,38.4615384615385,8.33333333333333,0.0,0.0,513026051.436206,-0.00254,972333718.581989,1960042555.40995,0.63684157068655,1.0,235331.0,-42.1422948738069,0.0,12.36874831274395,0.4960778611149195,21.39623202189699,-0.00254,0.4960778611149195,0.63684157068655
497,2020,TH,Sri Trang Agro Industry PCL,consumer_discretionary,54.6244675291282,100.0,13.0,30.7692307692308,8.33333333333333,0.0,0.0,1359519036.30595,0.1142,1071748851.36485,3099774377.46338,1.06915358808074,1.0,98614.0,-45.3755324708718,0.0,11.49896851834102,0.3457506001588051,21.85459516432539,0.1142,0.3457506001588051,1.06915358808074
497,2021,TH,Sri Trang Agro Industry PCL,consumer_discretionary,66.6162251575968,100.0,13.0,38.4615384615385,7.69230769230769,0.0,0.0,1428194359.26815,0.15259,1242733142.82275,3446496837.43605,1.02066076406258,1.0,141497.0,-33.3837748424032,0.0,11.86003379442725,0.3605786401206321,21.96062414267344,0.15259,0.3605786401206321,1.02066076406258
497,2022,TH,Sri Trang Agro Industry PCL,consumer_discretionary,67.6010532351092,100.0,12.0,42.8571428571429,16.6666666666667,0.0,0.0,936422997.913898,0.04139,1171922312.16411,3382946364.66339,0.630680033507953,1.0,168972.0,-32.39894676489079,0.0,12.03748829970531,0.3464206008127825,21.94201287224844,0.04139,0.3464206008127825,0.630680033507953
497,2023,TH,Sri Trang Agro Industry PCL,consumer_discretionary,64.4202838798559,100.0,12.0,33.3333333333333,16.6666666666667,0.0,0.0,721821365.084647,-0.0038,1089364953.88646,3252911108.64629,0.491249530418092,1.0,150522.0,-35.5797161201441,0.0,11.92186453188989,0.3348892476621665,21.90281615810247,-0.0038,0.3348892476621665,0.491249530418092
497,2024,TH,Sri Trang Agro Industry PCL,consumer_discretionary,63.4531363074869,100.0,12.0,33.3333333333333,16.6666666666667,0.0,0.0,813864167.558548,0.01379,1578440547.08114,3829765219.29364,0.544197687771455,1.0,149192.0,-36.5468636925131,0.0,11.91298934601128,0.4121507342354179,22.06606933781449,0.01379,0.4121507342354179,0.544197687771455
498,2023,MY,Star Media Group Bhd,communication_services,62.1335685340861,100.0,8.0,75.0,25.0,0.0,0.0,65111220.0681704,0.00967,2761655.77342048,168519172.11329,0.483250662737584,1.0,5457.615,-37.8664314659139,0.0,8.604767160121467,0.01638778388706958,18.94256008237189,0.00967,0.01638778388706958,0.483250662737584
498,2024,MY,Star Media Group Bhd,communication_services,59.4095570666766,100.0,6.0,62.5,16.6666666666667,0.0,0.0,61507239.561098,0.08639,2241942.70367055,173504476.275739,0.407175296386341,1.0,5447.93,-40.5904429333234,0.0,8.602990998994967,0.01292152658993985,18.97171395687855,0.08639,0.01292152658993985,0.407175296386341
499,2024,MY,YTL Hospitality REIT,real_estate,18.2512249207526,100.0,8.0,37.5,25.0,0.0,0.0,450129563.343778,0.0369,491601908.801697,1155138494.16755,0.692829884487518,0.0,9565.0,-81.7487750792474,0.0,9.165865881874353,0.425578327866192,20.86748608210191,0.0369,0.425578327866192,0.692829884487518
502,2022,MY,Superma Corporation Bhd,health_care,35.570179873368,75.9259259259259,7.0,66.6666666666667,14.2857142857143,0.0,0.0,555872031.142046,0.1124,52767394.6890604,1352010328.4158,0.575085869693945,0.0,127489.0,-40.3557460525579,0.0,11.75578536534895,0.03902883992823478,21.0248584538988,0.1124,0.03902883992823478,0.575085869693945
502,2023,MY,Superma Corporation Bhd,health_care,49.671992825034,29.4871794871795,8.0,62.5,25.0,0.0,0.0,575735793.070575,-0.027,22386793.9978564,1124511608.14577,0.537454942554778,1.0,321142.0,20.1848133378545,0.0,12.6796386718977,0.01990801503131696,20.84061465225013,-0.027,0.01990801503131696,0.537454942554778
502,2024,MY,Superma Corporation Bhd,health_care,46.3866353616328,100.0,7.0,55.5555555555556,28.5714285714286,0.0,0.0,836848019.610326,-0.035,27641154.4008484,1026793600.63627,0.604653912092484,1.0,224534.0,-53.6133646383672,0.0,12.32178242235888,0.02691987404646863,20.74970677460474,-0.035,0.02691987404646863,0.604653912092484
505,2020,TH,Syntec Construction PCL,industrials,37.9685340631453,100.0,8.0,62.5,25.0,0.0,0.0,78022712.0908484,0.08256999999999999,74412740.5459388,352992638.515313,0.415020056193105,0.0,707.0,-62.0314659368547,0.0,6.561030665896573,0.2108053608679172,19.68195776061585,0.08256999999999999,0.2108053608679172,0.415020056193105
506,2021,PH,Acen Corp,utilities,34.1798103733787,100.0,11.0,45.4545454545455,36.3636363636364,0.0,0.0,8246405568.68013,0.04469,859649480.290253,3356763816.4346,4.73942605716245,1.0,1297856.74,-65.8201896266213,1.0,14.07622480035529,0.2560947172039447,21.93424319692399,0.04469,0.2560947172039447,4.73942605716245
506,2022,PH,Acen Corp,utilities,44.7928094340815,100.0,11.0,38.4615384615385,45.4545454545455,0.0,0.0,5418310899.1086,0.06459,1225608460.57122,4181292671.09754,2.54115274107639,1.0,2152062.15,-55.2071905659185,1.0,14.58193707995831,0.2931171187903266,22.15388628713344,0.06459,0.2931171187903266,2.54115274107639
506,2023,PH,Acen Corp,utilities,50.0597833989816,100.0,11.0,28.5714285714286,45.4545454545455,0.0,0.0,3620581066.39958,0.02857,1582206831.80472,5144318263.88387,1.19883160449556,1.0,186487.0,-49.9402166010184,1.0,12.13611681054266,0.3075639473771946,22.3611586928628,0.02857,0.3075639473771946,1.19883160449556
506,2024,PH,Acen Corp,utilities,61.7076212663267,100.0,11.0,50.0,27.2727272727273,0.0,0.0,3195750675.0708,0.03049,2548571130.93188,5674327278.04945,1.07584728632986,1.0,117240.0,-38.2923787336733,0.0,11.67197839482483,0.4491406656769278,22.45921785197443,0.03049,0.4491406656769278,1.07584728632986
509,2021,MY,Taliworks Corporation Bhd,utilities,41.2365681548102,100.0,8.0,77.7777777777778,12.5,1.0,1.0,418751729.46926,0.0391,89136647.4543708,466645292.987512,1.9271396149217,1.0,93450.0,-58.7634318451898,0.0,11.44518181288371,0.1910158503554352,19.96107998310958,0.0391,0.1910158503554352,1.9271396149217
509,2023,MY,Taliworks Corporation Bhd,utilities,48.8833771603026,100.0,5.0,75.0,20.0,0.0,1.0,366711911.610022,0.0233,73574291.9389978,380811328.976035,2.41870695576452,1.0,117417.32,-51.1166228396974,0.0,11.67348970530729,0.1932040523501021,19.75781461090122,0.0233,0.1932040523501021,2.41870695576452
511,2020,TH,TIPCO Asphalt PCL,materials,39.2647228793417,100.0,16.0,43.75,12.5,0.0,0.0,922556027.889111,0.15417,62059608.4221039,710201650.532623,1.86160805851338,1.0,17814.0,-60.7352771206583,0.0,9.787739943991815,0.08738308109473085,20.38105950250974,0.15417,0.08738308109473085,1.86160805851338
511,2021,TH,TIPCO Asphalt PCL,materials,57.8351245936251,100.0,14.0,41.1764705882353,7.14285714285714,0.0,0.0,856878956.718656,0.09619,115776956.876317,746340717.002709,1.85895573853323,1.0,17275.0,-42.1648754063749,0.0,9.757015648635871,0.1551261431123243,20.43069277910553,0.09619,0.1551261431123243,1.85895573853323
511,2022,TH,TIPCO Asphalt PCL,materials,69.6505664139124,100.0,14.0,35.7142857142857,7.14285714285714,0.0,1.0,770711081.566021,0.09269,108798364.518925,758658854.001734,1.64324492482304,1.0,15150.0,-30.3494335860876,0.0,9.625755810937516,0.1434088114111383,20.44706276660061,0.09269,0.1434088114111383,1.64324492482304
511,2023,TH,TIPCO Asphalt PCL,materials,60.727394100845,100.0,12.0,40.0,8.33333333333333,0.0,0.0,755549613.193228,0.09237000000000001,79504485.1237263,688910937.641921,1.5844318363632,1.0,12996.0,-39.272605899155,0.0,9.472396896788991,0.1154060427547614,20.35062255740345,0.09237000000000001,0.1154060427547614,1.5844318363632
511,2024,TH,TIPCO Asphalt PCL,materials,60.6267166281054,57.1428571428571,11.0,46.1538461538462,0.0,1.0,0.0,836309848.272834,0.05969,96708634.3257443,694365521.716287,1.79921263449222,1.0,11856.0,3.483859485248296,0.0,9.380589347535867,0.1392762619991647,20.35850906817145,0.05969,0.1392762619991647,1.79921263449222
512,2023,MY,TASCO Bhd,industrials,39.3413443206062,100.0,9.0,44.4444444444444,11.1111111111111,0.0,0.0,133333333.333333,0.0385,81788012.0698782,354385777.87189,1.03589109716297,0.0,29463.7,-60.6586556793938,0.0,10.29091427615615,0.2307880766576487,19.68589664573164,0.0385,0.2307880766576487,1.03589109716297
512,2024,MY,TASCO Bhd,industrials,39.5565927235075,100.0,8.0,54.5454545454545,12.5,0.0,0.0,134288272.157565,0.0147,71184441.9391206,428054565.952649,0.791451072149245,0.0,29125.03,-60.4434072764925,0.0,10.27935322091039,0.1662975882074692,19.87476123596342,0.0147,0.1662975882074692,0.791451072149245
513,2022,MY,TDM Bhd,consumer_staples,49.7525698251421,100.0,7.0,25.0,0.0,0.0,0.0,74397134.1340909,0.03178,125405227.272727,378511590.909091,0.477704359701774,1.0,291125.0,-50.2474301748579,0.0,12.58150800718664,0.3313114585778859,19.75175725364658,0.03178,0.3313114585778859,0.477704359701774
514,2021,PH,LT Group Inc,industrials,27.1739882038009,100.0,11.0,33.3333333333333,54.5454545454545,0.0,0.0,1411251514.57617,0.0156,2344324985.29123,25727326220.8276,0.392355578809754,1.0,263163.0,-72.8260117961991,1.0,12.48052889104376,0.09112198310733814,23.9708195410439,0.0156,0.09112198310733814,0.392355578809754
514,2022,PH,LT Group Inc,industrials,24.1906433757812,100.0,11.0,36.3636363636364,54.5454545454545,0.0,0.0,1377830431.31642,0.0195,1548099083.88719,22779191108.3169,0.400703230398312,1.0,215946.35,-75.8093566242188,1.0,12.28278527618534,0.06796110873849091,23.84911328548148,0.0195,0.06796110873849091,0.400703230398312
514,2023,PH,LT Group Inc,industrials,36.4954874188774,100.0,11.0,36.3636363636364,54.5454545454545,0.0,0.0,1517299665.22084,0.01959,1335192045.20835,23965412652.5601,0.409833416008087,1.0,194612.3,-63.5045125811226,1.0,12.17876465331419,0.05571329250889066,23.89987748837743,0.01959,0.05571329250889066,0.409833416008087
516,2022,MY,Fast Energy Holdings Bhd,energy,8.03132803537336,100.0,4.0,60.0,0.0,0.0,0.0,6908571.02721,0.136392,1245456.13636364,31753167.7272727,0.240936166609586,0.0,86.6,-91.96867196462664,0.0,4.461299815568389,0.03922305160420015,17.27350304926391,0.136392,0.03922305160420015,0.19777085436633
517,2016,PH,PLDT Inc,communication_services,33.2423564979018,100.0,14.0,25.0,14.2857142857143,0.0,1.0,5803145466.07251,0.05989,3733570088.17773,9586936782.42095,2.66973313256935,1.0,78657.0,-66.7576435020982,0.0,11.27285190643317,0.3894434867896257,22.98366725692554,0.05989,0.3894434867896257,2.66973313256935
517,2017,PH,PLDT Inc,communication_services,39.6869841944066,25.0,13.0,17.6470588235294,23.0769230769231,0.0,1.0,6237540885.02478,0.05921000000000001,3453808752.02593,9193108830.06183,2.93094370829382,1.0,366974.0,14.6869841944066,0.0,12.81304627984045,0.3756954057512991,22.94172000011995,0.05921000000000001,0.3756954057512991,2.93094370829382
517,2018,PH,PLDT Inc,communication_services,41.7417158391281,100.0,13.0,21.4285714285714,23.0769230769231,1.0,1.0,4512227885.71224,0.0548,3359557842.57671,9200495521.25024,2.11803944765462,1.0,469779.0,-58.2582841608719,0.0,13.06001765033559,0.3651496633868461,22.94252318055641,0.0548,0.3651496633868461,2.11803944765462
517,2019,PH,PLDT Inc,communication_services,46.0895504834196,100.0,13.0,18.75,30.7692307692308,0.0,1.0,4095713996.66626,0.04969,4123810463.96841,10365784797.6308,1.86629983008018,1.0,463533.0,-53.9104495165804,1.0,13.04663285886464,0.397829064029088,23.06177629609237,0.04969,0.397829064029088,1.86629983008018
517,2020,PH,PLDT Inc,communication_services,47.2457029803812,100.0,13.0,23.0769230769231,30.7692307692308,0.0,1.0,5877660747.01543,0.04918,5057071443.44928,11994292855.6551,2.455851338902,1.0,549034.0,-52.7542970196188,1.0,13.21591564935728,0.4216231422984606,23.20769677824099,0.04918,0.4216231422984606,2.455851338902
517,2021,PH,PLDT Inc,communication_services,51.6465330673075,100.0,13.0,21.4285714285714,23.0769230769231,1.0,1.0,7485056001.82689,0.04929,5378368307.51128,12283349676.4071,3.10958289655664,1.0,572684.0,-48.3534669326925,0.0,13.25808936015337,0.4378584383901103,23.2315104974208,0.04929,0.4378584383901103,3.10958289655664
517,2022,PH,PLDT Inc,communication_services,48.9963959023027,100.0,15.0,23.5294117647059,28.5714285714286,1.0,1.0,5049106129.52509,0.0529,5245464343.45249,11211819651.5179,2.60280169060314,1.0,650721.0,-51.0036040976973,0.0,13.38583625789915,0.467851295016357,23.1402343848108,0.0529,0.467851295016357,2.60280169060314
517,2023,PH,PLDT Inc,communication_services,59.6234639460265,100.0,13.0,21.4285714285714,23.0769230769231,1.0,1.0,4989083126.76031,0.0557,5458655304.39806,11004531667.5092,2.63842304312946,1.0,713741.0,-40.3765360539735,0.0,13.47827543041576,0.4960370390422612,23.1215729946821,0.0557,0.4960370390422612,2.63842304312946
517,2024,PH,PLDT Inc,communication_services,54.3776502777816,14.8148148148148,13.0,21.4285714285714,30.7692307692308,1.0,1.0,4831667966.86123,0.057,5779048143.81156,10732057992.9747,2.43427407774848,1.0,750312.0,39.5628354629668,1.0,13.52824439900848,0.5384846175444239,23.09650117323864,0.057,0.5384846175444239,2.43427407774848
518,2018,MY,Tenaga Nasional Bhd,utilities,47.943934461299,100.0,11.0,64.2857142857143,27.2727272727273,0.0,0.0,17313377604.8826,0.02816,12761864406.7797,37214285714.2857,1.21517413398958,1.0,33503800.0,-52.056065538701,0.0,17.3271694231981,0.3429291779173049,24.33995854908452,0.02816,0.3429291779173049,1.21517413398958
518,2019,MY,Tenaga Nasional Bhd,utilities,42.9703858821737,100.0,9.0,64.2857142857143,44.4444444444444,0.0,0.0,17049802950.7622,0.03054,18761995597.9457,43738615798.4837,1.18137569994177,1.0,37190000.0,-57.0296141178263,1.0,17.43155046590125,0.4289572327662945,24.50149720556908,0.03054,0.4289572327662945,1.18137569994177
518,2020,MY,Tenaga Nasional Bhd,utilities,45.5865384862628,100.0,10.0,45.4545454545455,50.0,0.0,0.0,14245052866.4347,0.0198,19448109452.7363,45132661691.5423,1.0082880496128,1.0,34030761.0,-54.4134615137372,1.0,17.34277540884827,0.4309098715616148,24.5328720273653,0.0198,0.4309098715616148,1.0082880496128
518,2021,MY,Tenaga Nasional Bhd,utilities,47.0042777555005,93.4782608695652,12.0,50.0,41.6666666666667,0.0,0.0,12843826466.172,0.02009,19433261287.2238,43852209414.025,0.929198520507394,1.0,39264208.0,-46.4739831140647,1.0,17.48582392395226,0.4431535274254293,24.50409094021991,0.02009,0.4431535274254293,0.929198520507394
518,2022,MY,Tenaga Nasional Bhd,utilities,47.9194776158277,100.0,12.0,53.3333333333333,33.3333333333333,0.0,0.0,12591394336.9841,0.0178,22081954545.4546,46800522727.2727,0.932813656315697,1.0,40050000.0,-52.0805223841723,1.0,17.50563923147864,0.4718313655199088,24.5691602091938,0.0178,0.4718313655199088,0.932813656315697
518,2023,MY,Tenaga Nasional Bhd,utilities,54.7071156893883,100.0,12.0,61.5384615384615,41.6666666666667,0.0,0.0,12659000432.427,0.0135,20181067538.1264,44606448801.7429,0.972488258885396,1.0,38900000.0,-45.2928843106117,1.0,17.47650480858868,0.4524248865410212,24.52114427748735,0.0135,0.4524248865410212,0.972488258885396
518,2024,MY,Tenaga Nasional Bhd,utilities,62.7812830405554,76.8518518518518,11.0,43.75,54.5454545454545,0.0,1.0,19437207739.6464,0.0229,19274216651.7457,45894382273.9481,1.41077220772237,1.0,39310000.0,-14.0705688112964,1.0,17.48698949739804,0.4199689743440929,24.54960855597678,0.0229,0.4199689743440929,1.41077220772237
520,2023,MY,Thong Guan Industries Bhd,materials,44.1012896193706,100.0,8.0,50.0,0.0,0.0,0.0,163114652.984749,0.05269,43629411.7647059,304992810.457516,0.804604490026073,0.0,70375.0,-55.8987103806294,0.0,11.16159336544199,0.1430506237155491,19.53579876202341,0.05269,0.1430506237155491,0.804604490026073
520,2024,MY,Thong Guan Industries Bhd,materials,51.9525380308165,100.0,8.0,60.0,12.5,0.0,0.0,135780564.010743,0.04939,47376902.4171889,331917188.898836,0.629739442383496,0.0,29136.0,-48.0474619691835,0.0,10.27972980196739,0.1427371163703991,19.62039606474007,0.04939,0.1427371163703991,0.629739442383496
521,2014,TH,Thai Airways International PCL,industrials,38.5627193156703,58.3333333333333,18.0,56.5217391304348,0.0,0.0,0.0,970120852.0,-0.03161,5831372816.56535,9339427901.76292,0.773222188005696,1.0,7976697.0,-19.770614017663,0.0,15.89203497396726,0.6243822296079413,22.95751083482324,-0.03161,0.6243822296079413,0.773222188005696
521,2015,TH,Thai Airways International PCL,industrials,43.1331142173389,77.0833333333333,18.0,48.1481481481481,5.55555555555556,0.0,0.0,556582639.5898,-0.00341,5341549429.84453,8397308655.30261,0.611197834415244,1.0,7334319.0,-33.9502191159944,0.0,15.8080751227133,0.636102547745643,22.85117709327896,-0.00341,0.636102547745643,0.611197834415244
521,2016,TH,Thai Airways International PCL,industrials,43.0454350101914,100.0,19.0,54.1666666666667,0.0,0.0,0.0,1382503418.41239,0.0101,4670285588.25335,7899661411.99777,1.47901034119717,1.0,5319310.0,-56.9545649898086,0.0,15.48685415365803,0.5912007293325584,22.79008573626011,0.0101,0.5912007293325584,1.47901034119717
521,2017,TH,Thai Airways International PCL,industrials,44.162117865221,100.0,18.0,65.0,0.0,0.0,0.0,1160121479.69585,0.01097,4896069774.65438,8625946092.10445,1.18334812335597,1.0,5920170.0,-55.837882134779,0.0,15.5938757226641,0.5675980028597534,22.87804048568632,0.01097,0.5675980028597534,1.18334812335597
521,2018,TH,Thai Airways International PCL,industrials,44.6554201899033,76.3157894736842,13.0,58.3333333333333,7.69230769230769,0.0,0.0,811663804.416103,-0.03304,4679138924.74482,8311821724.77575,1.29920112532087,1.0,7560684.0,-31.6603692837809,0.0,15.83847222025347,0.5629498658275255,22.84094464257971,-0.03304,0.5629498658275255,1.29920112532087
521,2019,TH,Thai Airways International PCL,industrials,42.2047176901093,100.0,15.0,62.5,13.3333333333333,0.0,0.0,499398384.483968,-0.05110000000000001,4951348194.35484,8562102581.48521,1.28240511633616,1.0,7734388.6,-57.7952823098907,0.0,15.86118699555558,0.5782864836333184,22.87061162561645,-0.05110000000000001,0.5782864836333184,1.28240511633616
522,2020,TH,Thaicom PCL,communication_services,59.7330905155057,100.0,12.0,46.1538461538462,16.6666666666667,0.0,0.0,313015087.064128,0.03041,130097909.520639,555135733.255659,0.833253884777598,1.0,3221.0,-40.2669094844943,0.0,8.0774471493312,0.2343533332968218,20.13472320623432,0.03041,0.2343533332968218,0.833253884777598
522,2021,TH,Thaicom PCL,communication_services,58.5518954801252,100.0,11.0,52.6315789473684,18.1818181818182,0.0,0.0,371504261.553689,0.00897,81770971.4113753,461619976.015649,1.11291559853354,1.0,3056.0,-41.4481045198748,0.0,8.024862150286411,0.1771391526795696,19.95025254781896,0.00897,0.1771391526795696,1.11291559853354
522,2022,TH,Thaicom PCL,communication_services,53.1311262701206,100.0,9.0,63.6363636363636,0.0,0.0,0.0,456049353.874603,0.0112,62312669.6908408,429072763.998844,1.49554009551985,1.0,2418.0,-46.8688737298794,0.0,7.790696031174738,0.1452263460167066,19.87713707556054,0.0112,0.1452263460167066,1.49554009551985
522,2023,TH,Thaicom PCL,communication_services,51.9058239043804,100.0,11.0,46.1538461538462,9.09090909090909,0.0,0.0,422315989.281962,0.02439,43215040.0582242,412299553.42067,1.41416485507772,1.0,2703.0,-48.0941760956196,0.0,7.902117546276448,0.1048146661806636,19.83726071453482,0.02439,0.1048146661806636,1.41416485507772
522,2024,TH,Thaicom PCL,communication_services,61.3629671493039,100.0,11.0,46.1538461538462,18.1818181818182,0.0,0.0,407508630.43911,-0.00155,59182364.0980736,442731938.2662,1.38938581597793,1.0,2476.0,-38.6370328506961,0.0,7.814399633804487,0.1336753890623748,19.90847503936529,-0.00155,0.1336753890623748,1.38938581597793
523,2022,TH,Thantawan Industry PCL,materials,43.1508491536065,100.0,11.0,36.3636363636364,27.2727272727273,0.0,0.0,104015817.393817,0.12138,1487635.27882115,87405182.7217567,1.43128842902074,1.0,15040.0,-56.8491508463935,0.0,9.618468597503831,0.01701998934727759,18.28606513774359,0.12138,0.01701998934727759,1.43128842902074
524,2024,MY,TH Plantations Bhd,consumer_staples,34.2789747643849,100.0,8.0,60.0,25.0,0.0,0.0,134516338.31692,0.0283,195120411.817368,602695613.249776,0.790213074793118,1.0,159970.0,-65.7210252356151,0.0,11.98274157663564,0.3237461954721478,20.21692283992965,0.0283,0.3237461954721478,0.790213074793118
525,2021,TH,Frasers Property (Thailand) PCL,real_estate,69.9379849888395,100.0,13.0,36.3636363636364,9.09090909090909,1.0,0.0,841729357.225555,0.01707,1495459994.05999,2751321473.12147,0.781222297332677,1.0,19525.13,-30.0620150111605,0.0,9.879457632816324,0.5435424426660468,21.73534716888513,0.01707,0.5435424426660468,0.781222297332677
525,2022,TH,Frasers Property (Thailand) PCL,real_estate,63.5309589637175,69.4444444444444,10.0,36.3636363636364,10.0,0.0,0.0,1025280107.21468,0.02572,1415434974.84776,2620263065.92534,0.975657958380751,1.0,20138.99,-5.913485480726898,0.0,9.910413016057753,0.5401881182292291,21.68654055652072,0.02572,0.5401881182292291,0.975657958380751
525,2023,TH,Frasers Property (Thailand) PCL,real_estate,71.6329615909582,100.0,9.0,40.0,11.1111111111111,0.0,1.0,1028984727.63573,0.01901,1379067132.29252,2625872062.44864,0.971315842439289,1.0,19493.45,-28.3670384090418,0.0,9.877833790689762,0.5251844337787472,21.68867889208521,0.01901,0.5251844337787472,0.971315842439289
525,2024,TH,Frasers Property (Thailand) PCL,real_estate,81.0474864854655,100.0,10.0,40.0,10.0,1.0,1.0,801155548.717799,0.0149,1592855974.06607,2982130503.24174,0.821659823861992,1.0,18990.96,-18.9525135145345,0.0,9.851718355451167,0.5341335573123134,21.81590381599391,0.0149,0.5341335573123134,0.821659823861992
527,2022,MY,Dagang Nechange Bhd,information_technology,35.3228811017992,70.0,9.0,60.0,11.1111111111111,1.0,0.0,365847494.372727,0.16258,72653654.1080345,1049847934.63459,1.34424605328915,0.0,38512.26,-34.6771188982008,0.0,10.55873191114257,0.06920397870127956,20.77191116647028,0.16258,0.06920397870127956,1.34424605328915
528,2023,TH,Tipco Foods PCL,consumer_staples,52.8061673122147,100.0,10.0,46.6666666666667,20.0,0.0,0.0,127476524.868651,0.1022,45382119.5050946,185444664.949054,1.04842529929007,1.0,18190.0,-47.1938326877853,0.0,9.808627271512169,0.244720545169429,19.03826709334939,0.1022,0.244720545169429,1.04842529929007
530,2016,ID,Telkom Indonesia (Persero) Tbk PT,communication_services,61.428234557437,100.0,8.0,45.4545454545455,25.0,0.0,1.0,29783517867.2606,0.11263,2360727542.68745,13334149962.8805,4.67230306773796,1.0,426714.0,-38.571765442563,0.0,12.96386927857458,0.177043722266453,23.31359424773274,0.11263,0.177043722266453,4.67230306773796
530,2017,ID,Telkom Indonesia (Persero) Tbk PT,communication_services,62.1045723308885,90.7894736842105,8.0,33.3333333333333,25.0,0.0,1.0,32993142942.5728,0.11714,2614964983.4132,14632067821.5997,4.74406223187687,1.0,370147.0,-28.684901353322,0.0,12.82165550301603,0.1787146571008246,23.40648138318004,0.11714,0.1787146571008246,4.74406223187687
530,2018,ID,Telkom Indonesia (Persero) Tbk PT,communication_services,57.9440014784052,100.0,8.0,55.5555555555556,25.0,0.0,1.0,25522728426.6575,0.08912,3066921739.13043,14344069565.2174,3.75577102669093,1.0,363937.0,-42.0559985215948,0.0,12.80473605471626,0.213811131156763,23.38660242301561,0.08912,0.213811131156763,3.75577102669093
530,2021,ID,Telkom Indonesia (Persero) Tbk PT,communication_services,47.5509042967742,100.0,9.0,54.5454545454545,0.0,0.0,0.0,28055475293.6558,0.09449,4847578947.36842,19451508771.9298,3.28996724153692,1.0,2047565.4,-52.4490957032258,0.0,14.53216203559119,0.2492135188178252,23.69119047582391,0.09449,0.2492135188178252,3.28996724153692
530,2022,ID,Telkom Indonesia (Persero) Tbk PT,communication_services,52.7197674545784,100.0,9.0,50.0,0.0,0.0,0.0,23866579649.8555,0.07509,4050176678.44523,17680179890.7806,2.87396766351019,1.0,1744658.01,-47.2802325454216,0.0,14.3720691116035,0.229080060466874,23.59571006892205,0.07509,0.229080060466874,2.87396766351019
530,2023,ID,Telkom Indonesia (Persero) Tbk PT,communication_services,56.8993477804415,100.0,9.0,44.4444444444444,0.0,0.0,0.0,25417067591.4258,0.0874,4425073075.67392,18645144527.444,2.88260074529998,1.0,1854099.0,-43.1006522195585,0.0,14.43290942174056,0.2373311222747887,23.64885160208612,0.0874,0.2373311222747887,2.88260074529998
530,2024,ID,Telkom Indonesia (Persero) Tbk PT,communication_services,58.2574832922129,100.0,10.0,40.0,0.0,0.0,0.0,16643435027.0304,0.0806,4777377252.95214,18624922311.995,1.88930290502062,1.0,1724335.18,-41.7425167077871,0.0,14.36035213126226,0.2565045465921417,23.64776643003528,0.0806,0.2565045465921417,1.88930290502062
531,2014,MY,Telekom Malaysia Bhd,communication_services,66.7243422746277,100.0,11.0,57.1428571428571,18.1818181818182,0.0,0.0,7256111127.06484,0.038,1845035765.37911,6473018597.99714,3.34962135993977,1.0,81141.6,-33.2756577253723,0.0,11.30395105557021,0.2850348315004061,22.59090838967067,0.038,0.2850348315004061,3.34962135993977
531,2015,MY,Telekom Malaysia Bhd,communication_services,60.9499345804898,100.0,12.0,58.3333333333333,25.0,1.0,0.0,5885928924.74628,0.02978,1767762237.76224,5690699300.6993,3.24538896817726,1.0,47673.5,-39.0500654195102,0.0,10.77213096694271,0.3106405986949634,22.46209897748022,0.02978,0.3106405986949634,3.24538896817726
531,2016,MY,Telekom Malaysia Bhd,communication_services,55.1196389131964,100.0,12.0,50.0,16.6666666666667,0.0,0.0,4941349518.0312,0.03141,1864934775.33727,5575114282.52871,2.88078537037037,1.0,66410.0,-44.8803610868036,0.0,11.10360292653476,0.3345105913221549,22.44157865319078,0.03141,0.3345105913221549,2.88078537037037
531,2017,MY,Telekom Malaysia Bhd,communication_services,48.9607899592746,100.0,12.0,64.2857142857143,25.0,0.0,0.0,5801924266.54937,0.0374,2015380811.07814,6123095944.6093,2.99144346184739,1.0,66154.0,-51.0392100407254,0.0,11.09974063634684,0.3291440848403588,22.53533367886206,0.0374,0.3291440848403588,2.99144346184739
531,2018,MY,Telekom Malaysia Bhd,communication_services,48.8252274234481,100.0,13.0,50.0,23.0769230769231,0.0,0.0,2398690707.43248,0.00632,2075375302.66344,5739588377.72397,1.31647840756392,1.0,48077.0,-51.1747725765519,0.0,10.78055917125572,0.3615895716003294,22.4706533335086,0.00632,0.3615895716003294,1.31647840756392
531,2019,MY,Telekom Malaysia Bhd,communication_services,54.3754229702875,100.0,13.0,50.0,23.0769230769231,0.0,0.0,3486444290.88178,0.02569,2604059672.29151,6260626069.94375,1.93874268122204,1.0,47886.0,-45.6245770297125,0.0,10.77657846510406,0.4159423743246986,22.55754602823076,0.02569,0.4159423743246986,1.93874268122204
531,2020,MY,Telekom Malaysia Bhd,communication_services,55.8219321288074,100.0,12.0,46.6666666666667,16.6666666666667,0.0,1.0,5032981324.94366,0.0407,2371741293.53234,6039427860.69652,2.83978863359627,1.0,44305.0,-44.1780678711926,0.0,10.6988528164814,0.3927095990279467,22.52157511935619,0.0407,0.3927095990279467,2.83978863359627
531,2021,MY,Telekom Malaysia Bhd,communication_services,63.6459946089646,100.0,11.0,46.6666666666667,27.2727272727273,0.0,1.0,4939839759.51979,0.03799,1826056676.27281,5482973102.78578,2.74168421736088,1.0,384384.0,-36.3540053910354,0.0,12.85939733190295,0.3330413339698913,22.42491332779105,0.03799,0.3330413339698913,2.74168421736088
531,2022,MY,Telekom Malaysia Bhd,communication_services,68.5289188842621,100.0,11.0,50.0,36.3636363636364,0.0,1.0,4647428057.51235,0.04975,1600863636.36364,5257113636.36364,2.57652969230769,1.0,335609.0,-31.4710811157379,1.0,12.72370207085565,0.3045137973222435,22.38284797475014,0.04975,0.3045137973222435,2.57652969230769
531,2023,MY,Telekom Malaysia Bhd,communication_services,68.3336393238517,76.5625,12.0,50.0,33.3333333333333,0.0,1.0,4598716084.63704,0.08119,1442440087.14597,4725032679.73856,2.30360693229292,1.0,316587.0,-8.228860676148301,1.0,12.66535336430995,0.3052762139257377,22.27614031421498,0.08119,0.3052762139257377,2.30360693229292
531,2024,MY,Telekom Malaysia Bhd,communication_services,64.6820934848787,100.0,13.0,35.2941176470588,28.5714285714286,0.0,1.0,5660742383.75141,0.0915,1161772605.19248,4736459265.89078,2.50425239660856,1.0,295881.0,-35.31790651512129,0.0,12.59771262544464,0.2452829297105729,22.27855570319871,0.0915,0.2452829297105729,2.50425239660856
532,2014,MY,Aiata Group Bhd,communication_services,40.7218826750168,90.4255319148936,10.0,60.0,10.0,0.0,0.0,17065164151.7618,0.05186,4142124463.51931,14050412875.5365,2.8729455162617,1.0,680810.0,-49.7036492398768,0.0,13.43103854473507,0.294804465905145,23.36591761845358,0.05186,0.294804465905145,2.8729455162617
532,2015,MY,Aiata Group Bhd,communication_services,52.7363162821177,100.0,10.0,60.0,10.0,0.0,0.0,12986532746.8439,0.04854,3994387179.48718,13081182051.2821,2.36827041612207,1.0,1074204.71,-47.2636837178823,0.0,13.88709114110223,0.3053536877499298,23.29444054978539,0.04854,0.3053536877499298,2.36827041612207
532,2016,MY,Aiata Group Bhd,communication_services,49.8307553425791,100.0,10.0,70.0,10.0,0.0,0.0,9308570181.45101,0.0237,5252411417.10336,15777233805.3295,1.77027668024279,1.0,606421.0,-50.1692446574209,0.0,13.31532974331753,0.3329107929762131,23.4818338394901,0.0237,0.3329107929762131,1.77027668024279
532,2017,MY,Aiata Group Bhd,communication_services,64.3130805061512,100.0,9.0,63.6363636363636,11.1111111111111,0.0,0.0,12108921829.6369,0.01568,5095247032.64095,17287585558.8526,1.98003346695032,1.0,985110.0,-35.68691949384881,0.0,13.80050858904593,0.2947344506435015,23.57325448309945,0.01568,0.2947344506435015,1.98003346695032
532,2018,MY,Aiata Group Bhd,communication_services,60.5500421208575,93.0555555555556,10.0,63.6363636363636,10.0,0.0,0.0,8509273507.73083,0.01794,5381119128.3293,15461265617.4334,2.01085474281646,1.0,923282.0,-32.5055134346981,0.0,13.73568999228205,0.348038722151038,23.46160374075459,0.01794,0.348038722151038,2.01085474281646
532,2019,MY,Aiata Group Bhd,communication_services,61.4407273602684,100.0,9.0,58.3333333333333,22.2222222222222,0.0,0.0,9146229947.77906,0.02229,6276977256.05283,16271411836.6349,2.31131636985843,1.0,1111152.0,-38.5592726397316,0.0,13.920907872945,0.3857672167033648,23.51267552986648,0.02229,0.3857672167033648,2.31131636985843
532,2020,MY,Aiata Group Bhd,communication_services,66.9944667144502,100.0,9.0,70.0,33.3333333333333,0.0,0.0,8420793676.46346,0.0053,6809461442.78607,16905907711.4428,1.9188999659242,1.0,1145448.6,-33.0055332855498,1.0,13.95130690863368,0.402785911233685,23.55092896651495,0.0053,0.402785911233685,1.9188999659242
532,2021,MY,Aiata Group Bhd,communication_services,69.7568303226201,70.9302325581395,10.0,61.5384615384615,20.0,0.0,0.0,9047903079.39706,0.01169,7017648895.29299,17423254082.6129,2.09246225213557,1.0,1318444.74,-1.17340223551939,0.0,14.09196337263438,0.4027748698388137,23.58107159245326,0.01169,0.4027748698388137,2.09246225213557
532,2022,MY,Aiata Group Bhd,communication_services,74.3538035294874,79.7297297297297,10.0,60.0,20.0,1.0,1.0,6444923454.85909,-0.01261,8154437045.45455,18554711590.9091,1.18477511712004,1.0,1361814.48,-5.375926200242304,0.0,14.12432854496023,0.4394806680503633,23.6439895878679,-0.01261,0.4394806680503633,1.18477511712004
532,2023,MY,Aiata Group Bhd,communication_services,72.1873927510783,100.0,9.0,54.5454545454545,22.2222222222222,1.0,1.0,4759525338.81482,0.0091,8048835729.8475,17084483877.9956,0.990123291906084,1.0,1039646.6,-27.81260724892169,0.0,13.85439140567753,0.4711196303807694,23.56143651298482,0.0091,0.4711196303807694,0.990123291906084
532,2024,MY,Aiata Group Bhd,communication_services,67.2631830274096,100.0,11.0,53.8461538461538,27.2727272727273,1.0,1.0,5117542451.69651,0.0124,7660244404.65533,16641882497.7619,1.0788914310024,1.0,1123380.36,-32.7368169725904,0.0,13.93185287628567,0.4602991521954037,23.53518839681577,0.0124,0.4602991521954037,1.0788914310024
533,2021,TH,TMT Steel PCL,materials,41.8502741698348,100.0,8.0,37.5,12.5,0.0,1.0,269010430.419916,0.0638,170545238.158291,302960733.222991,2.38912910961198,0.0,10217.0,-58.1497258301652,0.0,9.231808278591423,0.5629285232577088,19.52911376175224,0.0638,0.5629285232577088,2.38912910961198
533,2022,TH,TMT Steel PCL,materials,55.7475141398991,100.0,7.0,42.8571428571429,14.2857142857143,1.0,1.0,196241336.758162,0.10334,148340608.147934,261823123.432534,2.08985657943113,0.0,11253.0,-44.2524858601009,0.0,9.328390038749998,0.5665680181458765,19.38317973233926,0.10334,0.5665680181458765,2.08985657943113
533,2023,TH,TMT Steel PCL,materials,43.4714058112395,100.0,7.0,42.8571428571429,14.2857142857143,1.0,1.0,155038645.8669,0.1704,152092400.174672,260293361.659389,1.59863703974994,1.0,11972.0,-56.5285941887605,0.0,9.390325868972589,0.5843114830323446,19.37731986698646,0.1704,0.5843114830323446,1.59863703974994
537,2014,TH,Thai Oil PCL,energy,70.0065420562293,100.0,15.0,80.9523809523809,6.66666666666667,0.0,0.0,2608255166.37422,-0.03125,2434678024.58967,5884707242.85714,1.02738574872987,1.0,2430000.0,-29.99345794377069,0.0,14.70340181531673,0.4137296766198325,22.49562283009282,-0.03125,0.4137296766198325,1.02738574872987
537,2015,TH,Thai Oil PCL,energy,74.0271768145314,100.0,14.0,65.2173913043478,7.14285714285714,0.0,0.0,3731758807.29064,0.06971,2096222318.79511,5334971998.00111,1.45759467773184,1.0,2420000.0,-25.9728231854686,0.0,14.69927809813287,0.3929209599564001,22.39754947295179,0.06971,0.3929209599564001,1.45759467773184
537,2016,TH,Thai Oil PCL,energy,79.0292637793132,100.0,14.0,50.0,14.2857142857143,0.0,0.0,4112500954.36461,0.10256,2128933028.98996,6075089623.80022,1.37932689532956,1.0,2540000.0,-20.9707362206868,0.0,14.74767463899472,0.3504364809120667,22.52746257895313,0.10256,0.3504364809120667,1.37932689532956
537,2017,TH,Thai Oil PCL,energy,69.6306891386208,100.0,14.0,47.6190476190476,35.7142857142857,0.0,0.0,6486725478.99992,0.09783,2042026518.06452,7007935264.39324,1.72749309129965,1.0,3650000.0,-30.3693108613792,1.0,15.11023772555867,0.2913877541706034,22.67030895315103,0.09783,0.2913877541706034,1.72749309129965
537,2018,TH,Thai Oil PCL,energy,70.314270068896,100.0,14.0,47.0588235294118,28.5714285714286,0.0,0.0,4153407047.21924,0.04338,3311470839.80823,8308473661.49088,1.11040908658828,1.0,3400000.0,-29.68572993110401,0.0,15.03928598958639,0.3985654856386722,22.84054175403262,0.04338,0.3985654856386722,1.11040908658828
537,2019,TH,Thai Oil PCL,energy,83.051019610831,100.0,14.0,47.3684210526316,21.4285714285714,0.0,0.0,4752570568.12026,0.0162,3971734984.77823,9524345678.86425,1.18603684039245,1.0,3490000.0,-16.94898038916899,0.0,15.06541229417861,0.4170086973630138,22.97711706046719,0.0162,0.4170086973630138,1.18603684039245
537,2020,TH,Thai Oil PCL,energy,86.5230183704326,100.0,15.0,47.3684210526316,20.0,0.0,1.0,3543135059.96154,-0.0109,5226814829.49401,10192665108.8216,0.912694671078254,1.0,3310000.0,-13.4769816295674,0.0,15.01245874735325,0.5128015856196707,23.04493419157692,-0.0109,0.5128015856196707,0.912694671078254
537,2021,TH,Thai Oil PCL,energy,83.6648843764679,100.0,16.0,45.0,18.75,1.0,1.0,3028836063.29417,0.03759,5962906403.40054,10898107717.4842,0.835381034999666,1.0,3030000.0,-16.3351156235321,0.0,14.92407317748555,0.5471506208214523,23.11185500721007,0.03759,0.5471506208214523,0.835381034999666
537,2022,TH,Thai Oil PCL,energy,77.2933527129397,100.0,16.0,40.0,6.25,1.0,1.0,3630547546.59058,0.08099,5670598825.65732,12845445191.2742,0.805292487403054,1.0,3150000.0,-22.70664728706031,0.0,14.96291301080182,0.4414482130607126,23.27625512562889,0.08099,0.4414482130607126,0.805292487403054
537,2023,TH,Thai Oil PCL,energy,71.2038634444143,100.0,14.0,47.0588235294118,7.14285714285714,1.0,1.0,3504631105.44367,0.045,5362668957.40902,12226861748.2387,0.725193494725922,1.0,3260000.0,-28.7961365555857,0.0,14.99723775334289,0.4385973333003067,23.22690115095684,0.045,0.4385973333003067,0.725193494725922
537,2024,TH,Thai Oil PCL,energy,73.8067012245463,81.0975609756098,14.0,63.1578947368421,7.14285714285714,1.0,1.0,1847361087.2219,0.02399,5089156640.98074,11938424744.279,0.386095261735992,1.0,3388244.0,-7.290859751063493,0.0,15.03582235105105,0.4262837643986079,23.2030280052423,0.02399,0.4262837643986079,0.386095261735992
538,2018,MY,Top Glove Corporation Bhd,health_care,36.732485104433,100.0,12.0,61.5384615384615,33.3333333333333,0.0,0.0,3413328496.25966,0.10557,538688899.707887,1289520447.90652,5.87412295822874,0.0,1330549.0,-63.267514895567,1.0,14.10110219698179,0.4177435887755211,20.97753624039649,0.10557,0.4177435887755211,5.87412295822874
538,2019,MY,Top Glove Corporation Bhd,health_care,31.3548255247757,100.0,13.0,53.8461538461538,30.7692307692308,0.0,0.0,2893716387.49644,0.0679,575944325.481799,1353367832.50059,4.79284145091938,0.0,1620941.0,-68.64517447522431,1.0,14.29851740276979,0.4255637762703717,21.02586201356254,0.0679,0.4255637762703717,4.79284145091938
538,2020,MY,Top Glove Corporation Bhd,health_care,54.229851026743,63.4615384615385,12.0,57.1428571428571,41.6666666666667,0.0,0.0,12274171958.0859,0.26072,132513331.731924,2091271679.07759,14.3651334700557,1.0,946885.0,-9.231687434795504,1.0,13.76093292868021,0.0633649530367917,21.46103817677588,0.26072,0.0633649530367917,14.3651334700557
538,2021,MY,Top Glove Corporation Bhd,health_care,51.0008153616239,100.0,12.0,61.5384615384615,41.6666666666667,0.0,0.0,5104750009.3804,0.3684360000000003,116095066.185319,2354374007.22022,5.42364928611936,1.0,1028155.0,-48.9991846383761,1.0,13.84327649184147,0.04931037542433243,21.57954071473604,0.8495900000000001,0.04931037542433243,5.42364928611936
538,2022,MY,Top Glove Corporation Bhd,health_care,71.1946824530009,46.2962962962963,12.0,58.3333333333333,41.6666666666667,0.0,1.0,1688052552.78864,0.0264,93220384.4434511,1814195350.91641,1.15534198576432,1.0,1148636.0,24.8983861567046,1.0,13.95408570942508,0.05138387351525425,21.31890787353375,0.0264,0.05138387351525425,1.15534198576432
538,2023,MY,Top Glove Corporation Bhd,health_care,69.9490639065781,100.0,14.0,66.6666666666667,35.7142857142857,0.0,1.0,1609401261.56863,-0.09124080000000001,125478757.817554,1522874703.47207,1.29943761324237,1.0,898438.0,-30.0509360934219,1.0,13.70841297892949,0.08239598276303978,21.14386563792296,-0.12195,0.08239598276303978,1.29943761324237
538,2024,MY,Top Glove Corporation Bhd,health_care,75.4682080471583,100.0,12.0,68.75,41.6666666666667,1.0,1.0,2463395878.14682,-0.00884,97751736.9152385,1611415701.71376,1.59183023576374,1.0,425886.0,-24.5317919528417,1.0,12.96192698380493,0.06066202334461453,21.20037894740397,-0.00884,0.06066202334461453,1.59183023576374
539,2023,MY,TRC Synergy Bhd,industrials,36.4555751351992,100.0,8.0,62.5,25.0,0.0,0.0,38732881.9411765,0.02403,22246089.7603486,214611370.588235,0.32036529075557,0.0,1522.11,-63.5444248648008,0.0,7.327852809134613,0.1036575541145541,19.18433937179093,0.02403,0.1036575541145541,0.32036529075557
539,2024,MY,TRC Synergy Bhd,industrials,39.6724476684993,100.0,7.0,62.5,28.5714285714286,0.0,0.0,39252784.8243062,0.0132,20398164.7269472,217859892.569382,0.320919767612584,0.0,3703.26,-60.3275523315007,0.0,8.216968791789306,0.09362973829820916,19.19936271950077,0.0132,0.09362973829820916,0.320919767612584
540,2022,MY,TSH Resources Bhd,consumer_staples,43.7728988842247,100.0,10.0,50.0,20.0,0.0,0.0,336029246.506818,0.1464,127510454.545455,672563181.818182,0.77691253947862,1.0,269856.0,-56.2271011157753,0.0,12.50564376237437,0.1895888118655976,20.32660661568619,0.1464,0.1895888118655976,0.77691253947862
540,2023,MY,TSH Resources Bhd,consumer_staples,45.1069299148856,100.0,9.0,50.0,22.2222222222222,0.0,0.0,293520140.800654,0.03272,66120915.0326797,619830501.089325,0.657394685359797,1.0,282107.0,-54.8930700851144,0.0,12.55004171057801,0.1066758007495196,20.24495661328703,0.03272,0.1066758007495196,0.657394685359797
540,2024,MY,TSH Resources Bhd,consumer_staples,43.5665156811881,100.0,9.0,63.6363636363636,11.1111111111111,0.0,0.0,386583065.409579,0.0581,58393240.8236347,614998880.931065,0.852822013716946,1.0,262569.33,-56.4334843188119,0.0,12.47827044042749,0.09494853183347496,20.23713100614485,0.0581,0.09494853183347496,0.852822013716946
541,2023,TH,Thoresen Thai Agencies PCL,industrials,56.6049320543971,100.0,11.0,45.4545454545455,9.09090909090909,0.0,1.0,353989453.772334,0.02879,285428122.270742,1303884512.37263,0.434844763575308,1.0,35822.0,-43.3950679456029,0.0,10.4863175087852,0.218905984051731,20.98861373239742,0.02879,0.218905984051731,0.434844763575308
541,2024,TH,Thoresen Thai Agencies PCL,industrials,62.7478216901165,100.0,11.0,45.4545454545455,9.09090909090909,0.0,1.0,408133896.797424,0.0285,350518739.054291,1460308902.51022,0.326828388978899,1.0,34333.0,-37.2521783098835,0.0,10.44386226975867,0.2400305431623142,21.10191382734918,0.0285,0.2400305431623142,0.326828388978899
542,2015,TH,Thai Union Group PCL,consumer_staples,59.4542700409925,100.0,12.0,38.4615384615385,0.0,0.0,0.0,2274812265.27716,0.04673,1087695086.0633,3079156024.43087,1.81517214178575,1.0,377752.26,-40.5457299590075,0.0,12.84199386290994,0.353244550595432,21.84792137834016,0.04673,0.353244550595432,1.81517214178575
542,2016,TH,Thai Union Group PCL,consumer_staples,63.1008239536665,45.6521739130435,14.0,35.7142857142857,0.0,0.0,1.0,2795985642.1875,0.0414,1839243722.09821,3972250641.74107,2.31734335158498,1.0,545690.0,17.448650040623,0.0,13.20980632791937,0.4630230788488348,22.1025986832888,0.0414,0.4630230788488348,2.31734335158498
542,2017,TH,Thai Union Group PCL,consumer_staples,68.6346189093825,100.0,12.0,30.7692307692308,0.0,0.0,1.0,2917331132.73118,0.04172,2067497081.41321,4488227803.37942,2.14433823954718,1.0,599351.0,-31.3653810906175,0.0,13.30360268210803,0.4606488734498912,22.22472376220739,0.04172,0.4606488734498912,2.14433823954718
542,2018,TH,Thai Union Group PCL,consumer_staples,69.0863107198057,100.0,12.0,33.3333333333333,0.0,0.0,1.0,2375642625.54395,0.02756,1995024033.40551,4389609712.34148,1.78804544828705,1.0,548101.0,-30.9136892801943,0.0,13.21421485551713,0.4544877937089618,22.20250615628666,0.02756,0.4544877937089618,1.78804544828705
542,2019,TH,Thai Union Group PCL,consumer_staples,70.0770144489356,100.0,12.0,33.3333333333333,0.0,0.0,1.0,2151620213.62725,0.02839,2012928797.04301,4768449227.15054,1.51669836397337,1.0,539630.0,-29.9229855510644,0.0,13.19863899850862,0.4221348914825012,22.28528697937503,0.02839,0.4221348914825012,1.51669836397337
542,2020,TH,Thai Union Group PCL,consumer_staples,69.4740613671241,100.0,12.0,30.7692307692308,0.0,0.0,1.0,2167558141.1356,0.0415,1944580725.69907,4812738748.33555,1.36919443772018,1.0,510638.0,-30.52593863287591,0.0,13.14341620326866,0.4040486773506226,22.29453214537353,0.0415,0.4040486773506226,1.36919443772018
542,2021,TH,Thai Union Group PCL,consumer_staples,73.5301656304986,100.0,12.0,33.3333333333333,0.0,0.0,1.0,2790953874.38512,0.0515,2137848570.56876,5013663557.02678,1.70076721834499,1.0,504305.0,-26.4698343695014,0.0,13.13093652274896,0.426404473745054,22.33543273371851,0.0515,0.426404473745054,1.70076721834499
542,2022,TH,Thai Union Group PCL,consumer_staples,69.234016549096,100.0,12.0,42.8571428571429,16.6666666666667,0.0,1.0,2330068820.64143,0.04088,1743914475.58509,5275049552.15256,1.05320194184186,1.0,511612.0,-30.765983450904,0.0,13.1453218042366,0.330596795033605,22.38625391003742,0.04088,0.330596795033605,1.05320194184186
542,2023,TH,Thai Union Group PCL,consumer_staples,68.1287717365625,70.2380952380952,11.0,35.7142857142857,18.1818181818182,0.0,1.0,2038149166.37478,-0.08007,1979278719.06841,4816603202.32897,1.26858076986407,1.0,476362.0,-2.1093235015327,0.0,13.07393334837845,0.4109283318400341,22.29533478676287,-0.08007,0.4109283318400341,1.26858076986407
542,2024,TH,Thai Union Group PCL,consumer_staples,72.6285844846633,100.0,11.0,41.6666666666667,18.1818181818182,0.0,1.0,1695454480.32787,0.03109,1999758260.36194,4521668651.48862,1.1373845767072,1.0,434336.0,-27.37141551533669,0.0,12.98157370709769,0.4422611240440144,22.23214693334714,0.03109,0.4422611240440144,1.1373845767072
543,2021,TH,Thai Vegetable Oil PCL,consumer_staples,55.0524957770427,100.0,12.0,43.75,8.33333333333333,0.0,0.0,683438848.215176,0.15169,30463249.8043936,401525032.290099,2.63516901590283,1.0,51040.0,-44.9475042229573,0.0,10.84036491801867,0.07586886832595811,19.81078043633188,0.15169,0.07586886832595811,2.63516901590283
543,2022,TH,Thai Vegetable Oil PCL,consumer_staples,65.8381904851881,100.0,12.0,46.1538461538462,16.6666666666667,0.0,0.0,732445263.44987,0.10099,453926.610806125,532141928.171049,2.47654810792958,1.0,47932.0,-34.16180951481191,0.0,10.77753861880241,0.001473925181377779,20.09242079400226,0.10099,0.0008530179389664952,2.47654810792958
543,2023,TH,Thai Vegetable Oil PCL,consumer_staples,67.2770197090569,100.0,12.0,46.1538461538462,25.0,0.0,0.0,555595000.210158,0.0463,307976.972343523,380671752.954876,1.88998103403149,1.0,46015.0,-32.7229802909431,0.0,10.73672270927296,0.001473925181377779,19.75744802095055,0.0463,0.0008090355272040106,1.88998103403149
543,2024,TH,Thai Vegetable Oil PCL,consumer_staples,63.238965363869,100.0,12.0,41.6666666666667,25.0,0.0,0.0,598882866.042155,0.15036,154785.901926445,434840823.613544,1.87371982630382,1.0,43950.0,-36.761034636131,0.0,10.69080790311332,0.001473925181377779,19.89049059935941,0.15036,0.0003559599134234182,1.87371982630382
544,2014,TH,BTS Group Holdings PCL,industrials,39.7692944656874,100.0,12.0,41.6666666666667,0.0,0.0,0.0,3501393121.87671,0.04101,162589991.853674,2053804416.04673,2.13262447058843,1.0,55217.0,-60.2307055343126,0.0,10.91902615586634,0.07916527522452002,21.44295972290959,0.04101,0.07916527522452002,2.13262447058843
544,2015,TH,BTS Group Holdings PCL,industrials,35.2280061769061,100.0,13.0,38.4615384615385,0.0,0.0,0.0,3008788181.61308,0.02092,283662738.376068,1859241725.52707,2.33025086833605,1.0,56831.0,-64.77199382309391,0.0,10.94783723047632,0.15256904709131,21.34343456710189,0.02092,0.15256904709131,2.33025086833605
544,2016,TH,BTS Group Holdings PCL,industrials,50.5346759495154,100.0,13.0,42.8571428571429,0.0,0.0,0.0,2847188005.51339,0.02321,1117891443.36051,2726583162.08503,2.37361308860372,1.0,54501.0,-49.4653240504846,0.0,10.90597432910685,0.4099971931557201,21.72631507327181,0.02321,0.4099971931557201,2.37361308860372
544,2017,TH,BTS Group Holdings PCL,industrials,58.9807515199398,100.0,14.0,42.8571428571429,7.14285714285714,0.0,0.0,3044702375.36713,0.01974,1513390106.51267,3408991930.3497,2.43569420565728,1.0,58922.0,-41.0192484800602,0.0,10.98396981433177,0.4439406538452627,21.94968246293883,0.01974,0.4439406538452627,2.43569420565728
544,2018,TH,BTS Group Holdings PCL,industrials,61.6287052348999,100.0,14.0,42.8571428571429,7.14285714285714,1.0,0.0,3476401231.47203,0.02295,2284831905.23329,4552284190.76293,3.36302850862357,1.0,56813.0,-38.3712947651001,0.0,10.94752045176119,0.501908890018215,22.23889496388731,0.02295,0.501908890018215,3.36302850862357
544,2019,TH,BTS Group Holdings PCL,industrials,78.7069923993931,100.0,14.0,42.8571428571429,7.14285714285714,0.0,0.0,5799481053.74749,0.05142,2704913770.7697,5287125195.75443,2.17948891416334,1.0,63979.0,-21.2930076006069,0.0,11.06631018349702,0.5116038812437712,22.38854049384265,0.05142,0.5116038812437712,2.17948891416334
544,2020,TH,BTS Group Holdings PCL,industrials,82.2628151748545,100.0,13.0,46.6666666666667,7.69230769230769,0.0,0.0,4088082721.96393,0.02379,3666927561.68374,6788592212.77209,2.11106016342745,1.0,78020.0,-17.7371848251455,0.0,11.26472048306065,0.5401602345158935,22.63850942458652,0.02379,0.5401602345158935,2.11106016342745
544,2021,TH,BTS Group Holdings PCL,industrials,80.9709251834679,100.0,12.0,53.8461538461538,8.33333333333333,0.0,0.0,3691833598.67576,0.0164,4578568996.42428,7618373041.67668,2.01030576687687,1.0,72722.0,-19.0290748165321,0.0,11.19439923122344,0.6009903914362025,22.75382867225714,0.0164,0.6009903914362025,2.01030576687687
544,2022,TH,BTS Group Holdings PCL,industrials,85.1418928286839,100.0,12.0,50.0,8.33333333333333,0.0,0.0,3195844064.74429,0.006999999999999999,5053089958.16745,7931122033.72365,1.66728282092312,1.0,78981.0,-14.85810717131611,0.0,11.27696259619376,0.6371217006473209,22.79406035485692,0.006999999999999999,0.6371217006473209,1.66728282092312
544,2023,TH,BTS Group Holdings PCL,industrials,79.5708145616916,100.0,12.0,50.0,8.33333333333333,0.0,0.0,2786496755.67717,-0.00342,5125854074.92439,7480937315.56228,1.59849626409255,1.0,87855.0,-20.42918543830839,0.0,11.38344300719199,0.6637159521299296,22.73562393064936,-0.00342,0.685188748241653,1.59849626409255
544,2024,TH,BTS Group Holdings PCL,industrials,78.2031782605466,100.0,11.0,50.0,9.09090909090909,0.0,0.0,2873890047.85714,-0.0051,5371973567.45214,9498218471.19293,1.1670700486903,1.0,90888.0,-21.79682173945341,0.0,11.41738325824974,0.5655769641164556,22.97437008861897,-0.0051,0.5655769641164556,1.1670700486903
546,2022,MY,Unisem (M) Bhd,information_technology,45.0187530342135,100.0,10.0,36.3636363636364,20.0,0.0,1.0,1011840532.63636,0.13279,44653863.6363636,686092954.545455,1.84244505269396,1.0,136900.0,-54.9812469657865,0.0,11.82700601127654,0.06508427661372407,20.34652367876341,0.13279,0.06508427661372407,1.84244505269396
546,2024,MY,Unisem (M) Bhd,information_technology,50.3567192710261,100.0,11.0,38.4615384615385,36.3636363636364,1.0,1.0,1090308619.56132,0.0206,41989033.1244405,647136302.59624,2.16742625454041,1.0,142300.0,-49.6432807289739,1.0,11.86569278407794,0.06488437282220931,20.28806749889626,0.0206,0.06488437282220931,2.16742625454041
547,2020,ID,United Tractors Tbk PT,energy,65.271887740638,100.0,6.0,28.5714285714286,0.0,0.0,0.0,7067065143.7037,0.05679,888982977.207977,7108330698.0057,1.64583757857226,1.0,2388417.0,-34.72811225936201,0.0,14.68614136136537,0.1250621299115119,22.68453327091821,0.05679,0.1250621299115119,1.64583757857226
547,2022,ID,United Tractors Tbk PT,energy,64.4593908244387,100.0,6.0,33.3333333333333,0.0,0.0,0.0,6248845080.06425,0.166,192879344.683585,9025263090.26663,1.11808174848649,1.0,518176.07,-35.5406091755613,0.0,13.15807036696242,0.02137104954775194,22.92329349201655,0.166,0.02137104954775194,1.11808174848649
547,2023,ID,United Tractors Tbk PT,energy,67.2658529104986,100.0,6.0,33.3333333333333,0.0,0.0,1.0,5481929681.84476,0.13997,1226032867.81423,9987262292.95226,1.03683418762812,1.0,533210.04,-32.73414708950141,0.0,13.18667069681684,0.1227596544329679,23.02457634730023,0.13997,0.1227596544329679,1.03683418762812
547,2024,ID,United Tractors Tbk PT,energy,65.1628952314961,100.0,6.0,33.3333333333333,0.0,0.0,1.0,6191839322.15747,0.1207,1253344934.74208,10533288875.0777,1.04620135575184,1.0,622391.35,-34.83710476850391,0.0,13.34132435393483,0.1189889453907941,23.07780644814179,0.1207,0.1189889453907941,1.04620135575184
548,2019,ID,Unilever Indonesia Tbk PT,consumer_staples,71.9925814299623,100.0,5.0,83.3333333333333,0.0,0.0,0.0,23021551724.1379,0.3681,285662391.930836,1487706844.3804,42.01405290619211,1.0,125500.21,-28.0074185700377,0.0,11.74006271085935,0.1920152434667387,21.12050174076245,0.3681,0.1920152434667387,60.6717858209851
548,2020,ID,Unilever Indonesia Tbk PT,consumer_staples,73.8384560596326,100.0,5.0,83.3333333333333,20.0,0.0,0.0,19971688034.188,0.3443,283118945.868946,1462580626.78063,42.01405290619211,1.0,84798.17,-26.16154394036739,0.0,11.34802924135846,0.1935749323386946,21.10346826497337,0.3443,0.1935749323386946,56.7918980315018
548,2021,ID,Unilever Indonesia Tbk PT,consumer_staples,74.5941901013821,100.0,6.0,71.4285714285714,16.6666666666667,0.0,0.0,10991692954.7844,0.29079,192060771.929825,1338142596.49123,36.2848274430497,1.0,29343.63,-25.4058098986179,0.0,10.28683076592544,0.1435278814331382,21.01454836733197,0.29079,0.1435278814331382,36.2848274430497
548,2022,ID,Unilever Indonesia Tbk PT,consumer_staples,81.8667614908959,100.0,6.0,83.3333333333333,16.6666666666667,0.0,0.0,11519755862.512,0.28699,82494442.6598137,1176878509.47639,42.01405290619211,1.0,20858.4,-18.1332385091041,0.0,9.94551202379136,0.07009597167044597,20.8861314394011,0.28699,0.07009597167044597,44.8570219170351
548,2023,ID,Unilever Indonesia Tbk PT,consumer_staples,79.3683732914516,100.0,6.0,71.4285714285714,33.3333333333333,0.0,0.0,8747612861.31861,0.27449,48767976.6157844,1082434946.41117,39.8284592802991,1.0,16516.7,-20.6316267085484,1.0,9.712127269251459,0.04505395615457113,20.80247892034103,0.27449,0.04505395615457113,39.8284592802991
548,2024,ID,Unilever Indonesia Tbk PT,consumer_staples,77.0302381114785,100.0,6.0,83.3333333333333,33.3333333333333,0.0,0.0,4458323000.61996,0.206,123097078.931013,997277501.55376,33.4591979498127,1.0,14662.9,-22.9697618885215,1.0,9.593075773067033,0.1234331254231922,20.72053962576113,0.206,0.1234331254231922,33.4591979498127
549,2017,PH,Universal Robina Corp,consumer_staples,40.437556142066,100.0,9.0,22.2222222222222,0.0,0.0,0.0,6139554243.88322,0.07501000000000001,768162714.428637,2954174910.4388,3.7693433134384,1.0,412076.0,-59.562443857934,0.0,12.92896307733932,0.2600261452747013,21.80648523069022,0.07501000000000001,0.2600261452747013,3.7693433134384
549,2018,PH,Universal Robina Corp,consumer_staples,38.3232375259357,100.0,9.0,22.2222222222222,0.0,0.0,0.0,4963149199.91696,0.06145,761161091.233086,2895668256.33696,3.11058554007494,0.0,412076.27,-61.6767624740643,0.0,12.92896373255804,0.2628619799824584,21.78648175253842,0.06145,0.2628619799824584,3.11058554007494
549,2020,PH,Universal Robina Corp,consumer_staples,39.3527447263337,58.3333333333333,8.0,22.2222222222222,0.0,0.0,0.0,6670002294.51728,0.06233,1002686674.98438,3669963138.24203,3.47168125844573,0.0,493243.0,-18.9805886069996,0.0,13.10875723219774,0.2732143722469874,22.02344745488671,0.06233,0.2732143722469874,3.47168125844573
549,2021,PH,Universal Robina Corp,consumer_staples,44.6252445537499,100.0,9.0,40.0,22.2222222222222,0.0,0.0,5339233534.95352,0.14779,360766015.414787,3009344419.98431,2.46266666221447,0.0,461810.0,-55.3747554462501,0.0,13.04290883006392,0.1198819294391926,21.82498809131552,0.14779,0.1198819294391926,2.46266666221447
549,2022,PH,Universal Robina Corp,consumer_staples,47.2073568847909,100.0,11.0,45.4545454545455,18.1818181818182,0.0,0.0,5215033344.9965,0.08650000000000001,457963981.53404,3052876403.9339,2.52284118830897,0.0,555316.0,-52.7926431152091,0.0,13.2272926000687,0.150010652558326,21.83935006639913,0.08650000000000001,0.150010652558326,2.52284118830897
549,2023,PH,Universal Robina Corp,consumer_staples,47.3382010310438,100.0,9.0,44.4444444444444,22.2222222222222,0.0,0.0,4646699552.56734,0.069,507911804.38001,3255248424.1713,2.18519755320386,0.0,611418.0,-52.6617989689562,0.0,13.32353612863357,0.1560285846722469,21.90353443048462,0.069,0.1560285846722469,2.18519755320386
551,2022,MY,MGB Bhd,industrials,54.3671165777862,100.0,8.0,50.0,12.5,0.0,0.0,69922580.5909091,0.01589,25893868.6363636,208353860.909091,0.606362944376763,1.0,5383.0,-45.6328834222138,0.0,8.591001118560957,0.124278324017531,19.15474844654221,0.01589,0.124278324017531,0.606362944376763
551,2023,MY,MGB Bhd,industrials,48.21221768856,100.0,6.0,42.8571428571429,16.6666666666667,0.0,0.0,86363234.2810458,0.0478,20490370.3703704,244668365.795207,0.716927415491442,1.0,5062.0,-51.78778231144,0.0,8.529516941105069,0.08374752618211913,19.31541424255363,0.0478,0.08374752618211913,0.716927415491442
551,2024,MY,MGB Bhd,industrials,61.1174709071487,100.0,7.0,57.1428571428571,28.5714285714286,1.0,0.0,96666607.3522829,0.05349,19304940.2417189,251691375.783348,0.717039503503108,1.0,7033.0,-38.8825290928513,0.0,8.858368636308018,0.07670084118550129,19.34371419564625,0.05349,0.07670084118550129,0.717039503503108
552,2022,MY,ViTro Corporation Bhd,information_technology,49.9478580853268,100.0,7.0,57.1428571428571,28.5714285714286,0.0,0.0,6569653090.90909,0.19261,16562045.4545455,258670909.090909,8.26527406543259,1.0,3084.0,-50.0521419146732,0.0,8.03398273468322,0.06402747611918287,19.37106719046954,0.19261,0.06402747611918287,8.26527406543259
552,2023,MY,ViTro Corporation Bhd,information_technology,65.9244345845125,100.0,9.0,33.3333333333333,44.4444444444444,0.0,0.0,6005762470.58824,0.1113,13696732.0261438,254121786.492375,7.18694928387141,1.0,3864.7,-34.0755654154875,1.0,8.259639338345313,0.05389829898175525,19.35332418445113,0.1113,0.05389829898175525,7.18694928387141
552,2024,MY,ViTro Corporation Bhd,information_technology,66.0808737839352,100.0,9.0,33.3333333333333,33.3333333333333,0.0,0.0,1697909568.93465,0.0761,10822291.8531782,270577887.197851,7.42669579093183,1.0,3699.5,-33.9191262160648,1.0,8.215952954365605,0.03999695601608701,19.4160705526895,0.0761,0.03999695601608701,7.42669579093183
554,2021,MY,VS Industry Bhd,information_technology,49.8834134342015,100.0,10.0,40.0,10.0,0.0,0.0,1259176109.94658,0.07642,102073257.467994,834379089.615932,2.633570472399,1.0,25282.0,-50.1165865657985,0.0,10.1378479590555,0.1223343906125197,20.54219840095323,0.07642,0.1223343906125197,2.633570472399
554,2022,MY,VS Industry Bhd,information_technology,52.1646847205467,100.0,10.0,45.4545454545455,10.0,0.0,0.0,769646670.431925,0.04480000000000001,141298561.151079,852564973.021583,1.86684409712179,1.0,85314.0,-47.8353152794533,0.0,11.35409384662443,0.1657334814615964,20.56375997890583,0.04480000000000001,0.1657334814615964,1.86684409712179
554,2023,MY,VS Industry Bhd,information_technology,57.0492962682903,100.0,10.0,45.4545454545455,10.0,1.0,0.0,688787008.429548,0.04692,194911027.290881,896946749.500777,1.60161926737891,1.0,90384.0,-42.9507037317097,0.0,11.41182253956504,0.2173050154865544,20.61450705315585,0.04692,0.2173050154865544,1.60161926737891
554,2024,MY,VS Industry Bhd,information_technology,51.3120042618046,100.0,12.0,50.0,16.6666666666667,0.0,0.0,995143999.641295,0.061,197751088.850174,888011977.351916,2.04062165579937,1.0,98681.0,-48.6879957381954,0.0,11.49964770435765,0.2226896639838969,20.6044957888744,0.061,0.2226896639838969,2.04062165579937
556,2022,MY,Wasco Bhd,energy,49.0915489840173,100.0,7.0,42.8571428571429,0.0,0.0,0.0,109188805.063636,-0.00255,233312045.454545,616693181.818182,0.827720321244702,1.0,13599.0,-50.9084510159827,0.0,9.517751539608959,0.378327590337024,20.23988218398717,-0.00255,0.378327590337024,0.827720321244702
556,2023,MY,Wasco Bhd,energy,48.8167292558726,100.0,7.0,42.8571428571429,0.0,0.0,0.0,167976874.189543,0.0383,202578867.102397,641971677.559913,1.09312271036285,1.0,25225.0,-51.1832707441274,0.0,10.13559084522181,0.3155573278129408,20.28005474473081,0.0383,0.3155573278129408,1.09312271036285
556,2024,MY,Wasco Bhd,energy,56.1647178956691,100.0,9.0,33.3333333333333,22.2222222222222,0.0,0.0,176899297.197851,0.0522,169586392.121755,646741495.076097,0.937077660880605,1.0,29512.0,-43.8352821043309,0.0,10.29255223927651,0.2622166559790648,20.28745722869439,0.0522,0.2622166559790648,0.937077660880605
557,2022,MY,WCT Holdings Bhd,industrials,33.457798532291,100.0,10.0,50.0,10.0,0.0,0.0,132829259.0,0.0154,696069772.727273,1887214545.45455,0.240936166609586,1.0,68640.47,-66.54220146770899,0.0,11.13663758145775,0.368834467921939,21.35836779345415,0.0154,0.368834467921939,0.180614324597548
557,2023,MY,WCT Holdings Bhd,industrials,47.6980238834197,100.0,8.0,50.0,12.5,1.0,0.0,157571964.107843,-0.02999,727403050.108933,1888369716.7756,0.242198158271414,1.0,92280.46,-52.3019761165803,0.0,11.43258769710405,0.3852016073160594,21.35897971006194,-0.02999,0.3852016073160594,0.242198158271414
557,2024,MY,WCT Holdings Bhd,industrials,49.7032165603369,100.0,8.0,62.5,12.5,1.0,0.0,331652584.478514,0.0314,851216427.931961,2038354744.85228,0.44920915803053,1.0,81343.54,-50.2967834396631,0.0,11.30643669953707,0.4175997480721389,21.43540882178693,0.0314,0.4175997480721389,0.44920915803053
558,2023,MY,Citaglobal Bhd,industrials,32.4366638616024,100.0,8.0,62.5,12.5,0.0,0.0,234895599.784314,-0.09124080000000001,13609150.3267974,117451633.986928,1.66827962545241,1.0,1471.4,-67.5633361383976,0.0,7.293969607498164,0.1158702511393929,18.58153718116423,-0.199,0.1158702511393929,1.66827962545241
559,2022,MY,Yinson Holdings Berhad,energy,75.9739290340691,100.0,10.0,50.0,40.0,0.0,1.0,1685894724.57273,0.03399,2269059347.87708,4517710532.48886,1.88559910768635,1.0,46141.3,-24.0260709659309,1.0,10.73946370645004,0.5022586842515181,22.23127118310541,0.03399,0.5022586842515181,1.88559910768635
559,2023,MY,Yinson Holdings Berhad,energy,85.3245784408316,100.0,11.0,54.5454545454545,36.3636363636364,0.0,1.0,1668956008.16993,0.04012,3474719695.36704,6069811719.90692,1.37057158515318,1.0,38398.1,-14.6754215591684,1.0,10.55576325818502,0.5724592220828102,22.5265934233995,0.04012,0.5724592220828102,1.37057158515318
559,2024,MY,Yinson Holdings Berhad,energy,84.0623456902411,100.0,11.0,54.5454545454545,36.3636363636364,0.0,1.0,1895090456.99194,0.0277,3625393258.42697,5795056179.77528,1.19553707498405,1.0,44560.8,-15.9376543097589,1.0,10.70460982776137,0.62560105475415,22.48027100821664,0.0277,0.62560105475415,1.19553707498405
561,2015,MY,YTL Corporation Bhd,utilities,39.7024448041918,14.2857142857143,13.0,30.7692307692308,15.3846153846154,0.0,0.0,3817172149.81014,0.01662,9937045599.15164,17682770678.685,1.10361838561439,1.0,11157900.0,25.4167305184775,0.0,16.22765832516785,0.5619620239225214,23.59585659447308,0.01662,0.5619620239225214,1.10361838561439
561,2016,MY,YTL Corporation Bhd,utilities,44.2482487071137,100.0,13.0,35.7142857142857,15.3846153846154,0.0,0.0,3644030811.68397,0.01387,9207998012.42236,16712253167.7019,1.19144261022212,0.0,11095681.0,-55.7517512928863,0.0,16.22206649146477,0.550972865239843,23.53940800994316,0.01387,0.550972865239843,1.19144261022212
561,2017,MY,YTL Corporation Bhd,utilities,49.1904418694942,100.0,13.0,30.7692307692308,15.3846153846154,0.0,0.0,3571691312.10727,0.01122,10051183640.1771,17391450244.6982,1.03922198839513,0.0,10815830.0,-50.8095581305058,0.0,16.19652135968574,0.5779382109459912,23.5792445571602,0.01122,0.5779382109459912,1.03922198839513
561,2018,MY,YTL Corporation Bhd,utilities,53.04783619319,100.0,12.0,30.7692307692308,16.6666666666667,0.0,0.0,2578313297.01985,0.00496,10348318969.787,17668246656.7608,0.859273292060742,1.0,11216140.0,-46.95216380681,0.0,16.23286437034694,0.5857015226707394,23.59503489123305,0.00496,0.5857015226707394,0.859273292060742
561,2019,MY,YTL Corporation Bhd,utilities,54.5228457888879,100.0,11.0,33.3333333333333,18.1818181818182,0.0,0.0,2551749720.93256,0.00349,11157333656.1743,18577988619.8547,0.892501346663836,1.0,11310100.0,-45.4771542111121,0.0,16.2412066897862,0.6005673641252108,23.64524330935125,0.00349,0.6005673641252108,0.892501346663836
561,2020,MY,YTL Corporation Bhd,utilities,58.2748019491699,100.0,12.0,33.3333333333333,25.0,0.0,1.0,2026951637.2726,-0.0026,10553415460.0654,16326117468.4727,0.710944743154866,1.0,3654000.0,-41.7251980508301,0.0,15.11133301592009,0.6464130544475781,23.51603196112749,-0.0026,0.6464130544475781,0.710944743154866
561,2021,MY,YTL Corporation Bhd,utilities,65.9468611662138,100.0,12.0,33.3333333333333,25.0,0.0,1.0,1483628339.0583,-0.00955,11218891807.2289,17798449638.5542,0.562747269509559,1.0,3363000.0,-34.05313883378621,0.0,15.02834399072241,0.6303297216925593,23.60237719149349,-0.00955,0.6303297216925593,0.562747269509559
561,2022,MY,YTL Corporation Bhd,utilities,60.0796737496077,100.0,12.0,33.3333333333333,25.0,1.0,1.0,1404051909.96335,0.02899,9912119609.62324,16564814798.0027,0.48995641628436,1.0,3836000.0,-39.9203262503923,0.0,15.15994071498547,0.5983839680971496,23.53054669231598,0.02899,0.5983839680971496,0.48995641628436
561,2023,MY,YTL Corporation Bhd,utilities,55.9217152593796,100.0,12.0,38.4615384615385,25.0,1.0,1.0,4386002057.38828,0.01335,10248424866.0236,17462029796.3558,0.788254655037958,1.0,4071000.0,-44.0782847406204,0.0,15.21939922748512,0.5868976851798965,23.5832946346877,0.01335,0.5868976851798965,0.788254655037958
561,2024,MY,YTL Corporation Bhd,utilities,55.6102886418352,100.0,12.0,42.8571428571429,33.3333333333333,1.0,1.0,6409582208.9052,0.02517,10306450265.1113,18831523647.9321,2.31239543430645,1.0,5031000.0,-44.3897113581648,1.0,15.43112932947346,0.5472977363806172,23.65879809232348,0.02517,0.5472977363806172,2.31239543430645
562,2016,MY,YTL Power International Bhd,utilities,30.4939569198684,100.0,13.0,30.7692307692308,15.3846153846154,0.0,0.0,2580512203.99593,0.02389,6007281739.13044,10744246211.1801,0.869749478390092,0.0,11157900.0,-69.5060430801316,0.0,16.22765832516785,0.5591161651600524,23.09763621206078,0.02389,0.5591161651600524,0.869749478390092
562,2017,MY,YTL Power International Bhd,utilities,28.5252152724322,100.0,13.0,35.7142857142857,15.3846153846154,0.0,0.0,2481449613.33809,0.01468,6648254952.22559,11307230482.405,0.851737545714894,0.0,11095681.0,-71.4747847275678,0.0,16.22206649146477,0.5879649276249239,23.14870822373749,0.01468,0.5879649276249239,0.851737545714894
562,2018,MY,YTL Power International Bhd,utilities,39.1107593174278,100.0,13.0,30.7692307692308,15.3846153846154,0.0,0.0,1563772933.60999,0.01311,6704048538.88063,11460382119.8613,0.623236260801208,0.0,10815830.0,-60.8892406825722,0.0,16.19652135968574,0.5849760041824649,23.16216189146955,0.01311,0.5849760041824649,0.623236260801208
562,2019,MY,YTL Power International Bhd,utilities,43.8927301595236,100.0,12.0,30.7692307692308,16.6666666666667,0.0,0.0,1465275092.83518,0.00996,6468222760.29056,11204110895.8838,0.497748400277115,1.0,11216140.0,-56.1072698404764,0.0,16.23286437034694,0.5773079917181894,23.13954659217853,0.00996,0.5773079917181894,0.497748400277115
562,2020,MY,YTL Power International Bhd,utilities,44.0102442619888,100.0,12.0,42.8571428571429,25.0,0.0,0.0,1442036453.02721,0.0014,6551556048.57543,11008438813.6385,0.427858712749062,1.0,11310100.0,-55.9897557380112,0.0,16.2412066897862,0.5951394343454606,23.12192798050045,0.0014,0.5951394343454606,0.427858712749062
562,2022,MY,YTL Power International Bhd,utilities,55.9256382873677,58.3333333333333,12.0,38.4615384615385,25.0,0.0,0.0,1264442626.44097,0.03209,6387523604.17612,11649001588.7426,0.380424804385076,1.0,3363000.0,-2.407695045965603,0.0,15.02834399072241,0.5483322802830516,23.1784863127485,0.03209,0.5483322802830516,0.380424804385076
562,2023,MY,YTL Power International Bhd,utilities,46.9630544926802,100.0,12.0,33.3333333333333,25.0,0.0,0.0,4305927455.34175,0.03669,6835135905.6806,12675671168.2744,0.628008180603857,1.0,3836000.0,-53.0369455073198,0.0,15.15994071498547,0.5392326619191636,23.26295033715385,0.03669,0.5392326619191636,0.628008180603857
562,2024,MY,YTL Power International Bhd,utilities,47.2601704425559,100.0,12.0,33.3333333333333,25.0,0.0,0.0,7800511545.05289,0.05502,7095009756.09756,14158381336.1612,1.96987811076579,1.0,4071000.0,-52.7398295574441,0.0,15.21939922748512,0.501117294953524,23.37357260625983,0.05502,0.501117294953524,1.96987811076579
563,2021,TH,Bangchak Sriracha PCL,energy,41.4634885058806,100.0,12.0,41.6666666666667,33.3333333333333,0.0,0.0,762966595.680864,0.06759,957798615.708697,2108173427.62564,1.32479732725084,0.0,1007742.0,-58.5365114941194,1.0,13.8232227424711,0.4543262917356051,21.4690877354111,0.06759,0.4543262917356051,1.32479732725084
563,2022,TH,Bangchak Sriracha PCL,energy,46.6947717396057,100.0,11.0,40.0,27.2727272727273,0.0,0.0,1259948303.95839,0.1222,1108697139.55504,2471581652.70153,1.60338999304105,0.0,1066498.71,-53.3052282603943,0.0,13.87989160732882,0.4485779939105766,21.62812412787607,0.1222,0.4485779939105766,1.60338999304105
563,2023,TH,Bangchak Sriracha PCL,energy,56.7079553795361,100.0,13.0,48.0,30.7692307692308,0.0,0.0,858648365.440747,0.0274,888423231.441048,2068762590.97526,1.03891599940838,0.0,969500.15,-43.2920446204639,1.0,13.78453590838376,0.4294466824355258,21.45021648334316,0.0274,0.4294466824355258,1.03891599940838
563,2024,TH,Bangchak Sriracha PCL,energy,53.6093091277066,100.0,13.0,50.0,23.0769230769231,0.0,0.0,805439727.751756,-0.02467,773935288.966725,1921588441.331,1.09264510911054,1.0,1136498.94,-46.3906908722934,0.0,13.94346298958622,0.4027580892559147,21.3764179941444,-0.02467,0.4027580892559147,1.09264510911054
564,2022,TH,Sabina PCL,consumer_discretionary,45.8087344506251,100.0,11.0,45.4545454545455,45.4545454545455,0.0,0.0,233942502.167004,0.1533,10745078.2317249,79164173.6402774,4.33517177285407,1.0,484.15,-54.1912655493749,1.0,6.18239477605754,0.1357315782837653,18.18703440141536,0.1533,0.1357315782837653,4.33517177285407
564,2023,TH,Sabina PCL,consumer_discretionary,56.0606799906973,100.0,12.0,41.6666666666667,50.0,0.0,0.0,261182866.316404,0.1646,13143162.6034935,83857163.8416303,4.79260817168212,1.0,3124.0,-43.9393200093027,1.0,8.046869510959576,0.1567327345856249,18.24462547897793,0.1646,0.1567327345856249,4.79260817168212
564,2024,TH,Sabina PCL,consumer_discretionary,58.1597121175701,100.0,13.0,38.4615384615385,53.8461538461538,0.0,0.0,206506147.540984,0.16789,10772409.8012259,77361524.6342674,3.84238840006761,1.0,3340.69,-41.8402878824299,1.0,8.113932651460974,0.1392476408932386,18.16400011721743,0.16789,0.1392476408932386,3.84238840006761
565,2023,TH,TTW PCL,utilities,42.2949479087614,100.0,12.0,33.3333333333333,16.6666666666667,0.0,0.0,1065630472.85464,0.14734,126039342.94032,590316179.767103,2.39564361699679,0.0,69438.0,-57.7050520912386,0.0,11.14818954707613,0.2135115845715871,20.19616884923238,0.14734,0.2135115845715871,2.39564361699679
565,2024,TH,TTW PCL,utilities,35.4290948286954,100.0,12.0,28.5714285714286,16.6666666666667,0.0,0.0,1062909836.06557,0.13789,106830887.974314,589627448.453006,2.31692247540412,1.0,77555.0,-64.5709051713046,0.0,11.25874264105885,0.1811837088904258,20.19500145211977,0.13789,0.1811837088904258,2.31692247540412
566,2021,TH,Premier Marketing PCL,consumer_staples,40.674803750061,100.0,10.0,45.4545454545455,50.0,0.0,0.0,177643325.434913,0.18924,6511279.74721637,77795476.2864881,3.80596132432031,0.0,1093.74,-59.325196249939,1.0,6.997358294772885,0.083697408358785,18.16959384204022,0.18924,0.083697408358785,3.80596132432031
567,2022,ID,Chandra Asri Pacific PT Tbk,materials,58.9877588872732,100.0,14.0,35.7142857142857,0.0,0.0,0.0,14284270535.5888,-0.03014,1471083000.0,4929871000.0,5.09157116964507,1.0,2428905.0,-41.0122411127268,0.0,14.7029510964743,0.2984019257299025,22.31857865833006,-0.03014,0.2984019257299025,5.09157116964507
567,2023,ID,Chandra Asri Pacific PT Tbk,materials,70.2654766457185,100.0,14.0,35.7142857142857,0.0,0.0,0.0,29502150810.8477,-0.02549,1740701000.0,5614452000.0,10.7706203318598,1.0,2061020.0,-29.73452335428151,0.0,14.53871156385268,0.3100393413284146,22.44860982464831,-0.02549,0.3100393413284146,10.7706203318598
568,2023,TH,Siamgas and Petrochemicals PCL,energy,56.8493942599198,100.0,8.0,37.5,37.5,0.0,0.0,429156567.425569,0.0259,693074050.713246,1538420562.99854,0.943984901105676,1.0,31268.82,-43.1506057400802,1.0,10.35037671389082,0.4505101318734153,21.15402211863323,0.0259,0.4505101318734153,0.943984901105676
569,2021,ID,Bumi Serpong Damai Tbk PT,real_estate,42.4961335010596,100.0,5.0,40.0,20.0,0.0,0.0,1498989097.09919,0.022,841727799.025965,4313664011.62498,0.671502814533902,1.0,127979.0,-57.5038664989404,0.0,11.75962146694203,0.1951305889280147,22.18505349862232,0.022,0.1951305889280147,0.671502814533902
569,2022,ID,Bumi Serpong Damai Tbk PT,real_estate,50.1151481687441,100.0,5.0,40.0,20.0,0.0,0.0,1251375300.16319,0.0385,769541843.748988,4175997653.76081,0.571993348601229,1.0,107806.0,-49.8848518312559,0.0,11.58808859453524,0.1842773649683342,22.1526191256877,0.0385,0.1842773649683342,0.571993348601229
569,2023,ID,Bumi Serpong Damai Tbk PT,real_estate,54.2407725116016,100.0,5.0,40.0,20.0,0.0,0.0,1485227351.54011,0.02952,768630264.772069,4340867066.34576,0.619303434534163,1.0,99335.0,-45.7592274883984,0.0,11.50625325520216,0.1770683720612341,22.19133994997668,0.02952,0.1770683720612341,0.619303434534163
569,2024,ID,Bumi Serpong Damai Tbk PT,real_estate,46.3558789811127,100.0,5.0,40.0,20.0,0.0,0.0,1240355901.57099,0.06099,898526371.539528,4724881845.04947,0.483665904886921,1.0,147128.0,-53.6441210188873,0.0,11.89905823517882,0.1901690668690405,22.27610839124072,0.06099,0.1901690668690405,0.483665904886921
570,2022,TH,Synne (Thailand) PCL,information_technology,32.8048315829045,100.0,13.0,40.0,38.4615384615385,0.0,0.0,401523368.344409,0.0665,160805075.296157,382704175.209477,3.39081167590007,0.0,649912.0,-67.1951684170955,1.0,13.38459224809111,0.4201811365348672,19.76277286021224,0.0665,0.4201811365348672,3.39081167590007
570,2023,TH,Synne (Thailand) PCL,information_technology,35.6440836966699,100.0,12.0,42.8571428571429,33.3333333333333,0.0,0.0,257225818.517221,0.0379,183132911.179039,402235255.050946,2.16340790124262,0.0,612.8,-64.3559163033301,1.0,6.418038618426381,0.4552880655770561,19.8125476869833,0.0379,0.4552880655770561,2.16340790124262
570,2024,TH,Synne (Thailand) PCL,information_technology,32.3731638982963,100.0,12.0,38.4615384615385,33.3333333333333,0.0,0.0,382007101.065574,0.0441,215468813.718622,427300664.856976,2.93480096757373,0.0,619.27,-67.6268361017037,1.0,6.428541364981557,0.5042557417755076,19.87299845656197,0.0441,0.5042557417755076,2.93480096757373
571,2019,ID,Alamtri Resources Indonesia Tbk PT,energy,39.3055605378545,100.0,5.0,50.0,20.0,0.0,0.0,3573144461.92529,0.0566,1956546000.0,7217105000.0,0.960689688620825,0.0,1978104.54,-60.6944394621455,0.0,14.49764964113323,0.2710984529115206,22.69971973991228,0.0566,0.2710984529115206,0.960689688620825
571,2020,ID,Alamtri Resources Indonesia Tbk PT,energy,50.9647882986508,100.0,5.0,40.0,20.0,0.0,0.0,3257829462.96296,0.0216,1508077000.0,6381566000.0,0.87762910900707,1.0,2144710.0,-49.0352117013492,0.0,14.57851490306896,0.2363177000754987,22.57667935872952,0.0216,0.2363177000754987,0.87762910900707
571,2021,ID,Alamtri Resources Indonesia Tbk PT,energy,60.6285718757368,100.0,5.0,40.0,20.0,0.0,0.0,5045104416.40379,0.13369,1607333000.0,7586936000.0,1.19096192538259,1.0,1162140.02,-39.3714281242632,0.0,13.96577370827397,0.2118553524110392,22.74969365778502,0.13369,0.2118553524110392,1.19096192538259
571,2022,ID,Alamtri Resources Indonesia Tbk PT,energy,68.0731489391896,60.0,5.0,40.0,20.0,0.0,0.0,7911722049.46997,0.2714,1582645000.0,10782307000.0,1.27217943533984,1.0,1156033.43,8.073148939189593,0.0,13.96050524648144,0.1467816674112507,23.10117238695209,0.2714,0.1467816674112507,1.27217943533984
571,2023,ID,Alamtri Resources Indonesia Tbk PT,energy,62.9631833830808,100.0,5.0,50.0,20.0,0.0,0.0,4944890520.2988,0.1545,1439256000.0,10472711000.0,0.704907261781514,1.0,1063329.0,-37.0368166169192,0.0,13.8769151108495,0.1374291718734528,23.07203875858918,0.1545,0.1374291718734528,0.704907261781514
571,2024,ID,Alamtri Resources Indonesia Tbk PT,energy,59.7533871151831,22.2222222222222,5.0,40.0,20.0,0.0,0.0,4633822575.13949,0.1607,579845000.0,6702127000.0,0.927113227847069,1.0,1153876.0,37.5311648929609,0.0,13.95863726793708,0.08651656406988409,22.62569077564928,0.1607,0.08651656406988409,0.927113227847069
572,2023,MY,Uzma Bhd,energy,35.3088066031334,100.0,9.0,77.7777777777778,22.2222222222222,0.0,0.0,63272957.4754902,0.02991,81697320.471597,275905251.87567,0.591537695892006,1.0,1798.0,-64.6911933968666,0.0,7.494430215031565,0.2961064347858515,19.43556807443828,0.02991,0.2961064347858515,0.591537695892006
572,2024,MY,Uzma Bhd,energy,41.5182177379133,100.0,10.0,72.7272727272727,30.0,0.0,0.0,76052952.9504253,0.03541,134723647.932132,321550583.244963,1.08077504540644,1.0,561.0,-58.4817822620867,1.0,6.329720905522696,0.4189811959678428,19.58866542439815,0.03541,0.4189811959678428,1.08077504540644
574,2014,MY,UEM Sunrise Bhd,real_estate,62.2431184815784,100.0,10.0,54.5454545454545,10.0,1.0,1.0,1830553594.32618,0.04618000000000001,674703576.537911,3178793991.41631,1.01025651906919,1.0,1995.02,-37.7568815184216,0.0,7.59840935433637,0.212251431945515,21.8797677138235,0.04618000000000001,0.212251431945515,1.01025651906919
574,2016,MY,UEM Sunrise Bhd,real_estate,72.359875673609,100.0,9.0,55.5555555555556,11.1111111111111,0.0,1.0,1062394433.90568,0.01162,828336046.381983,3015714126.4355,0.697372673137488,0.0,3346.0,-27.640124326391,0.0,8.11552088154677,0.2746732653207603,21.82710249693505,0.01162,0.2746732653207603,0.697372673137488
574,2017,MY,UEM Sunrise Bhd,real_estate,71.3742088909557,100.0,9.0,50.0,22.2222222222222,0.0,1.0,1166897497.15134,0.02,1043457467.85361,3371177299.70326,0.684993336278116,1.0,2700.05,-28.6257911090443,0.0,7.901025570339473,0.3095231650810706,21.93852786739615,0.02,0.3095231650810706,0.684993336278116
574,2018,MY,UEM Sunrise Bhd,real_estate,62.7365032732941,100.0,9.0,54.5454545454545,22.2222222222222,0.0,1.0,730604107.652542,0.01967,1134019612.5908,3419846973.36562,0.426373080686302,1.0,1994.0,-37.2634967267059,0.0,7.597897950521784,0.3315995193418734,21.95286164238992,0.01967,0.3315995193418734,0.426373080686302
574,2019,MY,UEM Sunrise Bhd,real_estate,64.6641016923214,100.0,11.0,53.8461538461538,45.4545454545455,0.0,1.0,782316558.103448,0.0162,835645634.629494,3289088774.76156,0.440356515772837,1.0,1881.0,-35.3358983076786,1.0,7.53955882930103,0.2540660018184135,21.91387639520335,0.0162,0.2540660018184135,0.440356515772837
574,2020,MY,UEM Sunrise Bhd,real_estate,68.9449339228104,100.0,11.0,58.3333333333333,36.3636363636364,0.0,1.0,622872071.988806,-0.02058,1023339054.72637,3353212189.05473,0.362806188384097,1.0,1733.0,-31.05506607718959,1.0,7.457609289715606,0.3051817174190963,21.93318458577288,-0.02058,0.3051817174190963,0.362806188384097
574,2021,MY,UEM Sunrise Bhd,real_estate,86.0060980126777,100.0,10.0,64.2857142857143,40.0,0.0,1.0,388739767.223823,-0.0162,1012000480.3074,3110569884.72623,0.241847208883152,1.0,578.0,-13.9939019873223,1.0,6.359573868672378,0.3253424670754404,21.85807178902791,-0.0162,0.3253424670754404,0.241847208883152
574,2022,MY,UEM Sunrise Bhd,real_estate,86.5065313158584,100.0,9.0,66.6666666666667,33.3333333333333,0.0,1.0,293161690.080682,0.0062,985745227.272727,2966796136.36364,0.240936166609586,1.0,4029.0,-13.4934686841416,1.0,8.301273485191347,0.3322591718354268,21.81074846553502,0.0062,0.3322591718354268,0.190555936565482
574,2023,MY,UEM Sunrise Bhd,real_estate,88.0187199727385,100.0,9.0,55.5555555555556,33.3333333333333,0.0,1.0,898182596.974946,0.00582,914707843.137255,2826477995.6427,0.602906640012805,1.0,6577.0,-11.9812800272615,1.0,8.79133399330135,0.323621073486993,21.76229724902993,0.00582,0.323621073486993,0.602906640012805
574,2024,MY,UEM Sunrise Bhd,real_estate,84.3367794324968,100.0,9.0,45.4545454545455,33.3333333333333,0.0,1.0,1222729256.64279,0.008100000000000001,906031781.557744,2857619740.37601,0.795457143234881,1.0,21856.36,-15.6632205675032,1.0,9.99224723368435,0.3170582036357738,21.77325485664891,0.008100000000000001,0.3170582036357738,0.795457143234881
575,2022,ID,Sumber Alfaria Trijaya Tbk PT,consumer_staples,44.6218125013209,100.0,4.0,50.0,25.0,0.0,0.0,7069703148.40989,0.0981,196394731.769997,1975346353.99936,9.80614576830765,1.0,1021471.0,-55.3781874986791,0.0,13.83675430321372,0.099422934804506,21.40400958903773,0.0981,0.099422934804506,9.80614576830765
575,2023,ID,Sumber Alfaria Trijaya Tbk PT,consumer_staples,42.38473200928,100.0,5.0,60.0,20.0,0.0,0.0,7903006819.16207,0.1047,120888210.457941,2224500357.25885,8.40621735049794,1.0,1138160.0,-57.61526799072,0.0,13.94492348132505,0.05434398338641132,21.52279816881222,0.1047,0.05434398338641132,8.40621735049794
575,2024,ID,Sumber Alfaria Trijaya Tbk PT,consumer_staples,35.8145957941393,100.0,4.0,60.0,25.0,0.0,0.0,7336939234.03596,0.08619,116443070.229956,2411335114.97825,7.22598519453983,1.0,1274819.0,-64.18540420586069,0.0,14.05831476571296,0.04828987456229463,21.60344642067091,0.08619,0.04828987456229463,7.22598519453983
576,2023,TH,TTCL PCL,industrials,60.5804897323353,100.0,12.0,38.4615384615385,16.6666666666667,1.0,0.0,66166963.171045,-0.0116,107929073.944687,550233811.557496,0.743505668194871,1.0,667.0,-39.4195102676647,0.0,6.502790045915623,0.1961512936458451,20.12585385777904,-0.0116,0.1961512936458451,0.743505668194871
577,2016,MY,Genting Plantations Bhd,consumer_staples,46.269263227864,100.0,7.0,71.4285714285714,0.0,0.0,0.0,1708489727.96047,0.04865999999999999,522868770.208496,1666967108.93076,1.86101352736441,0.0,176615.0,-53.730736772136,0.0,12.08172750125734,0.3136647192420484,21.23427170982501,0.04865999999999999,0.3136647192420484,1.86101352736441
577,2017,MY,Genting Plantations Bhd,consumer_staples,56.5797956593629,100.0,6.0,71.4285714285714,0.0,0.0,0.0,1881866153.82283,0.04235999999999999,791050197.823937,2095283135.5094,1.79597065895406,1.0,171059.0,-43.4202043406371,0.0,12.04976380521566,0.3775385695697966,21.46295452940333,0.04235999999999999,0.3775385695697966,1.79597065895406
577,2018,MY,Genting Plantations Bhd,consumer_staples,55.5344573263925,100.0,8.0,62.5,0.0,0.0,0.0,1754523803.83193,0.02023,674667796.61017,1896929297.82082,1.80190297447341,1.0,160595.0,-44.4655426736075,0.0,11.98664094675984,0.3556631221760473,21.36350225668328,0.02023,0.3556631221760473,1.80190297447341
577,2019,MY,Genting Plantations Bhd,consumer_staples,55.9539069935225,100.0,9.0,55.5555555555556,11.1111111111111,0.0,0.0,2117863739.3779,0.017,635171924.67596,2069014428.95574,1.82084875673855,1.0,151797.0,-44.0460930064775,0.0,11.93029938090253,0.3069925060873258,21.45033820956454,0.017,0.3069925060873258,1.82084875673855
577,2020,MY,Genting Plantations Bhd,consumer_staples,51.7040667040032,100.0,9.0,66.6666666666667,11.1111111111111,0.0,0.0,2005578455.8451,0.0294,647470646.766169,2099689800.99502,1.6807939268545,1.0,152683.0,-48.2959332959968,0.0,11.93611915560509,0.3083649053585628,21.46505545695313,0.0294,0.3083649053585628,1.6807939268545
577,2021,MY,Genting Plantations Bhd,consumer_staples,56.3566603946385,100.0,9.0,66.6666666666667,11.1111111111111,0.0,0.0,1332669207.21821,0.05019,606913544.668588,2104695004.80307,1.10424911587423,1.0,178225.0,-43.6433396053615,0.0,12.09080207598583,0.2883617546882405,21.46743640275317,0.05019,0.2883617546882405,1.10424911587423
577,2022,MY,Genting Plantations Bhd,consumer_staples,56.6560913106409,100.0,9.0,70.0,11.1111111111111,0.0,0.0,1224467942.7358,0.0537,552123181.818182,1998139545.45455,1.05965508214368,1.0,186295.75,-43.3439086893591,0.0,12.13509074366173,0.2763186300347113,21.41548235730374,0.0537,0.2763186300347113,1.05965508214368
577,2023,MY,Genting Plantations Bhd,consumer_staples,54.7328238389156,100.0,10.0,54.5454545454545,20.0,0.0,0.0,1067818170.63794,0.0292,456738779.956427,1866469063.18083,0.918622694762676,1.0,171844.0,-45.2671761610844,0.0,12.05434236749913,0.2447073937448791,21.34731428140568,0.0292,0.2447073937448791,0.918622694762676
577,2024,MY,Genting Plantations Bhd,consumer_staples,58.1294115807206,100.0,10.0,50.0,20.0,0.0,0.0,1156276004.68541,0.03549,706778200.537153,2154048567.59176,0.97917193050273,1.0,199383.0,-41.8705884192794,0.0,12.20298287710809,0.3281161860372236,21.4906149630549,0.03549,0.3281161860372236,0.97917193050273
578,2015,MY,Genting Malaysia Bhd,consumer_discretionary,41.8299154105961,100.0,9.0,66.6666666666667,0.0,0.0,0.0,5238354742.76114,0.05538000000000001,1078065268.06527,6415104895.10489,1.12450444781376,0.0,104510.0,-58.1700845894039,0.0,11.55703803958855,0.1680510740966837,22.58192118641655,0.05538000000000001,0.1680510740966837,1.12450444781376
578,2016,MY,Genting Malaysia Bhd,consumer_discretionary,58.7167075549428,100.0,9.0,66.6666666666667,0.0,0.0,0.0,5239978473.84923,0.05727,974668301.928866,6220180622.14294,1.12995547730702,1.0,90630.0,-41.2832924450572,0.0,11.41454056304883,0.1566945336698405,22.55106478220561,0.05727,0.1566945336698405,1.12995547730702
578,2017,MY,Genting Malaysia Bhd,consumer_discretionary,60.2760882934648,100.0,9.0,66.6666666666667,0.0,0.0,0.0,7240066658.93717,0.042,1724629080.11869,7410583580.61325,1.44382013649133,1.0,282086.0,-39.7239117065352,0.0,12.54996726796703,0.2327251371444584,22.72617502897158,0.042,0.2327251371444584,1.44382013649133
578,2018,MY,Genting Malaysia Bhd,consumer_discretionary,55.6217630811324,100.0,10.0,70.0,10.0,0.0,0.0,3862558578.55285,0.06416000000000001,2363268765.13317,7679878934.6247,0.830643174203118,1.0,250423.0,-44.3782369188676,0.0,12.43090676702499,0.3077221379725641,22.761869620261,0.06416000000000001,0.3077221379725641,0.830643174203118
578,2019,MY,Genting Malaysia Bhd,consumer_discretionary,53.8730101316047,100.0,9.0,77.7777777777778,11.1111111111111,0.0,0.0,4351574543.78037,0.0444,2660112496.94302,8146906334.06701,0.910827066531417,1.0,240675.0,-46.1269898683953,0.0,12.39120275464617,0.3265181147130076,22.82090410122429,0.0444,0.3265181147130076,0.910827066531417
578,2020,MY,Genting Malaysia Bhd,consumer_discretionary,61.7532651592083,100.0,10.0,70.0,10.0,0.0,0.0,3748296148.0158,-0.05429,2546865671.64179,7036592039.80099,0.956049718253642,1.0,177779.0,-38.2467348407917,0.0,12.08829648485016,0.3619459046703268,22.67438980465373,-0.05429,0.3619459046703268,0.956049718253642
578,2021,MY,Genting Malaysia Bhd,consumer_discretionary,63.8073999121709,100.0,10.0,70.0,10.0,0.0,0.0,3981708494.07608,-0.0241,3310854947.16619,7303146013.44861,1.1443094971727,1.0,136039.0,-36.1926000878291,0.0,11.82069688831493,0.4533463990818903,22.71157105301023,-0.0241,0.4533463990818903,1.1443094971727
578,2022,MY,Genting Malaysia Bhd,consumer_discretionary,67.7566457422213,100.0,12.0,75.0,16.6666666666667,0.0,0.0,3630304568.89091,-0.00365,2931818181.81818,6507045454.54546,1.20604038686678,1.0,196440.0,-32.24335425777871,0.0,12.18811232015318,0.450560581188222,22.59615134291903,-0.00365,0.450560581188222,1.20604038686678
578,2023,MY,Genting Malaysia Bhd,consumer_discretionary,65.6932124174979,100.0,10.0,41.6666666666667,10.0,0.0,0.0,3480030523.55556,0.01629,2832527233.11547,6343355119.82571,1.18855780641356,1.0,217504.0,-34.3067875825021,0.0,12.28997252014636,0.446534551449375,22.57067366412997,0.01629,0.446534551449375,1.18855780641356
578,2024,MY,Genting Malaysia Bhd,consumer_discretionary,70.8577969107213,100.0,9.0,27.2727272727273,22.2222222222222,0.0,0.0,3003576746.75022,0.03969,2980908683.97493,6393777976.72337,1.07448946125609,1.0,296710.0,-29.14220308927869,0.0,12.60051050978914,0.4662202370534238,22.57859116329075,0.03969,0.4662202370534238,1.07448946125609
579,2022,TH,Jaymart Group Holdings PCL,information_technology,39.923220418559,100.0,7.0,57.1428571428571,28.5714285714286,0.0,0.0,1680101519.81364,0.0357,650513175.296157,1600726619.15631,3.06607441309972,0.0,1130.4,-60.076779581441,0.0,7.030326831370318,0.4063861795707633,21.19372350007585,0.0357,0.4063861795707633,3.06607441309972
580,2022,TH,Siam Global House PCL,consumer_discretionary,32.4288784050342,100.0,13.0,28.5714285714286,15.3846153846154,0.0,0.0,3372112859.63275,0.08892,411945137.619185,1131124301.35799,5.1265952697137,1.0,48323.0,-67.5711215949658,0.0,10.78566291677415,0.3641908648984178,20.84647793198303,0.08892,0.3641908648984178,5.1265952697137
580,2023,TH,Siam Global House PCL,consumer_discretionary,40.7626095502841,100.0,13.0,30.7692307692308,15.3846153846154,1.0,0.0,2511120030.92462,0.06831999999999999,350261380.291121,1142461115.95342,3.69651133278049,1.0,48140.0,-59.2373904497159,0.0,10.78186871133706,0.3065849466559891,20.85645064597702,0.06831999999999999,0.3065849466559891,3.69651133278049
580,2024,TH,Siam Global House PCL,consumer_discretionary,39.2659538785425,100.0,13.0,30.7692307692308,15.3846153846154,1.0,0.0,2116682297.51638,0.06037,315063667.659078,1153048621.36602,2.93177375146377,1.0,62340.0,-60.7340461214575,0.0,11.04035855332133,0.2732440435042723,20.8656752467857,0.06037,0.2732440435042723,2.93177375146377
581,2022,MY,Rohas Tecnic Bhd,industrials,36.2207517406391,100.0,10.0,50.0,30.0,0.0,0.0,29003992.2204546,0.03109,25106517.7272727,150168625.0,0.388746008663389,1.0,3666.0,-63.7792482593609,1.0,8.20685642839965,0.1671888367311927,18.82726938732501,0.03109,0.1671888367311927,0.388746008663389
582,2021,MY,Heineken Malaysia Bhd,consumer_staples,47.3717680304356,100.0,7.0,44.4444444444444,42.8571428571429,0.0,0.0,1511940999.03939,0.2305,40448847.2622478,261328770.413064,15.9113070289833,1.0,15540.0,-52.6282319695644,1.0,9.651172623921639,0.1547814547870606,19.38128982934005,0.2305,0.1547814547870606,15.9113070289833
582,2022,MY,Heineken Malaysia Bhd,consumer_staples,50.552849586375,100.0,7.0,42.8571428571429,42.8571428571429,0.0,0.0,1730197636.36364,0.32929,39988409.0909091,320050227.272727,15.5856747732126,1.0,18956.0,-49.447150413625,1.0,9.849875783087478,0.1249441671442197,19.58398850166835,0.32929,0.1249441671442197,15.5856747732126
582,2023,MY,Heineken Malaysia Bhd,consumer_staples,51.9820118081056,100.0,7.0,44.4444444444444,42.8571428571429,0.0,0.0,1588811703.7037,0.29039,31356644.8801743,271771023.965142,15.899478756061,1.0,16975.0,-48.0179881918944,1.0,9.739496952426897,0.115378911344854,19.42047044607019,0.29039,0.115378911344854,15.899478756061
582,2024,MY,Heineken Malaysia Bhd,consumer_staples,53.2340466350355,100.0,7.0,37.5,42.8571428571429,0.0,0.0,1630842381.37869,0.3684360000000003,20216204.1181737,286523724.261414,13.5102732609236,1.0,16286.0,-46.7659533649645,1.0,9.698061122027077,0.0705568244664067,19.4733318978859,0.3693,0.0705568244664067,13.5102732609236
584,2023,MY,Hetar Global Bhd,materials,30.3851844889889,100.0,6.0,50.0,16.6666666666667,0.0,1.0,665125911.830065,0.07735,91470405.2287582,191427610.675381,11.7285243179977,0.0,1360.0,-69.6148155110111,0.0,7.215239978730097,0.4778328732518729,19.07002028298137,0.07735,0.4778328732518729,11.7285243179977
585,2021,MY,Kelington Group Bhd,industrials,70.7998259065101,100.0,10.0,50.0,10.0,0.0,0.0,266528520.038425,0.08359,13573727.1853987,97014409.221902,5.76952768733176,1.0,12958.0,-29.20017409348991,0.0,9.469468637009902,0.139914547686946,18.3903700741148,0.08359,0.139914547686946,5.76952768733176
585,2022,MY,Kelington Group Bhd,industrials,72.1551132892928,100.0,10.0,54.5454545454545,10.0,1.0,0.0,200906437.327273,0.0754,55690681.8181818,239918409.090909,3.6812514813685,1.0,14177.0,-27.8448867107072,0.0,9.559376212117632,0.2321234207462575,19.29580946138483,0.0754,0.2321234207462575,3.6812514813685
585,2023,MY,Kelington Group Bhd,industrials,72.8590255771669,100.0,12.0,61.5384615384615,18.1818181818182,1.0,0.0,305897423.191721,0.09630000000000001,41004793.0283224,233404793.028322,4.20693215327304,1.0,16302.0,-27.1409744228331,0.0,9.699043078654404,0.1756810239254459,19.26828481328849,0.09630000000000001,0.1756810239254459,4.20693215327304
585,2024,MY,Kelington Group Bhd,industrials,71.5105797902917,100.0,10.0,58.3333333333333,30.0,1.0,0.0,573921671.159355,0.1105,41467994.6284691,257427260.519248,5.40100727393735,1.0,19067.85,-28.4894202097083,1.0,9.855758949711017,0.1610862600364289,19.36624775474171,0.1105,0.1610862600364289,5.40100727393735
586,2014,MY,Mais Bhd,communication_services,53.05000031094,76.5957446808511,10.0,33.3333333333333,0.0,1.0,1.0,14645309266.6203,0.10779,2582820886.9814,5181575965.66524,10.8549227639153,0.0,199122.0,-23.5457443699111,0.0,12.20167298118549,0.4984624184024296,22.36837508742197,0.10779,0.4984624184024296,10.8549227639153
586,2015,MY,Mais Bhd,communication_services,44.6379105601448,80.4878048780488,11.0,30.7692307692308,9.09090909090909,1.0,1.0,11849532769.7998,0.10568,2309245687.64569,4425395104.8951,12.1323482781716,1.0,193956.0,-35.849894317904,0.0,12.17538660819781,0.5218168396063313,22.21062540066209,0.10568,0.5218168396063313,12.1323482781716
586,2016,MY,Mais Bhd,communication_services,38.7293947314753,100.0,9.0,33.3333333333333,11.1111111111111,0.0,1.0,9969151200.61253,0.10164,2199581224.21675,4380216077.60063,9.46994675562808,0.0,198659.0,-61.2706052685247,0.0,12.19934506603071,0.5021627210275947,22.20036389290348,0.10164,0.5021627210275947,9.46994675562808
586,2017,MY,Mais Bhd,communication_services,43.0100106829406,90.7894736842105,11.0,38.4615384615385,9.09090909090909,0.0,1.0,11554702083.4522,0.10727,1890527695.35114,4731563303.65974,6.72719904054603,1.0,209520.0,-47.7794630012699,0.0,12.25257447918159,0.3995566737718306,22.27752149301777,0.10727,0.3995566737718306,6.72719904054603
586,2018,MY,Mais Bhd,communication_services,40.2045631218982,33.3333333333333,11.0,36.3636363636364,9.09090909090909,0.0,0.0,10079463067.5658,0.09115999999999999,1849931719.12833,4795777481.84019,5.82234285521537,1.0,219228.0,6.871229788564897,0.0,12.29786756312457,0.3857417751622813,22.29100167642152,0.09115999999999999,0.3857417751622813,5.82234285521537
586,2019,MY,Mais Bhd,communication_services,34.9587234520709,100.0,9.0,25.0,11.1111111111111,0.0,0.0,10128425870.6703,0.0737,2426999266.32428,5459280997.79897,5.91560286855744,1.0,200356.0,-65.0412765479291,0.0,12.20785106320758,0.4445639027012491,22.42058293264714,0.0737,0.4445639027012491,5.91560286855744
586,2020,MY,Mais Bhd,communication_services,40.8552603444855,100.0,9.0,44.4444444444444,11.1111111111111,0.0,0.0,9782587627.3942,0.0637,2428606965.17413,5455721393.03483,5.5781561143023,1.0,247933.0,-59.1447396555145,0.0,12.42091382735666,0.4451486412547873,22.41993069185729,0.0637,0.4451486412547873,5.5781561143023
586,2021,MY,Mais Bhd,communication_services,45.8016957160969,100.0,9.0,55.5555555555556,11.1111111111111,0.0,0.0,9093645759.59057,0.059,2423150816.52257,5389769452.44957,5.63062260666165,1.0,207762.0,-54.1983042839031,0.0,12.2441484727824,0.4495833890299861,22.40776844775207,0.059,0.4495833890299861,5.63062260666165
586,2022,MY,Mais Bhd,communication_services,53.826824956614,100.0,9.0,55.5555555555556,11.1111111111111,0.0,0.0,6833584328.72727,0.052,2242045454.54546,5237500000.0,4.93804747025784,1.0,278110.0,-46.173175043386,0.0,12.53577199786396,0.4280755044478206,22.37911012219467,0.052,0.4280755044478206,4.93804747025784
586,2023,MY,Mais Bhd,communication_services,54.4892078027124,100.0,10.0,36.3636363636364,20.0,0.0,0.0,6569389297.05882,0.04346,2128976034.85839,4963180827.88671,5.25047829940798,1.0,290912.0,-45.5107921972876,0.0,12.58077609492159,0.4289539528554502,22.32531266808578,0.04346,0.4289539528554502,5.25047829940798
586,2024,MY,Mais Bhd,communication_services,46.5907701017103,79.6296296296296,10.0,45.4545454545455,20.0,0.0,0.0,6399035086.50403,0.0619,2079006266.78603,4996195165.6222,4.84181012133785,1.0,324117.0,-33.03885952791931,0.0,12.68885984070065,0.4161179052994663,22.33194249282269,0.0619,0.4161179052994663,4.84181012133785
587,2024,SG,Q & M Dental Group (Singapore) Ltd,health_care,51.1848068877618,100.0,7.0,71.4285714285714,14.2857142857143,0.0,0.0,198097199.794902,0.0516,84515089.3641957,181492089.071198,2.50258340397476,1.0,1159.59,-48.8151931122382,0.0,7.055821773346985,0.4656681720768615,19.01672262433468,0.0516,0.4656681720768615,2.50258340397476
588,2021,ID,Elang Mahkota Teknologi Tbk PT,communication_services,58.9443234068119,100.0,6.0,42.8571428571429,0.0,0.0,0.0,9788376682.87697,0.20192,58383165.1929825,2678492008.0,4.84528486979559,1.0,245.0,-41.0556765931881,0.0,5.501258210544727,0.02179702796148216,21.70851978952127,0.20192,0.02179702796148216,4.84528486979559
588,2022,ID,Elang Mahkota Teknologi Tbk PT,communication_services,72.9656598671729,100.0,5.0,33.3333333333333,0.0,0.0,0.0,4052618312.07774,0.13179,76126715.7725667,2856988462.38355,1.75425785252634,1.0,221.6,-27.0343401328271,0.0,5.400873954873129,0.02664579041003726,21.77303392181922,0.13179,0.02664579041003726,1.75425785252634
588,2024,ID,Elang Mahkota Teknologi Tbk PT,communication_services,88.5613461412803,100.0,5.0,60.0,20.0,0.0,0.0,1872581632.33949,0.03307,76322374.145432,2860112243.62958,0.8480214455735,1.0,26.8,-11.4386538587197,0.0,3.288401887516811,0.02668509752210854,21.77412670703239,0.03307,0.02668509752210854,0.8480214455735
589,2014,TH,Indorama Ventures PCL,materials,53.2826991007556,100.0,14.0,50.0,7.14285714285714,1.0,0.0,2960365185.6621,0.00773,2227768085.10638,5912878328.26748,1.68601052889812,1.0,3293945.0,-46.7173008992444,0.0,15.00759649255543,0.3767654197205735,22.50039857658498,0.00773,0.3767654197205735,1.68601052889812
589,2015,TH,Indorama Ventures PCL,materials,50.1337679578937,100.0,16.0,56.25,6.25,0.0,0.0,2842128493.61142,0.03169,2321106496.39089,6153265269.29484,1.57878590980292,1.0,3654718.0,-49.8662320421063,0.0,15.11152949360669,0.37721541243693,22.5402487159638,0.03169,0.37721541243693,1.57878590980292
589,2016,TH,Indorama Ventures PCL,materials,63.4267922484319,100.0,14.0,50.0,7.14285714285714,0.0,0.0,4499947428.9202,0.06748,2848927148.4375,7209276757.8125,2.17410729493387,1.0,4068608.0,-36.5732077515681,0.0,15.21881148417638,0.3951751672385436,22.69863447222878,0.06748,0.3951751672385436,2.17410729493387
589,2017,TH,Indorama Ventures PCL,materials,61.3999723378458,100.0,14.0,50.0,7.14285714285714,0.0,0.0,8581203032.28111,0.07335,2942705683.56375,8674604239.63134,2.73338637125359,1.0,5089356.0,-38.6000276621542,0.0,15.44266185792873,0.3392322695391128,22.8836655409469,0.07335,0.3392322695391128,2.73338637125359
589,2018,TH,Indorama Ventures PCL,materials,62.4404332556171,100.0,14.0,50.0,7.14285714285714,0.0,0.0,9360462231.37677,0.08381,4230263563.25394,11728884348.9019,2.3436498691681,1.0,5528000.0,-37.5595667443829,0.0,15.52533664442964,0.360670583613521,23.18532038416791,0.08381,0.360670583613521,2.3436498691681
589,2019,TH,Indorama Ventures PCL,materials,70.5402917749058,100.0,14.0,50.0,7.14285714285714,0.0,0.0,6563437434.20174,0.045,4937878293.01075,12787900100.8065,1.70158630978113,1.0,5913464.0,-29.4597082250942,0.0,15.5927423428895,0.386136758504966,23.2717652561653,0.045,0.386136758504966,1.70158630978113
589,2020,TH,Indorama Ventures PCL,materials,70.9838447388583,100.0,16.0,50.0,6.25,0.0,0.0,6938491001.87041,0.02319,7055940512.6498,15085602729.6937,1.85895287184044,1.0,7089441.0,-29.01615526114171,0.0,15.77411705195854,0.4677267881886655,23.43700666432395,0.02319,0.4677267881886655,1.85895287184044
589,2021,TH,Indorama Ventures PCL,materials,71.2042733703891,100.0,17.0,55.5555555555556,11.7647058823529,0.0,0.0,7283424415.74685,0.0528,6747706981.64309,16305393921.1556,1.6879102427312,1.0,9461807.0,-28.7957266296109,0.0,16.06277393758621,0.4138328098217982,23.51476180542702,0.0528,0.4138328098217982,1.6879102427312
589,2022,TH,Indorama Ventures PCL,materials,71.9315950197208,100.0,16.0,55.5555555555556,12.5,0.0,0.0,6610603590.03178,0.0532,7347972551.28576,18025957555.6198,1.33730669371897,1.0,9790078.0,-28.0684049802792,0.0,16.09687998178854,0.4076328554870554,23.61507864245785,0.0532,0.4076328554870554,1.33730669371897
589,2023,TH,Indorama Ventures PCL,materials,75.7720355066473,14.7058823529412,15.0,50.0,13.3333333333333,1.0,0.0,4465748379.83071,0.00065,7404134206.69578,17179969927.2198,1.02367900672469,1.0,9801401.0,61.0661531537061,0.0,16.09803589260678,0.4309748060131777,23.56701000304813,0.00065,0.4309748060131777,1.02367900672469
589,2024,TH,Indorama Ventures PCL,materials,72.6674947783303,72.8260869565217,12.0,46.6666666666667,16.6666666666667,1.0,0.0,4092574429.42623,0.0075,7648121249.27029,15807113514.3024,1.25886402393999,1.0,9580940.0,-0.1585921781914124,0.0,16.07528626621908,0.4838404710860215,23.48372589808383,0.0075,0.4838404710860215,1.25886402393999
590,2022,MY,Homeritz Corporation Bhd,consumer_discretionary,33.9880717814472,100.0,5.0,60.0,20.0,0.0,0.0,53217237.2594891,0.1583,130580.464908359,63535010.2816272,0.833995026275422,0.0,2371.0,-66.0119282185528,0.0,7.771067086065406,0.002055252125238417,17.96710165494695,0.1583,0.002055252125238417,0.833995026275422
590,2023,MY,Homeritz Corporation Bhd,consumer_discretionary,30.7946770175585,100.0,5.0,71.4285714285714,40.0,0.0,0.0,48180906.4520889,0.08839000000000001,62538.9260297606,65567655.5962907,0.739842313138513,0.0,2711.0,-69.2053229824415,1.0,7.905072849498666,0.001473925181377779,17.99859307738817,0.08839000000000001,0.0009538075665663813,0.739842313138513
590,2024,MY,Homeritz Corporation Bhd,consumer_discretionary,39.337599757334,100.0,5.0,66.6666666666667,40.0,0.0,0.0,60653155.0850492,0.10595,119194.766095415,78209344.1408059,0.816382210448675,0.0,4689.0,-60.662400242666,1.0,8.452974619089586,0.001524047636569105,18.17489968866878,0.10595,0.001524047636569105,0.816382210448675
591,2022,ID,Sarana Menara Nusantara Tbk PT,communication_services,42.5188834178372,100.0,5.0,60.0,0.0,0.0,0.0,3605273851.59011,0.05237,2889313716.67202,4216198907.80598,3.80393563503884,1.0,1122.18,-57.4811165821628,0.0,7.023028501022964,0.6637159521299296,22.16219982634343,0.05237,0.6852887588682472,3.80393563503884
591,2023,ID,Sarana Menara Nusantara Tbk PT,communication_services,52.8264606977124,100.0,5.0,66.6666666666667,0.0,0.0,0.0,3280576729.45762,0.04854,2920922507.30757,4444231633.64729,2.99586028237538,1.0,1291.28,-47.1735393022876,0.0,7.163389253465025,0.6572390343458377,22.21487283014837,0.04854,0.6572390343458377,2.99586028237538
591,2024,ID,Sarana Menara Nusantara Tbk PT,communication_services,49.2294026750295,100.0,5.0,60.0,0.0,0.0,0.0,2071579626.47241,0.04559999999999999,3252711932.87756,4837065257.92418,1.71604319629081,1.0,2534.24,-50.7705973249705,0.0,7.83764906831411,0.6637159521299296,22.29957402210088,0.04559999999999999,0.6724556646303046,1.71604319629081
592,2024,MY,VSTECS Bhd,information_technology,44.2626498608604,100.0,7.0,57.1428571428571,42.8571428571429,0.0,0.0,324567878.2453,0.08380000000000001,985899.731423456,196491047.448523,2.86721557964885,1.0,560.66,-55.7373501391396,1.0,6.329114661187669,0.005017530031141715,19.09612742817729,0.08380000000000001,0.005017530031141715,2.86721557964885
593,2022,MY,Sunway Real Estate Investment Trust,real_estate,72.878338250839,100.0,7.0,57.1428571428571,42.8571428571429,1.0,1.0,1136413464.09091,0.03536,804008636.363636,2139402500.0,0.963756387737625,1.0,42252.4,-27.12166174916101,1.0,10.65141643590572,0.3758098984943862,21.48379242138755,0.03536,0.3758098984943862,0.963756387737625
593,2023,MY,Sunway Real Estate Investment Trust,real_estate,71.6127705792062,100.0,7.0,66.6666666666667,42.8571428571429,1.0,1.0,1149064021.35076,0.03367,792550326.797386,2078131372.54902,1.01890175377997,1.0,56838.0,-28.3872294207938,1.0,10.94796039510359,0.3813764313779883,21.45473494829355,0.03367,0.3813764313779883,1.01890175377997
593,2024,MY,Sunway Real Estate Investment Trust,real_estate,72.8451527178271,100.0,7.0,50.0,42.8571428571429,1.0,1.0,1418060484.55685,0.0338,999893017.009848,2417770590.8684,1.17936859919918,1.0,45170.0,-27.1548472821729,1.0,10.71818842864865,0.4135599220150629,21.60611170906666,0.0338,0.4135599220150629,1.17936859919918
594,2023,ID,PT Trimegah Bangun Persada Tbk,materials,38.6009269467049,100.0,2.0,50.0,0.0,0.0,0.0,4098642416.36895,0.1407,557628710.620331,2941800974.34232,2.68535396729634,1.0,3011259.0,-61.3990730532951,0.0,14.91786882169878,0.1895535134714532,21.80228780705563,0.1407,0.1895535134714532,2.68535396729634
594,2024,ID,PT Trimegah Bangun Persada Tbk,materials,43.8317952998609,100.0,3.0,66.6666666666667,0.0,0.0,0.0,2953468257.90453,0.1308,672273958.980733,3247597141.08142,1.56265275937559,1.0,7981627.0,-56.1682047001391,0.0,15.89265283335611,0.2070065743304824,21.90118121863484,0.1308,0.2070065743304824,1.56265275937559
